2026-08-30T06:45:31.4589447Z State: Starting, Action: EstablishingSiteNetworks, LastError: , LastErrorTimestamp: 01/01/0001 00:00:00, LastErrorDetails: , Details: , DetailsLevel: INFO
2026-08-30T06:45:33.8099052Z State: Starting, Action: StartingMsiContainer, LastError: , LastErrorTimestamp: 01/01/0001 00:00:00, LastErrorDetails: , Details: , DetailsLevel: INFO
2026-08-30T06:45:46.7721765Z State: Starting, Action: StartingSiteContainers, LastError: , LastErrorTimestamp: 01/01/0001 00:00:00, LastErrorDetails: , Details: , DetailsLevel: INFO
2026-08-30T06:45:46.7729039Z Container start method called.
2026-08-30T06:45:46.7805675Z State: Starting, Action: PullingImage, LastError: , LastErrorTimestamp: 01/01/0001 00:00:00, LastErrorDetails: , Details: Pulling image 10.1.0.4:13209/appsvc/node:20-lts_20260710.8.tuxprod for app-devopsapp-task5., DetailsLevel: INFO
2026-08-30T06:45:46.7808958Z Establishing network.
2026-08-30T06:45:46.7811331Z Pulling image: appsvc/node:20-lts_20260710.8.tuxprod.
2026-08-30T06:45:46.9524797Z Container is starting.
2026-08-30T06:45:46.9528806Z State: Starting, Action: MountingVolumes, LastError: , LastErrorTimestamp: 01/01/0001 00:00:00, LastErrorDetails: , Details: Mounting volumes for app-devopsapp-task5., DetailsLevel: INFO
2026-08-30T06:45:46.9531382Z Establishing user namespace if not established already.
2026-08-30T06:45:46.9533750Z Establishing network if not established already.
2026-08-30T06:45:46.9536393Z Mounting volumes.
2026-08-30T06:45:46.9541520Z Nested mountpoint site/wwwroot
2026-08-30T06:45:46.9921521Z Nested mountpoint volatile/logs
2026-08-30T06:45:47.0033225Z Nested mountpoint 
2026-08-30T06:45:47.0437473Z Nested mountpoint 
2026-08-30T06:45:47.0836435Z Nested mountpoint 
2026-08-30T06:45:47.1143673Z Nested mountpoint 
2026-08-30T06:45:47.1326548Z Nested mountpoint 
2026-08-30T06:45:47.3149433Z Skipping optional volume mount 'Package' at /home/site/wwwroot.
2026-08-30T06:45:47.4254084Z State: Starting, Action: CreatingContainer, LastError: , LastErrorTimestamp: 01/01/0001 00:00:00, LastErrorDetails: , Details: Finished pulling container image and mounting volumes for app-devopsapp-task5. Allocatinng the rest of the container resources to finish container creation., DetailsLevel: INFO
2026-08-30T06:45:47.4330501Z Creating container.
2026-08-30T06:45:47.4334614Z Creating pipes for streaming container io.
2026-08-30T06:45:47.4338280Z Creating stdout named pipe at /podr/container/pipe/0d658089eb3e_app-devopsapp-task5/stdout_ed5ce30af4434eebab88ab64aaa19415.
2026-08-30T06:45:47.4342217Z Successfully created stdout named pipe at: /podr/container/pipe/0d658089eb3e_app-devopsapp-task5/stdout_ed5ce30af4434eebab88ab64aaa19415.
2026-08-30T06:45:47.4345586Z Opening named pipe /podr/container/pipe/0d658089eb3e_app-devopsapp-task5/stdout_ed5ce30af4434eebab88ab64aaa19415 for reading in non-blocking mode.
2026-08-30T06:45:47.4349386Z Successfully opened named pipe: /podr/container/pipe/0d658089eb3e_app-devopsapp-task5/stdout_ed5ce30af4434eebab88ab64aaa19415.
2026-08-30T06:45:47.4352033Z Successfully removed non-blocking flag from /podr/container/pipe/0d658089eb3e_app-devopsapp-task5/stdout_ed5ce30af4434eebab88ab64aaa19415.
2026-08-30T06:45:47.4431905Z Creating stderr named pipe at /podr/container/pipe/0d658089eb3e_app-devopsapp-task5/stderr_e9e0acf24b774209b291300140cfa08d.
2026-08-30T06:45:47.4436050Z Successfully created stderr named pipe at: /podr/container/pipe/0d658089eb3e_app-devopsapp-task5/stderr_e9e0acf24b774209b291300140cfa08d.
2026-08-30T06:45:47.4440387Z Opening named pipe /podr/container/pipe/0d658089eb3e_app-devopsapp-task5/stderr_e9e0acf24b774209b291300140cfa08d for reading in non-blocking mode.
2026-08-30T06:45:47.4443087Z Successfully opened named pipe: /podr/container/pipe/0d658089eb3e_app-devopsapp-task5/stderr_e9e0acf24b774209b291300140cfa08d.
2026-08-30T06:45:47.4445565Z Successfully removed non-blocking flag from /podr/container/pipe/0d658089eb3e_app-devopsapp-task5/stderr_e9e0acf24b774209b291300140cfa08d.
2026-08-30T06:45:47.4448444Z Creating container with image: appsvc/node:20-lts_20260710.8.tuxprod from registry: 10.1.0.4:13209 and fully qualified image name: 10.1.0.4:13209/appsvc/node:20-lts_20260710.8.tuxprod
2026-08-30T06:45:47.7747447Z Starting container: 0d658089eb3e_app-devopsapp-task5.
2026-08-30T06:45:47.8134502Z Starting watchers and probes.
2026-08-30T06:45:47.8435761Z Starting metrics collection.
2026-08-30T06:45:47.8439872Z Container is running.
2026-08-30T06:45:47.8441636Z State: Starting, Action: CreatingContainer, LastError: , LastErrorTimestamp: 01/01/0001 00:00:00, LastErrorDetails: , Details: Container app-devopsapp-task5 successfully created and is running., DetailsLevel: INFO
2026-08-30T06:45:47.9052398Z Container start method finished after 1132 ms.
2026-08-30T06:45:47.9340929Z State: Starting, Action: InitiatingSiteWarmUpProbe, LastError: , LastErrorTimestamp: 01/01/0001 00:00:00, LastErrorDetails: , Details: Container app-devopsapp-task5 successfully created and is running., DetailsLevel: INFO
2026-08-30T06:45:47.9627093Z State: Starting, Action: WaitingForSiteWarmUpProbeSuccess, LastError: , LastErrorTimestamp: 01/01/0001 00:00:00, LastErrorDetails: , Details: Pinging warmup path to ensure container is ready to receive requests., DetailsLevel: INFO
2026-08-30T06:46:09.1127961Z Site startup probe succeeded after 21.0681379 seconds.
2026-08-30T06:46:09.2822229Z State: Starting, Action: WarmUpProbeSucceeded, LastError: , LastErrorTimestamp: 01/01/0001 00:00:00, LastErrorDetails: , Details: Site startup probe succeeded after 21.0681379 seconds., DetailsLevel: INFO
2026-08-30T06:46:09.6371236Z Site started.
2026-08-30T06:46:09.6378552Z State: Started, Action: None, LastError: , LastErrorTimestamp: 01/01/0001 00:00:00, LastErrorDetails: , Details: Site started at 08/30/2026 06:46:09 (UTC), DetailsLevel: INFO
2026-08-30T06:46:09.7680343Z Site is running with patch version NODE-20.20.2
2026-08-30T06:59:41.0504168Z State: Starting, Action: EstablishingSiteNetworks, LastError: , LastErrorTimestamp: 01/01/0001 00:00:00, LastErrorDetails: , Details: , DetailsLevel: INFO
2026-08-30T06:59:52.7077000Z State: Starting, Action: EstablishingSiteNetworks, LastError: VNETFailure, LastErrorTimestamp: 08/30/2026 06:59:52, LastErrorDetails: There was an issue setting up VNet., Details: , DetailsLevel: ERR
2026-08-30T06:59:52.7155605Z Failed to start site. Revert by stopping site.
2026-08-30T06:59:52.7266719Z State: Stopping, Action: StoppingSite, LastError: VNETFailure, LastErrorTimestamp: 08/30/2026 06:59:52, LastErrorDetails: There was an issue setting up VNet., Details: , DetailsLevel: ERR
2026-08-30T06:59:52.7356098Z State: Stopping, Action: StoppingSiteContainers, LastError: VNETFailure, LastErrorTimestamp: 08/30/2026 06:59:52, LastErrorDetails: There was an issue setting up VNet., Details: , DetailsLevel: ERR
2026-08-30T06:59:52.7363569Z Site: app-devopsapp-task5 stopped.
2026-08-30T07:00:13.5365067Z State: Stopping, Action: StoppingSite, LastError: , LastErrorTimestamp: 01/01/0001 00:00:00, LastErrorDetails: , Details: Site started at 08/30/2026 06:46:09 (UTC), DetailsLevel: INFO
2026-08-30T07:00:13.5467726Z State: Stopping, Action: StoppingSiteContainers, LastError: , LastErrorTimestamp: 01/01/0001 00:00:00, LastErrorDetails: , Details: Site started at 08/30/2026 06:46:09 (UTC), DetailsLevel: INFO
2026-08-30T07:00:13.5472558Z Container is terminating. Grace period: 5 seconds.
2026-08-30T07:00:13.6042042Z Stop and delete container. Retry count = 0
2026-08-30T07:00:13.6051415Z Stopping container: 0d658089eb3e_app-devopsapp-task5.
2026-08-30T07:00:18.7053745Z Deleting container: 0d658089eb3e_app-devopsapp-task5. Retry count = 0
2026-08-30T07:00:18.8976543Z Container spec TerminationMessagePolicy  path 
2026-08-30T07:00:18.9055396Z Container is terminated. Total time elapsed: 5349 ms.
2026-08-30T07:00:19.2281168Z Site: app-devopsapp-task5 stopped.
2026-08-30T06:59:52.7755079Z State: Stopping, Action: UnmountingVolumes, LastError: VNETFailure, LastErrorTimestamp: 08/30/2026 06:59:52, LastErrorDetails: There was an issue setting up VNet., Details: , DetailsLevel: ERR
2026-08-30T06:59:53.0255676Z State: Stopping, Action: StoppingSiteNetworks, LastError: VNETFailure, LastErrorTimestamp: 08/30/2026 06:59:52, LastErrorDetails: There was an issue setting up VNet., Details: , DetailsLevel: ERR
2026-08-30T06:59:53.1657451Z State: Stopped, Action: None, LastError: VNETFailure, LastErrorTimestamp: 08/30/2026 06:59:52, LastErrorDetails: There was an issue setting up VNet., Details: Site stopped at 08/30/2026 06:59:53 (UTC), DetailsLevel: ERR
2026-08-30T07:04:49.2903420Z State: Starting, Action: EstablishingSiteNetworks, LastError: VNETFailure, LastErrorTimestamp: 08/30/2026 06:59:52, LastErrorDetails: There was an issue setting up VNet., Details: Site stopped at 08/30/2026 06:59:53 (UTC), DetailsLevel: ERR
2026-08-30T07:04:54.6252464Z State: Starting, Action: StartingMsiContainer, LastError: VNETFailure, LastErrorTimestamp: 08/30/2026 06:59:52, LastErrorDetails: There was an issue setting up VNet., Details: Site stopped at 08/30/2026 06:59:53 (UTC), DetailsLevel: ERR
2026-08-30T07:05:05.2358321Z State: Starting, Action: StartingSiteContainers, LastError: VNETFailure, LastErrorTimestamp: 08/30/2026 06:59:52, LastErrorDetails: There was an issue setting up VNet., Details: Site stopped at 08/30/2026 06:59:53 (UTC), DetailsLevel: ERR
2026-08-30T07:05:05.2363372Z Container start method called.
2026-08-30T07:05:05.2365068Z State: Starting, Action: PullingImage, LastError: VNETFailure, LastErrorTimestamp: 08/30/2026 06:59:52, LastErrorDetails: There was an issue setting up VNet., Details: Pulling image 10.1.0.6:13209/appsvc/node:20-lts_20260710.8.tuxprod for app-devopsapp-task5., DetailsLevel: INFO
2026-08-30T07:05:05.2366427Z Establishing network.
2026-08-30T07:05:05.2368890Z Pulling image: appsvc/node:20-lts_20260710.8.tuxprod.
2026-08-30T07:05:05.4873117Z Image appsvc/node:20-lts_20260710.8.tuxprod is pulled from registry 10.1.0.6:13209
2026-08-30T07:05:05.4873892Z Container is starting.
2026-08-30T07:05:05.4874547Z State: Starting, Action: MountingVolumes, LastError: VNETFailure, LastErrorTimestamp: 08/30/2026 06:59:52, LastErrorDetails: There was an issue setting up VNet., Details: Mounting volumes for app-devopsapp-task5., DetailsLevel: INFO
2026-08-30T07:05:05.4875038Z Establishing user namespace if not established already.
2026-08-30T07:05:05.4875479Z Establishing network if not established already.
2026-08-30T07:05:05.4875991Z Mounting volumes.
2026-08-30T07:05:05.4876860Z Nested mountpoint site/wwwroot
2026-08-30T07:05:05.5180302Z Nested mountpoint volatile/logs
2026-08-30T07:05:05.5280224Z Nested mountpoint 
2026-08-30T07:05:05.5460929Z Nested mountpoint 
2026-08-30T07:05:05.5783207Z Nested mountpoint 
2026-08-30T07:05:05.5966433Z Nested mountpoint 
2026-08-30T07:05:05.5972848Z Nested mountpoint 
2026-08-30T07:05:05.9279415Z Skipping optional volume mount 'Package' at /home/site/wwwroot.
2026-08-30T07:05:06.0279048Z State: Starting, Action: CreatingContainer, LastError: VNETFailure, LastErrorTimestamp: 08/30/2026 06:59:52, LastErrorDetails: There was an issue setting up VNet., Details: Finished pulling container image and mounting volumes for app-devopsapp-task5. Allocatinng the rest of the container resources to finish container creation., DetailsLevel: INFO
2026-08-30T07:05:06.0279425Z Creating container.
2026-08-30T07:05:06.0279672Z Creating pipes for streaming container io.
2026-08-30T07:05:06.0280021Z Creating stdout named pipe at /podr/container/pipe/1f6a845d0a55_app-devopsapp-task5/stdout_e2523474167f4a91855e4a0c6463457b.
2026-08-30T07:05:06.0280722Z Successfully created stdout named pipe at: /podr/container/pipe/1f6a845d0a55_app-devopsapp-task5/stdout_e2523474167f4a91855e4a0c6463457b.
2026-08-30T07:05:06.0280946Z Opening named pipe /podr/container/pipe/1f6a845d0a55_app-devopsapp-task5/stdout_e2523474167f4a91855e4a0c6463457b for reading in non-blocking mode.
2026-08-30T07:05:06.0281251Z Successfully opened named pipe: /podr/container/pipe/1f6a845d0a55_app-devopsapp-task5/stdout_e2523474167f4a91855e4a0c6463457b.
2026-08-30T07:05:06.0281488Z Successfully removed non-blocking flag from /podr/container/pipe/1f6a845d0a55_app-devopsapp-task5/stdout_e2523474167f4a91855e4a0c6463457b.
2026-08-30T07:05:06.0288484Z Creating stderr named pipe at /podr/container/pipe/1f6a845d0a55_app-devopsapp-task5/stderr_d5349b854b364f2eb1b3159cc7cbb9cb.
2026-08-30T07:05:06.0289053Z Successfully created stderr named pipe at: /podr/container/pipe/1f6a845d0a55_app-devopsapp-task5/stderr_d5349b854b364f2eb1b3159cc7cbb9cb.
2026-08-30T07:05:06.0289263Z Opening named pipe /podr/container/pipe/1f6a845d0a55_app-devopsapp-task5/stderr_d5349b854b364f2eb1b3159cc7cbb9cb for reading in non-blocking mode.
2026-08-30T07:05:06.0559935Z Successfully opened named pipe: /podr/container/pipe/1f6a845d0a55_app-devopsapp-task5/stderr_d5349b854b364f2eb1b3159cc7cbb9cb.
2026-08-30T07:05:06.0561643Z Successfully removed non-blocking flag from /podr/container/pipe/1f6a845d0a55_app-devopsapp-task5/stderr_d5349b854b364f2eb1b3159cc7cbb9cb.
2026-08-30T07:05:06.0562692Z Overriding PORT environment variable with pre-calculated port: 8080.
2026-08-30T07:05:06.0563095Z Setting value of PORT variable to 8080
2026-08-30T07:05:06.0564970Z Creating container with image: appsvc/node:20-lts_20260710.8.tuxprod from registry: 10.1.0.6:13209 and fully qualified image name: 10.1.0.6:13209/appsvc/node:20-lts_20260710.8.tuxprod
2026-08-30T07:05:06.3467976Z Starting container: 1f6a845d0a55_app-devopsapp-task5.
2026-08-30T07:05:06.3786857Z Starting watchers and probes.
2026-08-30T07:05:06.3868534Z Starting metrics collection.
2026-08-30T07:05:06.3870505Z Container is running.
2026-08-30T07:05:06.3871708Z State: Starting, Action: CreatingContainer, LastError: VNETFailure, LastErrorTimestamp: 08/30/2026 06:59:52, LastErrorDetails: There was an issue setting up VNet., Details: Container app-devopsapp-task5 successfully created and is running., DetailsLevel: INFO
2026-08-30T07:05:06.4074997Z Container start method finished after 1171 ms.
2026-08-30T07:05:06.4076041Z State: Starting, Action: InitiatingSiteWarmUpProbe, LastError: VNETFailure, LastErrorTimestamp: 08/30/2026 06:59:52, LastErrorDetails: There was an issue setting up VNet., Details: Container app-devopsapp-task5 successfully created and is running., DetailsLevel: INFO
2026-08-30T07:05:06.4076349Z State: Starting, Action: WaitingForSiteWarmUpProbeSuccess, LastError: VNETFailure, LastErrorTimestamp: 08/30/2026 06:59:52, LastErrorDetails: There was an issue setting up VNet., Details: Pinging warmup path to ensure container is ready to receive requests., DetailsLevel: INFO
2026-08-30T07:05:25.4503741Z Site startup probe succeeded after 19.0423239 seconds.
2026-08-30T07:05:25.5501408Z State: Starting, Action: WarmUpProbeSucceeded, LastError: VNETFailure, LastErrorTimestamp: 08/30/2026 06:59:52, LastErrorDetails: There was an issue setting up VNet., Details: Site startup probe succeeded after 19.0423239 seconds., DetailsLevel: INFO
2026-08-30T07:05:25.7779097Z Site started.
2026-08-30T07:05:25.7782645Z State: Started, Action: None, LastError: VNETFailure, LastErrorTimestamp: 08/30/2026 06:59:52, LastErrorDetails: There was an issue setting up VNet., Details: Site started at 08/30/2026 07:05:25 (UTC), DetailsLevel: INFO
2026-08-30T07:05:25.8090687Z Site is running with patch version NODE-20.20.2
2026-08-30T07:22:27.9136578Z State: Starting, Action: EstablishingSiteNetworks, LastError: , LastErrorTimestamp: 01/01/0001 00:00:00, LastErrorDetails: , Details: , DetailsLevel: INFO
2026-08-30T07:22:29.4172225Z State: Starting, Action: StartingMsiContainer, LastError: , LastErrorTimestamp: 01/01/0001 00:00:00, LastErrorDetails: , Details: , DetailsLevel: INFO
2026-08-30T07:22:39.8156292Z State: Starting, Action: StartingSiteContainers, LastError: , LastErrorTimestamp: 01/01/0001 00:00:00, LastErrorDetails: , Details: , DetailsLevel: INFO
2026-08-30T07:22:39.8157032Z Container start method called.
2026-08-30T07:22:39.8159444Z State: Starting, Action: PullingImage, LastError: , LastErrorTimestamp: 01/01/0001 00:00:00, LastErrorDetails: , Details: Pulling image 10.1.0.6:13209/appsvc/node:20-lts_20260710.8.tuxprod for app-devopsapp-task5., DetailsLevel: INFO
2026-08-30T07:22:39.8160136Z Establishing network.
2026-08-30T07:22:39.8161057Z Pulling image: appsvc/node:20-lts_20260710.8.tuxprod.
2026-08-30T07:22:40.0395894Z Container is starting.
2026-08-30T07:22:40.0478829Z State: Starting, Action: MountingVolumes, LastError: , LastErrorTimestamp: 01/01/0001 00:00:00, LastErrorDetails: , Details: Mounting volumes for app-devopsapp-task5., DetailsLevel: INFO
2026-08-30T07:22:40.0482127Z Establishing user namespace if not established already.
2026-08-30T07:22:40.0484125Z Establishing network if not established already.
2026-08-30T07:22:40.0487799Z Mounting volumes.
2026-08-30T07:22:40.0491129Z Nested mountpoint site/wwwroot
2026-08-30T07:22:40.0675317Z Nested mountpoint volatile/logs
2026-08-30T07:22:40.0777677Z Nested mountpoint 
2026-08-30T07:22:40.0783433Z Nested mountpoint 
2026-08-30T07:22:40.1086251Z Nested mountpoint 
2026-08-30T07:22:40.1672825Z Nested mountpoint 
2026-08-30T07:22:40.1683277Z Nested mountpoint 
2026-08-30T07:22:40.3872910Z Skipping optional volume mount 'Package' at /home/site/wwwroot.
2026-08-30T07:22:40.5185642Z State: Starting, Action: CreatingContainer, LastError: , LastErrorTimestamp: 01/01/0001 00:00:00, LastErrorDetails: , Details: Finished pulling container image and mounting volumes for app-devopsapp-task5. Allocatinng the rest of the container resources to finish container creation., DetailsLevel: INFO
2026-08-30T07:22:40.5187841Z Creating container.
2026-08-30T07:22:40.5194446Z Creating pipes for streaming container io.
2026-08-30T07:22:40.5196379Z Creating stdout named pipe at /podr/container/pipe/c84332349739_app-devopsapp-task5/stdout_1fe0f6d97aef447881af75e8df2b4c5b.
2026-08-30T07:22:40.5284960Z Successfully created stdout named pipe at: /podr/container/pipe/c84332349739_app-devopsapp-task5/stdout_1fe0f6d97aef447881af75e8df2b4c5b.
2026-08-30T07:22:40.5287449Z Opening named pipe /podr/container/pipe/c84332349739_app-devopsapp-task5/stdout_1fe0f6d97aef447881af75e8df2b4c5b for reading in non-blocking mode.
2026-08-30T07:22:40.5289596Z Successfully opened named pipe: /podr/container/pipe/c84332349739_app-devopsapp-task5/stdout_1fe0f6d97aef447881af75e8df2b4c5b.
2026-08-30T07:22:40.5294208Z Successfully removed non-blocking flag from /podr/container/pipe/c84332349739_app-devopsapp-task5/stdout_1fe0f6d97aef447881af75e8df2b4c5b.
2026-08-30T07:22:40.5299048Z Creating stderr named pipe at /podr/container/pipe/c84332349739_app-devopsapp-task5/stderr_3f0c44d4e81740ba87f85a4ca826b77c.
2026-08-30T07:22:40.5379839Z Successfully created stderr named pipe at: /podr/container/pipe/c84332349739_app-devopsapp-task5/stderr_3f0c44d4e81740ba87f85a4ca826b77c.
2026-08-30T07:22:40.5380633Z Opening named pipe /podr/container/pipe/c84332349739_app-devopsapp-task5/stderr_3f0c44d4e81740ba87f85a4ca826b77c for reading in non-blocking mode.
2026-08-30T07:22:40.5381237Z Successfully opened named pipe: /podr/container/pipe/c84332349739_app-devopsapp-task5/stderr_3f0c44d4e81740ba87f85a4ca826b77c.
2026-08-30T07:22:40.5382777Z Successfully removed non-blocking flag from /podr/container/pipe/c84332349739_app-devopsapp-task5/stderr_3f0c44d4e81740ba87f85a4ca826b77c.
2026-08-30T07:22:40.5383725Z Creating container with image: appsvc/node:20-lts_20260710.8.tuxprod from registry: 10.1.0.6:13209 and fully qualified image name: 10.1.0.6:13209/appsvc/node:20-lts_20260710.8.tuxprod
2026-08-30T07:22:41.0923702Z Starting container: c84332349739_app-devopsapp-task5.
2026-08-30T07:22:41.1615649Z Starting watchers and probes.
2026-08-30T07:22:41.1617055Z Starting metrics collection.
2026-08-30T07:22:41.1617485Z Container is running.
2026-08-30T07:22:41.1617958Z State: Starting, Action: CreatingContainer, LastError: , LastErrorTimestamp: 01/01/0001 00:00:00, LastErrorDetails: , Details: Container app-devopsapp-task5 successfully created and is running., DetailsLevel: INFO
2026-08-30T07:22:41.2607252Z Container start method finished after 1444 ms.
2026-08-30T07:22:41.2608425Z State: Starting, Action: InitiatingSiteWarmUpProbe, LastError: , LastErrorTimestamp: 01/01/0001 00:00:00, LastErrorDetails: , Details: Container app-devopsapp-task5 successfully created and is running., DetailsLevel: INFO
2026-08-30T07:22:41.2608757Z State: Starting, Action: WaitingForSiteWarmUpProbeSuccess, LastError: , LastErrorTimestamp: 01/01/0001 00:00:00, LastErrorDetails: , Details: Pinging warmup path to ensure container is ready to receive requests., DetailsLevel: INFO
2026-08-30T07:23:01.3108638Z Site startup probe succeeded after 20.0427855 seconds.
2026-08-30T07:23:01.4405874Z State: Starting, Action: WarmUpProbeSucceeded, LastError: , LastErrorTimestamp: 01/01/0001 00:00:00, LastErrorDetails: , Details: Site startup probe succeeded after 20.0427855 seconds., DetailsLevel: INFO
2026-08-30T07:23:01.7152881Z Site started.
2026-08-30T07:23:01.7227308Z State: Started, Action: None, LastError: , LastErrorTimestamp: 01/01/0001 00:00:00, LastErrorDetails: , Details: Site started at 08/30/2026 07:23:01 (UTC), DetailsLevel: INFO
2026-08-30T07:23:01.7233486Z Site is running with patch version NODE-20.20.2
2026-08-30T07:23:21.8466263Z State: Stopping, Action: StoppingSite, LastError: VNETFailure, LastErrorTimestamp: 08/30/2026 06:59:52, LastErrorDetails: There was an issue setting up VNet., Details: Site started at 08/30/2026 07:05:25 (UTC), DetailsLevel: INFO
2026-08-30T07:23:21.8472469Z State: Stopping, Action: StoppingSiteContainers, LastError: VNETFailure, LastErrorTimestamp: 08/30/2026 06:59:52, LastErrorDetails: There was an issue setting up VNet., Details: Site started at 08/30/2026 07:05:25 (UTC), DetailsLevel: INFO
2026-08-30T07:23:21.8472994Z Container is terminating. Grace period: 5 seconds.
2026-08-30T07:23:21.8683374Z Stop and delete container. Retry count = 0
2026-08-30T07:23:21.8684854Z Stopping container: 1f6a845d0a55_app-devopsapp-task5.
2026-08-30T07:23:26.9462296Z Deleting container: 1f6a845d0a55_app-devopsapp-task5. Retry count = 0
2026-08-30T07:23:27.1259405Z Container spec TerminationMessagePolicy  path 
2026-08-30T07:23:27.1263974Z Container is terminated. Total time elapsed: 5279 ms.
2026-08-30T07:23:27.4678603Z Site: app-devopsapp-task5 stopped.
2026-08-30T07:23:36.0048646Z State: Starting, Action: EstablishingSiteNetworks, LastError: , LastErrorTimestamp: 01/01/0001 00:00:00, LastErrorDetails: , Details: , DetailsLevel: INFO
2026-08-30T07:23:37.2851119Z State: Starting, Action: StartingMsiContainer, LastError: , LastErrorTimestamp: 01/01/0001 00:00:00, LastErrorDetails: , Details: , DetailsLevel: INFO
2026-08-30T07:23:47.0399531Z State: Starting, Action: StartingSiteContainers, LastError: , LastErrorTimestamp: 01/01/0001 00:00:00, LastErrorDetails: , Details: , DetailsLevel: INFO
2026-08-30T07:23:47.0401905Z Container start method called.
2026-08-30T07:23:47.0403071Z State: Starting, Action: PullingImage, LastError: , LastErrorTimestamp: 01/01/0001 00:00:00, LastErrorDetails: , Details: Pulling image 10.1.0.6:13209/appsvc/node:20-lts_20260710.8.tuxprod for app-devopsapp-task5., DetailsLevel: INFO
2026-08-30T07:23:47.0406030Z Establishing network.
2026-08-30T07:23:47.0412098Z Pulling image: appsvc/node:20-lts_20260710.8.tuxprod.
2026-08-30T07:23:47.3201187Z Container is starting.
2026-08-30T07:23:47.3203823Z State: Starting, Action: MountingVolumes, LastError: , LastErrorTimestamp: 01/01/0001 00:00:00, LastErrorDetails: , Details: Mounting volumes for app-devopsapp-task5., DetailsLevel: INFO
2026-08-30T07:23:47.3204439Z Establishing user namespace if not established already.
2026-08-30T07:23:47.3205001Z Establishing network if not established already.
2026-08-30T07:23:47.3205553Z Mounting volumes.
2026-08-30T07:23:47.3206388Z Nested mountpoint site/wwwroot
2026-08-30T07:23:47.3299861Z Nested mountpoint volatile/logs
2026-08-30T07:23:47.3321479Z Nested mountpoint 
2026-08-30T07:23:47.3323552Z Nested mountpoint 
2026-08-30T07:23:47.4117368Z Nested mountpoint 
2026-08-30T07:23:47.4322995Z Nested mountpoint 
2026-08-30T07:23:47.4419171Z Nested mountpoint 
2026-08-30T07:23:47.6477162Z Skipping optional volume mount 'Package' at /home/site/wwwroot.
2026-08-30T07:23:47.8134941Z State: Starting, Action: CreatingContainer, LastError: , LastErrorTimestamp: 01/01/0001 00:00:00, LastErrorDetails: , Details: Finished pulling container image and mounting volumes for app-devopsapp-task5. Allocatinng the rest of the container resources to finish container creation., DetailsLevel: INFO
2026-08-30T07:23:47.8227877Z Creating container.
2026-08-30T07:23:47.8230112Z Creating pipes for streaming container io.
2026-08-30T07:23:47.8232753Z Creating stdout named pipe at /podr/container/pipe/433ed7481c55_app-devopsapp-task5/stdout_07eb61f15b7743c3a29634f3722dad94.
2026-08-30T07:23:47.8306431Z Successfully created stdout named pipe at: /podr/container/pipe/433ed7481c55_app-devopsapp-task5/stdout_07eb61f15b7743c3a29634f3722dad94.
2026-08-30T07:23:47.8309634Z Opening named pipe /podr/container/pipe/433ed7481c55_app-devopsapp-task5/stdout_07eb61f15b7743c3a29634f3722dad94 for reading in non-blocking mode.
2026-08-30T07:23:47.8312538Z Successfully opened named pipe: /podr/container/pipe/433ed7481c55_app-devopsapp-task5/stdout_07eb61f15b7743c3a29634f3722dad94.
2026-08-30T07:23:47.8313028Z Successfully removed non-blocking flag from /podr/container/pipe/433ed7481c55_app-devopsapp-task5/stdout_07eb61f15b7743c3a29634f3722dad94.
2026-08-30T07:23:47.8319733Z Creating stderr named pipe at /podr/container/pipe/433ed7481c55_app-devopsapp-task5/stderr_ded716cb27d34129a5afe1abfae877c8.
2026-08-30T07:23:47.8321778Z Successfully created stderr named pipe at: /podr/container/pipe/433ed7481c55_app-devopsapp-task5/stderr_ded716cb27d34129a5afe1abfae877c8.
2026-08-30T07:23:47.8322196Z Opening named pipe /podr/container/pipe/433ed7481c55_app-devopsapp-task5/stderr_ded716cb27d34129a5afe1abfae877c8 for reading in non-blocking mode.
2026-08-30T07:23:47.8333783Z Successfully opened named pipe: /podr/container/pipe/433ed7481c55_app-devopsapp-task5/stderr_ded716cb27d34129a5afe1abfae877c8.
2026-08-30T07:23:47.8334318Z Successfully removed non-blocking flag from /podr/container/pipe/433ed7481c55_app-devopsapp-task5/stderr_ded716cb27d34129a5afe1abfae877c8.
2026-08-30T07:23:47.8418519Z Creating container with image: appsvc/node:20-lts_20260710.8.tuxprod from registry: 10.1.0.6:13209 and fully qualified image name: 10.1.0.6:13209/appsvc/node:20-lts_20260710.8.tuxprod
2026-08-30T07:23:48.4465041Z Starting container: 433ed7481c55_app-devopsapp-task5.
2026-08-30T07:23:48.5114493Z Starting watchers and probes.
2026-08-30T07:23:48.5118545Z Starting metrics collection.
2026-08-30T07:23:48.5123199Z Container is running.
2026-08-30T07:23:48.5123822Z State: Starting, Action: CreatingContainer, LastError: , LastErrorTimestamp: 01/01/0001 00:00:00, LastErrorDetails: , Details: Container app-devopsapp-task5 successfully created and is running., DetailsLevel: INFO
2026-08-30T07:23:48.6704307Z Container start method finished after 1602 ms.
2026-08-30T07:23:48.6705668Z State: Starting, Action: InitiatingSiteWarmUpProbe, LastError: , LastErrorTimestamp: 01/01/0001 00:00:00, LastErrorDetails: , Details: Container app-devopsapp-task5 successfully created and is running., DetailsLevel: INFO
2026-08-30T07:23:48.6705971Z State: Starting, Action: WaitingForSiteWarmUpProbeSuccess, LastError: , LastErrorTimestamp: 01/01/0001 00:00:00, LastErrorDetails: , Details: Pinging warmup path to ensure container is ready to receive requests., DetailsLevel: INFO
2026-08-30T07:24:07.7115261Z Site startup probe succeeded after 19.0406002 seconds.
2026-08-30T07:24:07.8191588Z State: Starting, Action: WarmUpProbeSucceeded, LastError: , LastErrorTimestamp: 01/01/0001 00:00:00, LastErrorDetails: , Details: Site startup probe succeeded after 19.0406002 seconds., DetailsLevel: INFO
2026-08-30T07:24:07.9607670Z Site started.
2026-08-30T07:24:07.9609163Z State: Started, Action: None, LastError: , LastErrorTimestamp: 01/01/0001 00:00:00, LastErrorDetails: , Details: Site started at 08/30/2026 07:24:07 (UTC), DetailsLevel: INFO
2026-08-30T07:24:07.9610632Z Site is running with patch version NODE-20.20.2
2026-08-30T07:24:28.1109537Z State: Stopping, Action: StoppingSite, LastError: VNETFailure, LastErrorTimestamp: 08/30/2026 06:59:52, LastErrorDetails: There was an issue setting up VNet., Details: Site started at 08/30/2026 07:23:01 (UTC), DetailsLevel: INFO
2026-08-30T07:24:28.1116154Z State: Stopping, Action: StoppingSiteContainers, LastError: VNETFailure, LastErrorTimestamp: 08/30/2026 06:59:52, LastErrorDetails: There was an issue setting up VNet., Details: Site started at 08/30/2026 07:23:01 (UTC), DetailsLevel: INFO
2026-08-30T07:24:28.1119760Z Container is terminating. Grace period: 5 seconds.
2026-08-30T07:24:28.1227241Z Stop and delete container. Retry count = 0
2026-08-30T07:24:28.1229608Z Stopping container: c84332349739_app-devopsapp-task5.
2026-08-30T07:24:33.2436196Z Deleting container: c84332349739_app-devopsapp-task5. Retry count = 0
2026-08-30T07:24:33.4221509Z Container spec TerminationMessagePolicy  path 
2026-08-30T07:24:33.4223126Z Container is terminated. Total time elapsed: 5310 ms.
2026-08-30T07:24:33.7967251Z Site: app-devopsapp-task5 stopped.
2026-08-30T07:36:23.7919862Z State: Starting, Action: EstablishingSiteNetworks, LastError: , LastErrorTimestamp: 01/01/0001 00:00:00, LastErrorDetails: , Details: , DetailsLevel: INFO
2026-08-30T07:36:34.0803923Z State: Starting, Action: EstablishingSiteNetworks, LastError: VNETFailure, LastErrorTimestamp: 08/30/2026 07:36:34, LastErrorDetails: There was an issue setting up VNet., Details: , DetailsLevel: ERR
2026-08-30T07:36:34.1007934Z Failed to start site. Revert by stopping site.
2026-08-30T07:36:34.1008886Z State: Stopping, Action: StoppingSite, LastError: VNETFailure, LastErrorTimestamp: 08/30/2026 07:36:34, LastErrorDetails: There was an issue setting up VNet., Details: , DetailsLevel: ERR
2026-08-30T07:36:34.1012595Z State: Stopping, Action: StoppingSiteContainers, LastError: VNETFailure, LastErrorTimestamp: 08/30/2026 07:36:34, LastErrorDetails: There was an issue setting up VNet., Details: , DetailsLevel: ERR
2026-08-30T07:36:34.1012751Z Site: app-devopsapp-task5 stopped.
2026-08-30T07:36:54.6056516Z State: Stopping, Action: StoppingSite, LastError: VNETFailure, LastErrorTimestamp: 08/30/2026 06:59:52, LastErrorDetails: There was an issue setting up VNet., Details: Site started at 08/30/2026 07:24:07 (UTC), DetailsLevel: INFO
2026-08-30T07:36:54.6062143Z State: Stopping, Action: StoppingSiteContainers, LastError: VNETFailure, LastErrorTimestamp: 08/30/2026 06:59:52, LastErrorDetails: There was an issue setting up VNet., Details: Site started at 08/30/2026 07:24:07 (UTC), DetailsLevel: INFO
2026-08-30T07:36:54.6063796Z Container is terminating. Grace period: 5 seconds.
2026-08-30T07:36:54.6215942Z Stop and delete container. Retry count = 0
2026-08-30T07:36:54.6219911Z Stopping container: 433ed7481c55_app-devopsapp-task5.
2026-08-30T07:36:59.7068899Z Deleting container: 433ed7481c55_app-devopsapp-task5. Retry count = 0
2026-08-30T07:36:59.8954917Z Container spec TerminationMessagePolicy  path 
2026-08-30T07:36:59.8961703Z Container is terminated. Total time elapsed: 5289 ms.
2026-08-30T07:37:00.1386355Z Site: app-devopsapp-task5 stopped.
2026-08-30T07:36:34.1701212Z State: Stopping, Action: UnmountingVolumes, LastError: VNETFailure, LastErrorTimestamp: 08/30/2026 07:36:34, LastErrorDetails: There was an issue setting up VNet., Details: , DetailsLevel: ERR
2026-08-30T07:36:34.3221180Z State: Stopping, Action: StoppingSiteNetworks, LastError: VNETFailure, LastErrorTimestamp: 08/30/2026 07:36:34, LastErrorDetails: There was an issue setting up VNet., Details: , DetailsLevel: ERR
2026-08-30T07:36:34.4309685Z State: Stopped, Action: None, LastError: VNETFailure, LastErrorTimestamp: 08/30/2026 07:36:34, LastErrorDetails: There was an issue setting up VNet., Details: Site stopped at 08/30/2026 07:36:34 (UTC), DetailsLevel: ERR
2026-08-30T07:41:31.3092549Z State: Starting, Action: EstablishingSiteNetworks, LastError: VNETFailure, LastErrorTimestamp: 08/30/2026 07:36:34, LastErrorDetails: There was an issue setting up VNet., Details: Site stopped at 08/30/2026 07:36:34 (UTC), DetailsLevel: ERR
2026-08-30T07:41:36.2654058Z State: Starting, Action: StartingMsiContainer, LastError: VNETFailure, LastErrorTimestamp: 08/30/2026 07:36:34, LastErrorDetails: There was an issue setting up VNet., Details: Site stopped at 08/30/2026 07:36:34 (UTC), DetailsLevel: ERR
2026-08-30T07:41:45.0072892Z State: Starting, Action: StartingSiteContainers, LastError: VNETFailure, LastErrorTimestamp: 08/30/2026 07:36:34, LastErrorDetails: There was an issue setting up VNet., Details: Site stopped at 08/30/2026 07:36:34 (UTC), DetailsLevel: ERR
2026-08-30T07:41:45.0074543Z Container start method called.
2026-08-30T07:41:45.0076977Z State: Starting, Action: PullingImage, LastError: VNETFailure, LastErrorTimestamp: 08/30/2026 07:36:34, LastErrorDetails: There was an issue setting up VNet., Details: Pulling image 10.1.0.6:13209/appsvc/node:20-lts_20260710.8.tuxprod for app-devopsapp-task5., DetailsLevel: INFO
2026-08-30T07:41:45.0079753Z Establishing network.
2026-08-30T07:41:45.0082607Z Pulling image: appsvc/node:20-lts_20260710.8.tuxprod.
2026-08-30T07:41:45.2426865Z Container is starting.
2026-08-30T07:41:45.2427325Z State: Starting, Action: MountingVolumes, LastError: VNETFailure, LastErrorTimestamp: 08/30/2026 07:36:34, LastErrorDetails: There was an issue setting up VNet., Details: Mounting volumes for app-devopsapp-task5., DetailsLevel: INFO
2026-08-30T07:41:45.2427583Z Establishing user namespace if not established already.
2026-08-30T07:41:45.2427846Z Establishing network if not established already.
2026-08-30T07:41:45.2428192Z Mounting volumes.
2026-08-30T07:41:45.2428786Z Nested mountpoint site/wwwroot
2026-08-30T07:41:45.2621588Z Nested mountpoint volatile/logs
2026-08-30T07:41:45.3437914Z Nested mountpoint 
2026-08-30T07:41:45.3516231Z Nested mountpoint 
2026-08-30T07:41:45.3535567Z Nested mountpoint 
2026-08-30T07:41:45.3821702Z Nested mountpoint 
2026-08-30T07:41:45.3835793Z Nested mountpoint 
2026-08-30T07:41:45.6522088Z Skipping optional volume mount 'Package' at /home/site/wwwroot.
2026-08-30T07:41:45.6525759Z State: Starting, Action: CreatingContainer, LastError: VNETFailure, LastErrorTimestamp: 08/30/2026 07:36:34, LastErrorDetails: There was an issue setting up VNet., Details: Finished pulling container image and mounting volumes for app-devopsapp-task5. Allocatinng the rest of the container resources to finish container creation., DetailsLevel: INFO
2026-08-30T07:41:45.6528945Z Creating container.
2026-08-30T07:41:45.6531602Z Creating pipes for streaming container io.
2026-08-30T07:41:45.6533247Z Creating stdout named pipe at /podr/container/pipe/60cdf73d4fa0_app-devopsapp-task5/stdout_60229ffc904840d3a757ac9207c28220.
2026-08-30T07:41:45.6534214Z Successfully created stdout named pipe at: /podr/container/pipe/60cdf73d4fa0_app-devopsapp-task5/stdout_60229ffc904840d3a757ac9207c28220.
2026-08-30T07:41:45.6534521Z Opening named pipe /podr/container/pipe/60cdf73d4fa0_app-devopsapp-task5/stdout_60229ffc904840d3a757ac9207c28220 for reading in non-blocking mode.
2026-08-30T07:41:45.6534839Z Successfully opened named pipe: /podr/container/pipe/60cdf73d4fa0_app-devopsapp-task5/stdout_60229ffc904840d3a757ac9207c28220.
2026-08-30T07:41:45.6535079Z Successfully removed non-blocking flag from /podr/container/pipe/60cdf73d4fa0_app-devopsapp-task5/stdout_60229ffc904840d3a757ac9207c28220.
2026-08-30T07:41:45.6535530Z Creating stderr named pipe at /podr/container/pipe/60cdf73d4fa0_app-devopsapp-task5/stderr_3777a96a165b41a98bfb25cfcb4bdfc7.
2026-08-30T07:41:45.6535961Z Successfully created stderr named pipe at: /podr/container/pipe/60cdf73d4fa0_app-devopsapp-task5/stderr_3777a96a165b41a98bfb25cfcb4bdfc7.
2026-08-30T07:41:45.6536207Z Opening named pipe /podr/container/pipe/60cdf73d4fa0_app-devopsapp-task5/stderr_3777a96a165b41a98bfb25cfcb4bdfc7 for reading in non-blocking mode.
2026-08-30T07:41:45.6536478Z Successfully opened named pipe: /podr/container/pipe/60cdf73d4fa0_app-devopsapp-task5/stderr_3777a96a165b41a98bfb25cfcb4bdfc7.
2026-08-30T07:41:45.6536718Z Successfully removed non-blocking flag from /podr/container/pipe/60cdf73d4fa0_app-devopsapp-task5/stderr_3777a96a165b41a98bfb25cfcb4bdfc7.
2026-08-30T07:41:45.6537079Z Overriding PORT environment variable with pre-calculated port: 8080.
2026-08-30T07:41:45.6537297Z Setting value of PORT variable to 8080
2026-08-30T07:41:45.6538275Z Creating container with image: appsvc/node:20-lts_20260710.8.tuxprod from registry: 10.1.0.6:13209 and fully qualified image name: 10.1.0.6:13209/appsvc/node:20-lts_20260710.8.tuxprod
2026-08-30T07:41:45.9479553Z Starting container: 60cdf73d4fa0_app-devopsapp-task5.
2026-08-30T07:41:46.0041422Z Starting watchers and probes.
2026-08-30T07:41:46.0044209Z Starting metrics collection.
2026-08-30T07:41:46.0122557Z Container is running.
2026-08-30T07:41:46.0126840Z State: Starting, Action: CreatingContainer, LastError: VNETFailure, LastErrorTimestamp: 08/30/2026 07:36:34, LastErrorDetails: There was an issue setting up VNet., Details: Container app-devopsapp-task5 successfully created and is running., DetailsLevel: INFO
2026-08-30T07:41:46.1338586Z Container start method finished after 1126 ms.
2026-08-30T07:41:46.1339328Z State: Starting, Action: InitiatingSiteWarmUpProbe, LastError: VNETFailure, LastErrorTimestamp: 08/30/2026 07:36:34, LastErrorDetails: There was an issue setting up VNet., Details: Container app-devopsapp-task5 successfully created and is running., DetailsLevel: INFO
2026-08-30T07:41:46.1339448Z State: Starting, Action: WaitingForSiteWarmUpProbeSuccess, LastError: VNETFailure, LastErrorTimestamp: 08/30/2026 07:36:34, LastErrorDetails: There was an issue setting up VNet., Details: Pinging warmup path to ensure container is ready to receive requests., DetailsLevel: INFO
2026-08-30T07:42:07.1780990Z Site startup probe succeeded after 21.0439433 seconds.
2026-08-30T07:42:07.2762907Z State: Starting, Action: WarmUpProbeSucceeded, LastError: VNETFailure, LastErrorTimestamp: 08/30/2026 07:36:34, LastErrorDetails: There was an issue setting up VNet., Details: Site startup probe succeeded after 21.0439433 seconds., DetailsLevel: INFO
2026-08-30T07:42:07.5086779Z Site started.
2026-08-30T07:42:07.5088463Z State: Started, Action: None, LastError: VNETFailure, LastErrorTimestamp: 08/30/2026 07:36:34, LastErrorDetails: There was an issue setting up VNet., Details: Site started at 08/30/2026 07:42:07 (UTC), DetailsLevel: INFO
2026-08-30T07:42:07.5109052Z Site is running with patch version NODE-20.20.2
2026-08-30T09:34:58.4512066Z State: Starting, Action: EstablishingSiteNetworks, LastError: , LastErrorTimestamp: 01/01/0001 00:00:00, LastErrorDetails: , Details: , DetailsLevel: INFO
2026-08-30T09:35:00.5554948Z State: Starting, Action: StartingMsiContainer, LastError: , LastErrorTimestamp: 01/01/0001 00:00:00, LastErrorDetails: , Details: , DetailsLevel: INFO
2026-08-30T09:35:10.4810389Z State: Starting, Action: StartingSiteContainers, LastError: , LastErrorTimestamp: 01/01/0001 00:00:00, LastErrorDetails: , Details: , DetailsLevel: INFO
2026-08-30T09:35:10.4811183Z Container start method called.
2026-08-30T09:35:10.4811604Z State: Starting, Action: PullingImage, LastError: , LastErrorTimestamp: 01/01/0001 00:00:00, LastErrorDetails: , Details: Pulling image 10.1.0.4:13209/appsvc/node:20-lts_20260710.8.tuxprod for app-devopsapp-task5., DetailsLevel: INFO
2026-08-30T09:35:10.4812063Z Establishing network.
2026-08-30T09:35:10.4812568Z Pulling image: appsvc/node:20-lts_20260710.8.tuxprod.
2026-08-30T09:35:10.7012815Z Container is starting.
2026-08-30T09:35:10.7013497Z State: Starting, Action: MountingVolumes, LastError: , LastErrorTimestamp: 01/01/0001 00:00:00, LastErrorDetails: , Details: Mounting volumes for app-devopsapp-task5., DetailsLevel: INFO
2026-08-30T09:35:10.7013770Z Establishing user namespace if not established already.
2026-08-30T09:35:10.7014010Z Establishing network if not established already.
2026-08-30T09:35:10.7014335Z Mounting volumes.
2026-08-30T09:35:10.7014879Z Nested mountpoint site/wwwroot
2026-08-30T09:35:10.7132529Z Nested mountpoint volatile/logs
2026-08-30T09:35:10.7909133Z Nested mountpoint 
2026-08-30T09:35:10.8110574Z Nested mountpoint 
2026-08-30T09:35:10.8220534Z Nested mountpoint 
2026-08-30T09:35:10.8222882Z Nested mountpoint 
2026-08-30T09:35:10.8228878Z Nested mountpoint 
2026-08-30T09:35:11.0644085Z Skipping optional volume mount 'Package' at /home/site/wwwroot.
2026-08-30T09:35:11.1751422Z State: Starting, Action: CreatingContainer, LastError: , LastErrorTimestamp: 01/01/0001 00:00:00, LastErrorDetails: , Details: Finished pulling container image and mounting volumes for app-devopsapp-task5. Allocatinng the rest of the container resources to finish container creation., DetailsLevel: INFO
2026-08-30T09:35:11.1824727Z Creating container.
2026-08-30T09:35:11.1830089Z Creating pipes for streaming container io.
2026-08-30T09:35:11.1830813Z Creating stdout named pipe at /podr/container/pipe/674c7641285d_app-devopsapp-task5/stdout_cfdf7a2bea574b9d987d6fba87939d60.
2026-08-30T09:35:11.1831601Z Successfully created stdout named pipe at: /podr/container/pipe/674c7641285d_app-devopsapp-task5/stdout_cfdf7a2bea574b9d987d6fba87939d60.
2026-08-30T09:35:11.1831846Z Opening named pipe /podr/container/pipe/674c7641285d_app-devopsapp-task5/stdout_cfdf7a2bea574b9d987d6fba87939d60 for reading in non-blocking mode.
2026-08-30T09:35:11.1840541Z Successfully opened named pipe: /podr/container/pipe/674c7641285d_app-devopsapp-task5/stdout_cfdf7a2bea574b9d987d6fba87939d60.
2026-08-30T09:35:11.1842627Z Successfully removed non-blocking flag from /podr/container/pipe/674c7641285d_app-devopsapp-task5/stdout_cfdf7a2bea574b9d987d6fba87939d60.
2026-08-30T09:35:11.1921027Z Creating stderr named pipe at /podr/container/pipe/674c7641285d_app-devopsapp-task5/stderr_5e2b8a9019a94d99b5dea6841e9f4b45.
2026-08-30T09:35:11.1924711Z Successfully created stderr named pipe at: /podr/container/pipe/674c7641285d_app-devopsapp-task5/stderr_5e2b8a9019a94d99b5dea6841e9f4b45.
2026-08-30T09:35:11.1926415Z Opening named pipe /podr/container/pipe/674c7641285d_app-devopsapp-task5/stderr_5e2b8a9019a94d99b5dea6841e9f4b45 for reading in non-blocking mode.
2026-08-30T09:35:11.1928828Z Successfully opened named pipe: /podr/container/pipe/674c7641285d_app-devopsapp-task5/stderr_5e2b8a9019a94d99b5dea6841e9f4b45.
2026-08-30T09:35:11.1930586Z Successfully removed non-blocking flag from /podr/container/pipe/674c7641285d_app-devopsapp-task5/stderr_5e2b8a9019a94d99b5dea6841e9f4b45.
2026-08-30T09:35:11.1932092Z Creating container with image: appsvc/node:20-lts_20260710.8.tuxprod from registry: 10.1.0.4:13209 and fully qualified image name: 10.1.0.4:13209/appsvc/node:20-lts_20260710.8.tuxprod
2026-08-30T09:35:11.4936304Z Starting container: 674c7641285d_app-devopsapp-task5.
2026-08-30T09:35:11.5254972Z Starting watchers and probes.
2026-08-30T09:35:11.5333527Z Starting metrics collection.
2026-08-30T09:35:11.5335143Z Container is running.
2026-08-30T09:35:11.5336306Z State: Starting, Action: CreatingContainer, LastError: , LastErrorTimestamp: 01/01/0001 00:00:00, LastErrorDetails: , Details: Container app-devopsapp-task5 successfully created and is running., DetailsLevel: INFO
2026-08-30T09:35:11.5939421Z Container start method finished after 1112 ms.
2026-08-30T09:35:11.5940514Z State: Starting, Action: InitiatingSiteWarmUpProbe, LastError: , LastErrorTimestamp: 01/01/0001 00:00:00, LastErrorDetails: , Details: Container app-devopsapp-task5 successfully created and is running., DetailsLevel: INFO
2026-08-30T09:35:11.5940622Z State: Starting, Action: WaitingForSiteWarmUpProbeSuccess, LastError: , LastErrorTimestamp: 01/01/0001 00:00:00, LastErrorDetails: , Details: Pinging warmup path to ensure container is ready to receive requests., DetailsLevel: INFO
2026-08-30T09:35:29.6868555Z Site startup probe succeeded after 18.0817988 seconds.
2026-08-30T09:35:29.8193008Z State: Starting, Action: WarmUpProbeSucceeded, LastError: , LastErrorTimestamp: 01/01/0001 00:00:00, LastErrorDetails: , Details: Site startup probe succeeded after 18.0817988 seconds., DetailsLevel: INFO
2026-08-30T09:35:30.0684438Z Site started.
2026-08-30T09:35:30.0692109Z State: Started, Action: None, LastError: , LastErrorTimestamp: 01/01/0001 00:00:00, LastErrorDetails: , Details: Site started at 08/30/2026 09:35:30 (UTC), DetailsLevel: INFO
2026-08-30T09:35:30.0701827Z Site is running with patch version NODE-20.20.2
2026-08-30T09:35:50.1720698Z State: Stopping, Action: StoppingSite, LastError: VNETFailure, LastErrorTimestamp: 08/30/2026 07:36:34, LastErrorDetails: There was an issue setting up VNet., Details: Site started at 08/30/2026 07:42:07 (UTC), DetailsLevel: INFO
2026-08-30T09:35:50.1786599Z State: Stopping, Action: StoppingSiteContainers, LastError: VNETFailure, LastErrorTimestamp: 08/30/2026 07:36:34, LastErrorDetails: There was an issue setting up VNet., Details: Site started at 08/30/2026 07:42:07 (UTC), DetailsLevel: INFO
2026-08-30T09:35:50.1792023Z Container is terminating. Grace period: 5 seconds.
2026-08-30T09:35:50.1918564Z Stop and delete container. Retry count = 0
2026-08-30T09:35:50.1923628Z Stopping container: 60cdf73d4fa0_app-devopsapp-task5.
2026-08-30T09:35:55.3008731Z Deleting container: 60cdf73d4fa0_app-devopsapp-task5. Retry count = 0
2026-08-30T09:35:55.4987682Z Container spec TerminationMessagePolicy  path 
2026-08-30T09:35:55.4992823Z Container is terminated. Total time elapsed: 5319 ms.
2026-08-30T09:35:55.8008862Z Site: app-devopsapp-task5 stopped.
2026-08-30T09:41:53.6551725Z State: Starting, Action: EstablishingSiteNetworks, LastError: , LastErrorTimestamp: 01/01/0001 00:00:00, LastErrorDetails: , Details: , DetailsLevel: INFO
2026-08-30T09:42:04.3274775Z State: Starting, Action: EstablishingSiteNetworks, LastError: VNETFailure, LastErrorTimestamp: 08/30/2026 09:42:04, LastErrorDetails: There was an issue setting up VNet., Details: , DetailsLevel: ERR
2026-08-30T09:42:04.3370504Z Failed to start site. Revert by stopping site.
2026-08-30T09:42:04.3373317Z State: Stopping, Action: StoppingSite, LastError: VNETFailure, LastErrorTimestamp: 08/30/2026 09:42:04, LastErrorDetails: There was an issue setting up VNet., Details: , DetailsLevel: ERR
2026-08-30T09:42:04.3380408Z State: Stopping, Action: StoppingSiteContainers, LastError: VNETFailure, LastErrorTimestamp: 08/30/2026 09:42:04, LastErrorDetails: There was an issue setting up VNet., Details: , DetailsLevel: ERR
2026-08-30T09:42:04.3380573Z Site: app-devopsapp-task5 stopped.
2026-08-30T09:42:24.7656507Z State: Stopping, Action: StoppingSite, LastError: VNETFailure, LastErrorTimestamp: 08/30/2026 07:36:34, LastErrorDetails: There was an issue setting up VNet., Details: Site started at 08/30/2026 09:35:30 (UTC), DetailsLevel: INFO
2026-08-30T09:42:24.7669897Z State: Stopping, Action: StoppingSiteContainers, LastError: VNETFailure, LastErrorTimestamp: 08/30/2026 07:36:34, LastErrorDetails: There was an issue setting up VNet., Details: Site started at 08/30/2026 09:35:30 (UTC), DetailsLevel: INFO
2026-08-30T09:42:24.7670490Z Container is terminating. Grace period: 5 seconds.
2026-08-30T09:42:24.7764101Z Stop and delete container. Retry count = 0
2026-08-30T09:42:24.7764547Z Stopping container: 674c7641285d_app-devopsapp-task5.
2026-08-30T09:42:29.9201677Z Deleting container: 674c7641285d_app-devopsapp-task5. Retry count = 0
2026-08-30T09:42:30.0802351Z Container spec TerminationMessagePolicy  path 
2026-08-30T09:42:30.0806598Z Container is terminated. Total time elapsed: 5313 ms.
2026-08-30T09:42:30.3320687Z Site: app-devopsapp-task5 stopped.
2026-08-30T09:42:04.3588232Z State: Stopping, Action: UnmountingVolumes, LastError: VNETFailure, LastErrorTimestamp: 08/30/2026 09:42:04, LastErrorDetails: There was an issue setting up VNet., Details: , DetailsLevel: ERR
2026-08-30T09:42:04.5268947Z State: Stopping, Action: StoppingSiteNetworks, LastError: VNETFailure, LastErrorTimestamp: 08/30/2026 09:42:04, LastErrorDetails: There was an issue setting up VNet., Details: , DetailsLevel: ERR
2026-08-30T09:42:04.6264571Z State: Stopped, Action: None, LastError: VNETFailure, LastErrorTimestamp: 08/30/2026 09:42:04, LastErrorDetails: There was an issue setting up VNet., Details: Site stopped at 08/30/2026 09:42:04 (UTC), DetailsLevel: ERR
2026-08-30T09:46:57.6256153Z State: Starting, Action: EstablishingSiteNetworks, LastError: VNETFailure, LastErrorTimestamp: 08/30/2026 09:42:04, LastErrorDetails: There was an issue setting up VNet., Details: Site stopped at 08/30/2026 09:42:04 (UTC), DetailsLevel: ERR
2026-08-30T09:47:05.0052091Z State: Starting, Action: StartingMsiContainer, LastError: VNETFailure, LastErrorTimestamp: 08/30/2026 09:42:04, LastErrorDetails: There was an issue setting up VNet., Details: Site stopped at 08/30/2026 09:42:04 (UTC), DetailsLevel: ERR
2026-08-30T09:47:18.9727948Z State: Starting, Action: StartingSiteContainers, LastError: VNETFailure, LastErrorTimestamp: 08/30/2026 09:42:04, LastErrorDetails: There was an issue setting up VNet., Details: Site stopped at 08/30/2026 09:42:04 (UTC), DetailsLevel: ERR
2026-08-30T09:47:18.9800997Z Container start method called.
2026-08-30T09:47:18.9803068Z State: Starting, Action: PullingImage, LastError: VNETFailure, LastErrorTimestamp: 08/30/2026 09:42:04, LastErrorDetails: There was an issue setting up VNet., Details: Pulling image 10.1.0.6:13209/appsvc/node:20-lts_20260710.8.tuxprod for app-devopsapp-task5., DetailsLevel: INFO
2026-08-30T09:47:18.9803788Z Establishing network.
2026-08-30T09:47:18.9804492Z Pulling image: appsvc/node:20-lts_20260710.8.tuxprod.
2026-08-30T09:47:19.2407636Z Container is starting.
2026-08-30T09:47:19.2408263Z State: Starting, Action: MountingVolumes, LastError: VNETFailure, LastErrorTimestamp: 08/30/2026 09:42:04, LastErrorDetails: There was an issue setting up VNet., Details: Mounting volumes for app-devopsapp-task5., DetailsLevel: INFO
2026-08-30T09:47:19.2408731Z Establishing user namespace if not established already.
2026-08-30T09:47:19.2409680Z Establishing network if not established already.
2026-08-30T09:47:19.2411398Z Mounting volumes.
2026-08-30T09:47:19.2412190Z Nested mountpoint site/wwwroot
2026-08-30T09:47:19.2714422Z Nested mountpoint volatile/logs
2026-08-30T09:47:19.2930861Z Nested mountpoint 
2026-08-30T09:47:19.3016132Z Nested mountpoint 
2026-08-30T09:47:19.3921510Z Nested mountpoint 
2026-08-30T09:47:19.4111347Z Nested mountpoint 
2026-08-30T09:47:19.4117299Z Nested mountpoint 
2026-08-30T09:47:19.8727529Z Skipping optional volume mount 'Package' at /home/site/wwwroot.
2026-08-30T09:47:19.8728312Z State: Starting, Action: CreatingContainer, LastError: VNETFailure, LastErrorTimestamp: 08/30/2026 09:42:04, LastErrorDetails: There was an issue setting up VNet., Details: Finished pulling container image and mounting volumes for app-devopsapp-task5. Allocatinng the rest of the container resources to finish container creation., DetailsLevel: INFO
2026-08-30T09:47:19.8730127Z Creating container.
2026-08-30T09:47:19.8730640Z Creating pipes for streaming container io.
2026-08-30T09:47:19.8731124Z Creating stdout named pipe at /podr/container/pipe/ddebe2928b80_app-devopsapp-task5/stdout_1bf64af2c73b4ed7b6f90624563908fd.
2026-08-30T09:47:19.8732089Z Successfully created stdout named pipe at: /podr/container/pipe/ddebe2928b80_app-devopsapp-task5/stdout_1bf64af2c73b4ed7b6f90624563908fd.
2026-08-30T09:47:19.8732491Z Opening named pipe /podr/container/pipe/ddebe2928b80_app-devopsapp-task5/stdout_1bf64af2c73b4ed7b6f90624563908fd for reading in non-blocking mode.
2026-08-30T09:47:19.8732998Z Successfully opened named pipe: /podr/container/pipe/ddebe2928b80_app-devopsapp-task5/stdout_1bf64af2c73b4ed7b6f90624563908fd.
2026-08-30T09:47:19.8806312Z Successfully removed non-blocking flag from /podr/container/pipe/ddebe2928b80_app-devopsapp-task5/stdout_1bf64af2c73b4ed7b6f90624563908fd.
2026-08-30T09:47:19.8816069Z Creating stderr named pipe at /podr/container/pipe/ddebe2928b80_app-devopsapp-task5/stderr_cf34947cffe948dfaeff8196bd13134d.
2026-08-30T09:47:19.8816825Z Successfully created stderr named pipe at: /podr/container/pipe/ddebe2928b80_app-devopsapp-task5/stderr_cf34947cffe948dfaeff8196bd13134d.
2026-08-30T09:47:19.8817217Z Opening named pipe /podr/container/pipe/ddebe2928b80_app-devopsapp-task5/stderr_cf34947cffe948dfaeff8196bd13134d for reading in non-blocking mode.
2026-08-30T09:47:19.8817715Z Successfully opened named pipe: /podr/container/pipe/ddebe2928b80_app-devopsapp-task5/stderr_cf34947cffe948dfaeff8196bd13134d.
2026-08-30T09:47:19.8818147Z Successfully removed non-blocking flag from /podr/container/pipe/ddebe2928b80_app-devopsapp-task5/stderr_cf34947cffe948dfaeff8196bd13134d.
2026-08-30T09:47:19.8818877Z Overriding PORT environment variable with pre-calculated port: 8080.
2026-08-30T09:47:19.8820484Z Setting value of PORT variable to 8080
2026-08-30T09:47:19.8821288Z Creating container with image: appsvc/node:20-lts_20260710.8.tuxprod from registry: 10.1.0.6:13209 and fully qualified image name: 10.1.0.6:13209/appsvc/node:20-lts_20260710.8.tuxprod
2026-08-30T09:47:20.5606766Z Starting container: ddebe2928b80_app-devopsapp-task5.
2026-08-30T09:47:20.5919878Z Starting watchers and probes.
2026-08-30T09:47:20.5927309Z Starting metrics collection.
2026-08-30T09:47:20.5937627Z Container is running.
2026-08-30T09:47:20.6623949Z State: Starting, Action: CreatingContainer, LastError: VNETFailure, LastErrorTimestamp: 08/30/2026 09:42:04, LastErrorDetails: There was an issue setting up VNet., Details: Container app-devopsapp-task5 successfully created and is running., DetailsLevel: INFO
2026-08-30T09:47:20.9030298Z Container start method finished after 1922 ms.
2026-08-30T09:47:20.9031412Z State: Starting, Action: InitiatingSiteWarmUpProbe, LastError: VNETFailure, LastErrorTimestamp: 08/30/2026 09:42:04, LastErrorDetails: There was an issue setting up VNet., Details: Container app-devopsapp-task5 successfully created and is running., DetailsLevel: INFO
2026-08-30T09:47:20.9031708Z State: Starting, Action: WaitingForSiteWarmUpProbeSuccess, LastError: VNETFailure, LastErrorTimestamp: 08/30/2026 09:42:04, LastErrorDetails: There was an issue setting up VNet., Details: Pinging warmup path to ensure container is ready to receive requests., DetailsLevel: INFO
2026-08-30T09:47:38.9428318Z Site startup probe succeeded after 18.0390418 seconds.
2026-08-30T09:47:39.0839227Z State: Starting, Action: WarmUpProbeSucceeded, LastError: VNETFailure, LastErrorTimestamp: 08/30/2026 09:42:04, LastErrorDetails: There was an issue setting up VNet., Details: Site startup probe succeeded after 18.0390418 seconds., DetailsLevel: INFO
2026-08-30T09:47:39.3053269Z Site started.
2026-08-30T09:47:39.3053877Z State: Started, Action: None, LastError: VNETFailure, LastErrorTimestamp: 08/30/2026 09:42:04, LastErrorDetails: There was an issue setting up VNet., Details: Site started at 08/30/2026 09:47:39 (UTC), DetailsLevel: INFO
2026-08-30T09:47:39.3061396Z Site is running with patch version NODE-20.20.2
2026-08-30T09:47:46.3666204Z State: Starting, Action: EstablishingSiteNetworks, LastError: , LastErrorTimestamp: 01/01/0001 00:00:00, LastErrorDetails: , Details: , DetailsLevel: INFO
2026-08-30T09:47:48.4828877Z State: Starting, Action: StartingMsiContainer, LastError: , LastErrorTimestamp: 01/01/0001 00:00:00, LastErrorDetails: , Details: , DetailsLevel: INFO
2026-08-30T09:48:00.9006228Z State: Starting, Action: StartingSiteContainers, LastError: , LastErrorTimestamp: 01/01/0001 00:00:00, LastErrorDetails: , Details: , DetailsLevel: INFO
2026-08-30T09:48:00.9007158Z Container start method called.
2026-08-30T09:48:00.9007450Z State: Starting, Action: PullingImage, LastError: , LastErrorTimestamp: 01/01/0001 00:00:00, LastErrorDetails: , Details: Pulling image 10.1.0.6:13209/appsvc/node:20-lts_20260710.8.tuxprod for app-devopsapp-task5., DetailsLevel: INFO
2026-08-30T09:48:00.9007797Z Establishing network.
2026-08-30T09:48:00.9008237Z Pulling image: appsvc/node:20-lts_20260710.8.tuxprod.
2026-08-30T09:48:01.2119362Z Container is starting.
2026-08-30T09:48:01.2120065Z State: Starting, Action: MountingVolumes, LastError: , LastErrorTimestamp: 01/01/0001 00:00:00, LastErrorDetails: , Details: Mounting volumes for app-devopsapp-task5., DetailsLevel: INFO
2026-08-30T09:48:01.2120997Z Establishing user namespace if not established already.
2026-08-30T09:48:01.2122767Z Establishing network if not established already.
2026-08-30T09:48:01.2127101Z Mounting volumes.
2026-08-30T09:48:01.2129898Z Nested mountpoint site/wwwroot
2026-08-30T09:48:01.2422852Z Nested mountpoint volatile/logs
2026-08-30T09:48:01.2517948Z Nested mountpoint 
2026-08-30T09:48:01.2613122Z Nested mountpoint 
2026-08-30T09:48:01.3129929Z Nested mountpoint 
2026-08-30T09:48:01.3132662Z Nested mountpoint 
2026-08-30T09:48:01.3416953Z Nested mountpoint 
2026-08-30T09:48:01.6917430Z Skipping optional volume mount 'Package' at /home/site/wwwroot.
2026-08-30T09:48:02.0127453Z State: Starting, Action: CreatingContainer, LastError: , LastErrorTimestamp: 01/01/0001 00:00:00, LastErrorDetails: , Details: Finished pulling container image and mounting volumes for app-devopsapp-task5. Allocatinng the rest of the container resources to finish container creation., DetailsLevel: INFO
2026-08-30T09:48:02.0607697Z Creating container.
2026-08-30T09:48:02.0608687Z Creating pipes for streaming container io.
2026-08-30T09:48:02.0609191Z Creating stdout named pipe at /podr/container/pipe/7a1978865fbc_app-devopsapp-task5/stdout_3fb3ab1628294853902a4b66b2cfe859.
2026-08-30T09:48:02.0619778Z Successfully created stdout named pipe at: /podr/container/pipe/7a1978865fbc_app-devopsapp-task5/stdout_3fb3ab1628294853902a4b66b2cfe859.
2026-08-30T09:48:02.0624562Z Opening named pipe /podr/container/pipe/7a1978865fbc_app-devopsapp-task5/stdout_3fb3ab1628294853902a4b66b2cfe859 for reading in non-blocking mode.
2026-08-30T09:48:02.0625204Z Successfully opened named pipe: /podr/container/pipe/7a1978865fbc_app-devopsapp-task5/stdout_3fb3ab1628294853902a4b66b2cfe859.
2026-08-30T09:48:02.0625494Z Successfully removed non-blocking flag from /podr/container/pipe/7a1978865fbc_app-devopsapp-task5/stdout_3fb3ab1628294853902a4b66b2cfe859.
2026-08-30T09:48:02.0626507Z Creating stderr named pipe at /podr/container/pipe/7a1978865fbc_app-devopsapp-task5/stderr_7146aa902d4c4a29a17ecda7ada16a93.
2026-08-30T09:48:02.0627235Z Successfully created stderr named pipe at: /podr/container/pipe/7a1978865fbc_app-devopsapp-task5/stderr_7146aa902d4c4a29a17ecda7ada16a93.
2026-08-30T09:48:02.0627679Z Opening named pipe /podr/container/pipe/7a1978865fbc_app-devopsapp-task5/stderr_7146aa902d4c4a29a17ecda7ada16a93 for reading in non-blocking mode.
2026-08-30T09:48:02.0628185Z Successfully opened named pipe: /podr/container/pipe/7a1978865fbc_app-devopsapp-task5/stderr_7146aa902d4c4a29a17ecda7ada16a93.
2026-08-30T09:48:02.1008941Z Successfully removed non-blocking flag from /podr/container/pipe/7a1978865fbc_app-devopsapp-task5/stderr_7146aa902d4c4a29a17ecda7ada16a93.
2026-08-30T09:48:02.1009702Z Creating container with image: appsvc/node:20-lts_20260710.8.tuxprod from registry: 10.1.0.6:13209 and fully qualified image name: 10.1.0.6:13209/appsvc/node:20-lts_20260710.8.tuxprod
2026-08-30T09:48:03.5032756Z Starting container: 7a1978865fbc_app-devopsapp-task5.
2026-08-30T09:48:03.5942213Z Starting watchers and probes.
2026-08-30T09:48:03.6019553Z Starting metrics collection.
2026-08-30T09:48:03.6022578Z Container is running.
2026-08-30T09:48:03.6023144Z State: Starting, Action: CreatingContainer, LastError: , LastErrorTimestamp: 01/01/0001 00:00:00, LastErrorDetails: , Details: Container app-devopsapp-task5 successfully created and is running., DetailsLevel: INFO
2026-08-30T09:48:03.9912548Z Container start method finished after 3090 ms.
2026-08-30T09:48:03.9913955Z State: Starting, Action: InitiatingSiteWarmUpProbe, LastError: , LastErrorTimestamp: 01/01/0001 00:00:00, LastErrorDetails: , Details: Container app-devopsapp-task5 successfully created and is running., DetailsLevel: INFO
2026-08-30T09:48:03.9914099Z State: Starting, Action: WaitingForSiteWarmUpProbeSuccess, LastError: , LastErrorTimestamp: 01/01/0001 00:00:00, LastErrorDetails: , Details: Pinging warmup path to ensure container is ready to receive requests., DetailsLevel: INFO
2026-08-30T09:48:32.0614677Z Site startup probe succeeded after 28.069104 seconds.
2026-08-30T09:48:32.2208912Z State: Starting, Action: WarmUpProbeSucceeded, LastError: , LastErrorTimestamp: 01/01/0001 00:00:00, LastErrorDetails: , Details: Site startup probe succeeded after 28.069104 seconds., DetailsLevel: INFO
2026-08-30T09:48:32.5897827Z Site started.
2026-08-30T09:48:32.5902585Z State: Started, Action: None, LastError: , LastErrorTimestamp: 01/01/0001 00:00:00, LastErrorDetails: , Details: Site started at 08/30/2026 09:48:32 (UTC), DetailsLevel: INFO
2026-08-30T09:48:32.5904175Z Site is running with patch version NODE-20.20.2
2026-08-30T09:48:52.8081239Z State: Stopping, Action: StoppingSite, LastError: VNETFailure, LastErrorTimestamp: 08/30/2026 09:42:04, LastErrorDetails: There was an issue setting up VNet., Details: Site started at 08/30/2026 09:47:39 (UTC), DetailsLevel: INFO
2026-08-30T09:48:52.8092600Z State: Stopping, Action: StoppingSiteContainers, LastError: VNETFailure, LastErrorTimestamp: 08/30/2026 09:42:04, LastErrorDetails: There was an issue setting up VNet., Details: Site started at 08/30/2026 09:47:39 (UTC), DetailsLevel: INFO
2026-08-30T09:48:52.8097274Z Container is terminating. Grace period: 5 seconds.
2026-08-30T09:48:52.8480163Z Stop and delete container. Retry count = 0
2026-08-30T09:48:52.8482745Z Stopping container: ddebe2928b80_app-devopsapp-task5.
2026-08-30T09:48:57.9788995Z Deleting container: ddebe2928b80_app-devopsapp-task5. Retry count = 0
2026-08-30T09:48:58.1761171Z Container spec TerminationMessagePolicy  path 
2026-08-30T09:48:58.1852457Z Container is terminated. Total time elapsed: 5371 ms.
2026-08-30T09:48:58.6278934Z Site: app-devopsapp-task5 stopped.
2026-08-30T10:04:25.5619099Z State: Starting, Action: EstablishingSiteNetworks, LastError: , LastErrorTimestamp: 01/01/0001 00:00:00, LastErrorDetails: , Details: , DetailsLevel: INFO
2026-08-30T10:04:36.4011921Z State: Starting, Action: EstablishingSiteNetworks, LastError: VNETFailure, LastErrorTimestamp: 08/30/2026 10:04:36, LastErrorDetails: There was an issue setting up VNet., Details: , DetailsLevel: ERR
2026-08-30T10:04:36.4111640Z Failed to start site. Revert by stopping site.
2026-08-30T10:04:36.4123997Z State: Stopping, Action: StoppingSite, LastError: VNETFailure, LastErrorTimestamp: 08/30/2026 10:04:36, LastErrorDetails: There was an issue setting up VNet., Details: , DetailsLevel: ERR
2026-08-30T10:04:36.4205957Z State: Stopping, Action: StoppingSiteContainers, LastError: VNETFailure, LastErrorTimestamp: 08/30/2026 10:04:36, LastErrorDetails: There was an issue setting up VNet., Details: , DetailsLevel: ERR
2026-08-30T10:04:36.4206105Z Site: app-devopsapp-task5 stopped.
2026-08-30T10:04:56.9265756Z State: Stopping, Action: StoppingSite, LastError: VNETFailure, LastErrorTimestamp: 08/30/2026 09:42:04, LastErrorDetails: There was an issue setting up VNet., Details: Site started at 08/30/2026 09:48:32 (UTC), DetailsLevel: INFO
2026-08-30T10:04:56.9267050Z State: Stopping, Action: StoppingSiteContainers, LastError: VNETFailure, LastErrorTimestamp: 08/30/2026 09:42:04, LastErrorDetails: There was an issue setting up VNet., Details: Site started at 08/30/2026 09:48:32 (UTC), DetailsLevel: INFO
2026-08-30T10:04:56.9267475Z Container is terminating. Grace period: 5 seconds.
2026-08-30T10:04:56.9510580Z Stop and delete container. Retry count = 0
2026-08-30T10:04:56.9510940Z Stopping container: 7a1978865fbc_app-devopsapp-task5.
2026-08-30T10:05:02.2419109Z Deleting container: 7a1978865fbc_app-devopsapp-task5. Retry count = 0
2026-08-30T10:05:02.5901955Z Container spec TerminationMessagePolicy  path 
2026-08-30T10:05:02.5904706Z Container is terminated. Total time elapsed: 5663 ms.
2026-08-30T10:05:02.9540842Z Site: app-devopsapp-task5 stopped.
2026-08-30T10:04:36.4402889Z State: Stopping, Action: UnmountingVolumes, LastError: VNETFailure, LastErrorTimestamp: 08/30/2026 10:04:36, LastErrorDetails: There was an issue setting up VNet., Details: , DetailsLevel: ERR
2026-08-30T10:04:36.5916613Z State: Stopping, Action: StoppingSiteNetworks, LastError: VNETFailure, LastErrorTimestamp: 08/30/2026 10:04:36, LastErrorDetails: There was an issue setting up VNet., Details: , DetailsLevel: ERR
2026-08-30T10:04:36.7129552Z State: Stopped, Action: None, LastError: VNETFailure, LastErrorTimestamp: 08/30/2026 10:04:36, LastErrorDetails: There was an issue setting up VNet., Details: Site stopped at 08/30/2026 10:04:36 (UTC), DetailsLevel: ERR
2026-08-30T10:07:28.5288918Z State: Starting, Action: EstablishingSiteNetworks, LastError: VNETFailure, LastErrorTimestamp: 08/30/2026 10:04:36, LastErrorDetails: There was an issue setting up VNet., Details: Site stopped at 08/30/2026 10:04:36 (UTC), DetailsLevel: ERR
2026-08-30T10:07:32.7326636Z State: Starting, Action: EstablishingSiteNetworks, LastError: VNETFailure, LastErrorTimestamp: 08/30/2026 10:07:32, LastErrorDetails: There was an issue setting up VNet., Details: Site stopped at 08/30/2026 10:04:36 (UTC), DetailsLevel: ERR
2026-08-30T10:07:32.7334215Z Failed to start site. Revert by stopping site.
2026-08-30T10:07:32.7416941Z State: Stopping, Action: StoppingSite, LastError: VNETFailure, LastErrorTimestamp: 08/30/2026 10:07:32, LastErrorDetails: There was an issue setting up VNet., Details: Site stopped at 08/30/2026 10:04:36 (UTC), DetailsLevel: ERR
2026-08-30T10:07:32.7419193Z State: Stopping, Action: StoppingSiteContainers, LastError: VNETFailure, LastErrorTimestamp: 08/30/2026 10:07:32, LastErrorDetails: There was an issue setting up VNet., Details: Site stopped at 08/30/2026 10:04:36 (UTC), DetailsLevel: ERR
2026-08-30T10:07:32.7419330Z Site: app-devopsapp-task5 stopped.
2026-08-30T10:07:58.7106275Z State: Starting, Action: EstablishingSiteNetworks, LastError: VNETFailure, LastErrorTimestamp: 08/30/2026 10:07:32, LastErrorDetails: There was an issue setting up VNet., Details: Site stopped at 08/30/2026 10:07:33 (UTC), DetailsLevel: WARN
2026-08-30T10:08:00.1319409Z State: Starting, Action: StartingMsiContainer, LastError: VNETFailure, LastErrorTimestamp: 08/30/2026 10:07:32, LastErrorDetails: There was an issue setting up VNet., Details: Site stopped at 08/30/2026 10:07:33 (UTC), DetailsLevel: WARN
2026-08-30T10:08:10.7685048Z State: Starting, Action: StartingSiteContainers, LastError: VNETFailure, LastErrorTimestamp: 08/30/2026 10:07:32, LastErrorDetails: There was an issue setting up VNet., Details: Site stopped at 08/30/2026 10:07:33 (UTC), DetailsLevel: WARN
2026-08-30T10:08:10.7687083Z Container start method called.
2026-08-30T10:08:10.7689411Z State: Starting, Action: PullingImage, LastError: VNETFailure, LastErrorTimestamp: 08/30/2026 10:07:32, LastErrorDetails: There was an issue setting up VNet., Details: Pulling image 10.1.0.6:13209/appsvc/node:20-lts_20260710.8.tuxprod for app-devopsapp-task5., DetailsLevel: INFO
2026-08-30T10:08:10.7691149Z Establishing network.
2026-08-30T10:08:10.7868241Z Pulling image: appsvc/node:20-lts_20260710.8.tuxprod.
2026-08-30T10:08:11.6599636Z Container is starting.
2026-08-30T10:08:11.6600098Z State: Starting, Action: MountingVolumes, LastError: VNETFailure, LastErrorTimestamp: 08/30/2026 10:07:32, LastErrorDetails: There was an issue setting up VNet., Details: Mounting volumes for app-devopsapp-task5., DetailsLevel: INFO
2026-08-30T10:08:11.6600348Z Establishing user namespace if not established already.
2026-08-30T10:08:11.6600596Z Establishing network if not established already.
2026-08-30T10:08:11.6600933Z Mounting volumes.
2026-08-30T10:08:11.6601460Z Nested mountpoint site/wwwroot
2026-08-30T10:08:11.6794217Z Nested mountpoint volatile/logs
2026-08-30T10:08:11.7178971Z Nested mountpoint 
2026-08-30T10:08:11.7475376Z Nested mountpoint 
2026-08-30T10:08:11.7583602Z Nested mountpoint 
2026-08-30T10:08:11.7585764Z Nested mountpoint 
2026-08-30T10:08:11.8076937Z Nested mountpoint 
2026-08-30T10:08:11.9900474Z Skipping optional volume mount 'Package' at /home/site/wwwroot.
2026-08-30T10:08:12.0618264Z State: Starting, Action: CreatingContainer, LastError: VNETFailure, LastErrorTimestamp: 08/30/2026 10:07:32, LastErrorDetails: There was an issue setting up VNet., Details: Finished pulling container image and mounting volumes for app-devopsapp-task5. Allocatinng the rest of the container resources to finish container creation., DetailsLevel: INFO
2026-08-30T10:08:12.0620386Z Creating container.
2026-08-30T10:08:12.0622371Z Creating pipes for streaming container io.
2026-08-30T10:08:12.0699714Z Creating stdout named pipe at /podr/container/pipe/52271e0c37cc_app-devopsapp-task5/stdout_a6755158164742b7a3138fea6414644d.
2026-08-30T10:08:12.0703825Z Successfully created stdout named pipe at: /podr/container/pipe/52271e0c37cc_app-devopsapp-task5/stdout_a6755158164742b7a3138fea6414644d.
2026-08-30T10:08:12.0707302Z Opening named pipe /podr/container/pipe/52271e0c37cc_app-devopsapp-task5/stdout_a6755158164742b7a3138fea6414644d for reading in non-blocking mode.
2026-08-30T10:08:12.0711069Z Successfully opened named pipe: /podr/container/pipe/52271e0c37cc_app-devopsapp-task5/stdout_a6755158164742b7a3138fea6414644d.
2026-08-30T10:08:12.0714642Z Successfully removed non-blocking flag from /podr/container/pipe/52271e0c37cc_app-devopsapp-task5/stdout_a6755158164742b7a3138fea6414644d.
2026-08-30T10:08:12.0793899Z Creating stderr named pipe at /podr/container/pipe/52271e0c37cc_app-devopsapp-task5/stderr_4162bbb5a2ce429e978a43939d53f22f.
2026-08-30T10:08:12.0795617Z Successfully created stderr named pipe at: /podr/container/pipe/52271e0c37cc_app-devopsapp-task5/stderr_4162bbb5a2ce429e978a43939d53f22f.
2026-08-30T10:08:12.0796115Z Opening named pipe /podr/container/pipe/52271e0c37cc_app-devopsapp-task5/stderr_4162bbb5a2ce429e978a43939d53f22f for reading in non-blocking mode.
2026-08-30T10:08:12.0796630Z Successfully opened named pipe: /podr/container/pipe/52271e0c37cc_app-devopsapp-task5/stderr_4162bbb5a2ce429e978a43939d53f22f.
2026-08-30T10:08:12.0799510Z Successfully removed non-blocking flag from /podr/container/pipe/52271e0c37cc_app-devopsapp-task5/stderr_4162bbb5a2ce429e978a43939d53f22f.
2026-08-30T10:08:12.0801076Z Creating container with image: appsvc/node:20-lts_20260710.8.tuxprod from registry: 10.1.0.6:13209 and fully qualified image name: 10.1.0.6:13209/appsvc/node:20-lts_20260710.8.tuxprod
2026-08-30T10:08:12.4254040Z Starting container: 52271e0c37cc_app-devopsapp-task5.
2026-08-30T10:08:12.4808333Z Starting watchers and probes.
2026-08-30T10:08:12.4813520Z Starting metrics collection.
2026-08-30T10:08:12.4814899Z Container is running.
2026-08-30T10:08:12.4821058Z State: Starting, Action: CreatingContainer, LastError: VNETFailure, LastErrorTimestamp: 08/30/2026 10:07:32, LastErrorDetails: There was an issue setting up VNet., Details: Container app-devopsapp-task5 successfully created and is running., DetailsLevel: INFO
2026-08-30T10:08:12.6003583Z Container start method finished after 1831 ms.
2026-08-30T10:08:12.6006631Z State: Starting, Action: InitiatingSiteWarmUpProbe, LastError: VNETFailure, LastErrorTimestamp: 08/30/2026 10:07:32, LastErrorDetails: There was an issue setting up VNet., Details: Container app-devopsapp-task5 successfully created and is running., DetailsLevel: INFO
2026-08-30T10:08:12.6007453Z State: Starting, Action: WaitingForSiteWarmUpProbeSuccess, LastError: VNETFailure, LastErrorTimestamp: 08/30/2026 10:07:32, LastErrorDetails: There was an issue setting up VNet., Details: Pinging warmup path to ensure container is ready to receive requests., DetailsLevel: INFO
2026-08-30T10:08:30.6837725Z Site startup probe succeeded after 18.058272 seconds.
2026-08-30T10:08:30.8037981Z State: Starting, Action: WarmUpProbeSucceeded, LastError: VNETFailure, LastErrorTimestamp: 08/30/2026 10:07:32, LastErrorDetails: There was an issue setting up VNet., Details: Site startup probe succeeded after 18.058272 seconds., DetailsLevel: INFO
2026-08-30T10:08:31.4109827Z Site started.
2026-08-30T10:08:31.4115310Z State: Started, Action: None, LastError: VNETFailure, LastErrorTimestamp: 08/30/2026 10:07:32, LastErrorDetails: There was an issue setting up VNet., Details: Site started at 08/30/2026 10:08:31 (UTC), DetailsLevel: INFO
2026-08-30T10:08:31.4424649Z Site is running with patch version NODE-20.20.2
2026-08-30T10:35:38.0247835Z State: Starting, Action: EstablishingSiteNetworks, LastError: , LastErrorTimestamp: 01/01/0001 00:00:00, LastErrorDetails: , Details: , DetailsLevel: INFO
2026-08-30T10:35:48.7104163Z State: Starting, Action: EstablishingSiteNetworks, LastError: VNETFailure, LastErrorTimestamp: 08/30/2026 10:35:48, LastErrorDetails: There was an issue setting up VNet., Details: , DetailsLevel: ERR
2026-08-30T10:35:48.7128017Z Failed to start site. Revert by stopping site.
2026-08-30T10:35:48.7301081Z State: Stopping, Action: StoppingSite, LastError: VNETFailure, LastErrorTimestamp: 08/30/2026 10:35:48, LastErrorDetails: There was an issue setting up VNet., Details: , DetailsLevel: ERR
2026-08-30T10:35:48.7305997Z State: Stopping, Action: StoppingSiteContainers, LastError: VNETFailure, LastErrorTimestamp: 08/30/2026 10:35:48, LastErrorDetails: There was an issue setting up VNet., Details: , DetailsLevel: ERR
2026-08-30T10:35:48.7308247Z Site: app-devopsapp-task5 stopped.
2026-08-30T10:36:09.1657925Z State: Stopping, Action: StoppingSite, LastError: VNETFailure, LastErrorTimestamp: 08/30/2026 10:07:32, LastErrorDetails: There was an issue setting up VNet., Details: Site started at 08/30/2026 10:08:31 (UTC), DetailsLevel: INFO
2026-08-30T10:36:09.1666624Z State: Stopping, Action: StoppingSiteContainers, LastError: VNETFailure, LastErrorTimestamp: 08/30/2026 10:07:32, LastErrorDetails: There was an issue setting up VNet., Details: Site started at 08/30/2026 10:08:31 (UTC), DetailsLevel: INFO
2026-08-30T10:36:09.1669773Z Container is terminating. Grace period: 5 seconds.
2026-08-30T10:36:09.1793981Z Stop and delete container. Retry count = 0
2026-08-30T10:36:09.1863655Z Stopping container: 52271e0c37cc_app-devopsapp-task5.
2026-08-30T10:36:14.2931510Z Deleting container: 52271e0c37cc_app-devopsapp-task5. Retry count = 0
2026-08-30T10:36:14.4309286Z Container spec TerminationMessagePolicy  path 
2026-08-30T10:36:14.4312833Z Container is terminated. Total time elapsed: 5264 ms.
2026-08-30T10:36:14.7114509Z Site: app-devopsapp-task5 stopped.
2026-08-30T10:35:48.7662886Z State: Stopping, Action: UnmountingVolumes, LastError: VNETFailure, LastErrorTimestamp: 08/30/2026 10:35:48, LastErrorDetails: There was an issue setting up VNet., Details: , DetailsLevel: ERR
2026-08-30T10:35:48.8926062Z State: Stopping, Action: StoppingSiteNetworks, LastError: VNETFailure, LastErrorTimestamp: 08/30/2026 10:35:48, LastErrorDetails: There was an issue setting up VNet., Details: , DetailsLevel: ERR
2026-08-30T10:35:49.0043895Z State: Stopped, Action: None, LastError: VNETFailure, LastErrorTimestamp: 08/30/2026 10:35:48, LastErrorDetails: There was an issue setting up VNet., Details: Site stopped at 08/30/2026 10:35:49 (UTC), DetailsLevel: ERR
2026-08-30T10:40:50.1326254Z State: Starting, Action: EstablishingSiteNetworks, LastError: VNETFailure, LastErrorTimestamp: 08/30/2026 10:35:48, LastErrorDetails: There was an issue setting up VNet., Details: Site stopped at 08/30/2026 10:35:49 (UTC), DetailsLevel: ERR
2026-08-30T10:40:55.2407983Z State: Starting, Action: StartingMsiContainer, LastError: VNETFailure, LastErrorTimestamp: 08/30/2026 10:35:48, LastErrorDetails: There was an issue setting up VNet., Details: Site stopped at 08/30/2026 10:35:49 (UTC), DetailsLevel: ERR
2026-08-30T10:41:03.9183712Z State: Starting, Action: StartingSiteContainers, LastError: VNETFailure, LastErrorTimestamp: 08/30/2026 10:35:48, LastErrorDetails: There was an issue setting up VNet., Details: Site stopped at 08/30/2026 10:35:49 (UTC), DetailsLevel: ERR
2026-08-30T10:41:03.9356756Z Container start method called.
2026-08-30T10:41:03.9361617Z State: Starting, Action: PullingImage, LastError: VNETFailure, LastErrorTimestamp: 08/30/2026 10:35:48, LastErrorDetails: There was an issue setting up VNet., Details: Pulling image 10.1.0.4:13209/appsvc/node:20-lts_20260710.8.tuxprod for app-devopsapp-task5., DetailsLevel: INFO
2026-08-30T10:41:03.9364180Z Establishing network.
2026-08-30T10:41:03.9365251Z Pulling image: appsvc/node:20-lts_20260710.8.tuxprod.
2026-08-30T10:41:04.1477089Z Container is starting.
2026-08-30T10:41:04.1477820Z State: Starting, Action: MountingVolumes, LastError: VNETFailure, LastErrorTimestamp: 08/30/2026 10:35:48, LastErrorDetails: There was an issue setting up VNet., Details: Mounting volumes for app-devopsapp-task5., DetailsLevel: INFO
2026-08-30T10:41:04.1478175Z Establishing user namespace if not established already.
2026-08-30T10:41:04.1478441Z Establishing network if not established already.
2026-08-30T10:41:04.1478795Z Mounting volumes.
2026-08-30T10:41:04.1479440Z Nested mountpoint site/wwwroot
2026-08-30T10:41:04.1666659Z Nested mountpoint volatile/logs
2026-08-30T10:41:04.1784167Z Nested mountpoint 
2026-08-30T10:41:04.2084088Z Nested mountpoint 
2026-08-30T10:41:04.2584801Z Nested mountpoint 
2026-08-30T10:41:04.2679616Z Nested mountpoint 
2026-08-30T10:41:04.2784808Z Nested mountpoint 
2026-08-30T10:41:04.6292964Z Skipping optional volume mount 'Package' at /home/site/wwwroot.
2026-08-30T10:41:04.7772451Z State: Starting, Action: CreatingContainer, LastError: VNETFailure, LastErrorTimestamp: 08/30/2026 10:35:48, LastErrorDetails: There was an issue setting up VNet., Details: Finished pulling container image and mounting volumes for app-devopsapp-task5. Allocatinng the rest of the container resources to finish container creation., DetailsLevel: INFO
2026-08-30T10:41:04.7772809Z Creating container.
2026-08-30T10:41:04.7773054Z Creating pipes for streaming container io.
2026-08-30T10:41:04.7773285Z Creating stdout named pipe at /podr/container/pipe/481e23922844_app-devopsapp-task5/stdout_e32d8a94bafb4c8e8abfea405c895e37.
2026-08-30T10:41:04.7774762Z Successfully created stdout named pipe at: /podr/container/pipe/481e23922844_app-devopsapp-task5/stdout_e32d8a94bafb4c8e8abfea405c895e37.
2026-08-30T10:41:04.7775178Z Opening named pipe /podr/container/pipe/481e23922844_app-devopsapp-task5/stdout_e32d8a94bafb4c8e8abfea405c895e37 for reading in non-blocking mode.
2026-08-30T10:41:04.7775664Z Successfully opened named pipe: /podr/container/pipe/481e23922844_app-devopsapp-task5/stdout_e32d8a94bafb4c8e8abfea405c895e37.
2026-08-30T10:41:04.7776095Z Successfully removed non-blocking flag from /podr/container/pipe/481e23922844_app-devopsapp-task5/stdout_e32d8a94bafb4c8e8abfea405c895e37.
2026-08-30T10:41:04.7777165Z Creating stderr named pipe at /podr/container/pipe/481e23922844_app-devopsapp-task5/stderr_016726f3869c46f3a170ec178dab6d27.
2026-08-30T10:41:04.7778427Z Successfully created stderr named pipe at: /podr/container/pipe/481e23922844_app-devopsapp-task5/stderr_016726f3869c46f3a170ec178dab6d27.
2026-08-30T10:41:04.7779196Z Opening named pipe /podr/container/pipe/481e23922844_app-devopsapp-task5/stderr_016726f3869c46f3a170ec178dab6d27 for reading in non-blocking mode.
2026-08-30T10:41:04.7781255Z Successfully opened named pipe: /podr/container/pipe/481e23922844_app-devopsapp-task5/stderr_016726f3869c46f3a170ec178dab6d27.
2026-08-30T10:41:04.7967361Z Successfully removed non-blocking flag from /podr/container/pipe/481e23922844_app-devopsapp-task5/stderr_016726f3869c46f3a170ec178dab6d27.
2026-08-30T10:41:04.7974177Z Overriding PORT environment variable with pre-calculated port: 8080.
2026-08-30T10:41:04.7974542Z Setting value of PORT variable to 8080
2026-08-30T10:41:04.7975133Z Creating container with image: appsvc/node:20-lts_20260710.8.tuxprod from registry: 10.1.0.4:13209 and fully qualified image name: 10.1.0.4:13209/appsvc/node:20-lts_20260710.8.tuxprod
2026-08-30T10:41:05.2181941Z Starting container: 481e23922844_app-devopsapp-task5.
2026-08-30T10:41:05.2679333Z Starting watchers and probes.
2026-08-30T10:41:05.2688080Z Starting metrics collection.
2026-08-30T10:41:05.2693157Z Container is running.
2026-08-30T10:41:05.2696545Z State: Starting, Action: CreatingContainer, LastError: VNETFailure, LastErrorTimestamp: 08/30/2026 10:35:48, LastErrorDetails: There was an issue setting up VNet., Details: Container app-devopsapp-task5 successfully created and is running., DetailsLevel: INFO
2026-08-30T10:41:05.3681818Z Container start method finished after 1432 ms.
2026-08-30T10:41:05.3682805Z State: Starting, Action: InitiatingSiteWarmUpProbe, LastError: VNETFailure, LastErrorTimestamp: 08/30/2026 10:35:48, LastErrorDetails: There was an issue setting up VNet., Details: Container app-devopsapp-task5 successfully created and is running., DetailsLevel: INFO
2026-08-30T10:41:05.3683150Z State: Starting, Action: WaitingForSiteWarmUpProbeSuccess, LastError: VNETFailure, LastErrorTimestamp: 08/30/2026 10:35:48, LastErrorDetails: There was an issue setting up VNet., Details: Pinging warmup path to ensure container is ready to receive requests., DetailsLevel: INFO
2026-08-30T10:41:22.4414281Z Site startup probe succeeded after 17.0421133 seconds.
2026-08-30T10:41:22.6029811Z State: Starting, Action: WarmUpProbeSucceeded, LastError: VNETFailure, LastErrorTimestamp: 08/30/2026 10:35:48, LastErrorDetails: There was an issue setting up VNet., Details: Site startup probe succeeded after 17.0421133 seconds., DetailsLevel: INFO
2026-08-30T10:41:22.9139768Z Site started.
2026-08-30T10:41:22.9144307Z State: Started, Action: None, LastError: VNETFailure, LastErrorTimestamp: 08/30/2026 10:35:48, LastErrorDetails: There was an issue setting up VNet., Details: Site started at 08/30/2026 10:41:22 (UTC), DetailsLevel: INFO
2026-08-30T10:41:22.9510107Z Site is running with patch version NODE-20.20.2
2026-08-30T11:38:24.5293706Z State: Starting, Action: EstablishingSiteNetworks, LastError: , LastErrorTimestamp: 01/01/0001 00:00:00, LastErrorDetails: , Details: , DetailsLevel: INFO
2026-08-30T11:38:26.5701080Z Update mount on running container.
2026-08-30T11:38:27.7106744Z State: Starting, Action: StartingMsiContainer, LastError: , LastErrorTimestamp: 01/01/0001 00:00:00, LastErrorDetails: , Details: , DetailsLevel: INFO
2026-08-30T11:38:27.9713340Z Container failed to remount volume. Terminate.
2026-08-30T11:38:27.9794972Z Container is terminating. Grace period: 5 seconds.
2026-08-30T11:38:28.0198562Z Stop and delete container. Retry count = 0
2026-08-30T11:38:28.0202318Z Stopping container: 481e23922844_app-devopsapp-task5.
2026-08-30T11:38:34.2327607Z Deleting container: 481e23922844_app-devopsapp-task5. Retry count = 0
2026-08-30T11:38:34.8333071Z Container spec TerminationMessagePolicy  path 
2026-08-30T11:38:34.8735944Z Container is terminated. Total time elapsed: 6884 ms.
2026-08-30T11:38:34.9041659Z Site container: app-devopsapp-task5 terminated. Stopping the entire site.
2026-08-30T11:38:34.9051447Z State: Stopping, Action: StoppingSite, LastError: VNETFailure, LastErrorTimestamp: 08/30/2026 10:35:48, LastErrorDetails: There was an issue setting up VNet., Details: Site started at 08/30/2026 10:41:22 (UTC), DetailsLevel: INFO
2026-08-30T11:38:34.9333871Z State: Stopping, Action: StoppingSiteContainers, LastError: VNETFailure, LastErrorTimestamp: 08/30/2026 10:35:48, LastErrorDetails: There was an issue setting up VNet., Details: Site started at 08/30/2026 10:41:22 (UTC), DetailsLevel: INFO
2026-08-30T11:38:35.5234403Z Site: app-devopsapp-task5 stopped.
2026-08-30T11:38:41.0050027Z State: Starting, Action: StartingSiteContainers, LastError: , LastErrorTimestamp: 01/01/0001 00:00:00, LastErrorDetails: , Details: , DetailsLevel: INFO
2026-08-30T11:38:41.0050735Z Container start method called.
2026-08-30T11:38:41.0050959Z State: Starting, Action: PullingImage, LastError: , LastErrorTimestamp: 01/01/0001 00:00:00, LastErrorDetails: , Details: Pulling image 10.1.0.6:13209/appsvc/node:20-lts_20260710.8.tuxprod for app-devopsapp-task5., DetailsLevel: INFO
2026-08-30T11:38:41.0051229Z Establishing network.
2026-08-30T11:38:41.0051530Z Pulling image: appsvc/node:20-lts_20260710.8.tuxprod.
2026-08-30T11:38:41.2068514Z Container is starting.
2026-08-30T11:38:41.2068894Z State: Starting, Action: MountingVolumes, LastError: , LastErrorTimestamp: 01/01/0001 00:00:00, LastErrorDetails: , Details: Mounting volumes for app-devopsapp-task5., DetailsLevel: INFO
2026-08-30T11:38:41.2069178Z Establishing user namespace if not established already.
2026-08-30T11:38:41.2069430Z Establishing network if not established already.
2026-08-30T11:38:41.2069855Z Mounting volumes.
2026-08-30T11:38:41.2070450Z Nested mountpoint site/wwwroot
2026-08-30T11:38:41.2270124Z Nested mountpoint volatile/logs
2026-08-30T11:38:41.2567437Z Nested mountpoint 
2026-08-30T11:38:41.2880182Z Nested mountpoint 
2026-08-30T11:38:41.3391275Z Nested mountpoint 
2026-08-30T11:38:41.3675729Z Nested mountpoint 
2026-08-30T11:38:41.3683038Z Nested mountpoint 
2026-08-30T11:38:41.7891317Z State: Starting, Action: CreatingContainer, LastError: , LastErrorTimestamp: 01/01/0001 00:00:00, LastErrorDetails: , Details: Finished pulling container image and mounting volumes for app-devopsapp-task5. Allocatinng the rest of the container resources to finish container creation., DetailsLevel: INFO
2026-08-30T11:38:41.7892064Z Creating container.
2026-08-30T11:38:41.7894279Z Creating pipes for streaming container io.
2026-08-30T11:38:41.7979225Z Creating stdout named pipe at /podr/container/pipe/4d7542da9223_app-devopsapp-task5/stdout_75f38e5fd3e24f6282f9914bf0d22860.
2026-08-30T11:38:41.7982266Z Successfully created stdout named pipe at: /podr/container/pipe/4d7542da9223_app-devopsapp-task5/stdout_75f38e5fd3e24f6282f9914bf0d22860.
2026-08-30T11:38:41.7984459Z Opening named pipe /podr/container/pipe/4d7542da9223_app-devopsapp-task5/stdout_75f38e5fd3e24f6282f9914bf0d22860 for reading in non-blocking mode.
2026-08-30T11:38:41.7988139Z Successfully opened named pipe: /podr/container/pipe/4d7542da9223_app-devopsapp-task5/stdout_75f38e5fd3e24f6282f9914bf0d22860.
2026-08-30T11:38:41.7990969Z Successfully removed non-blocking flag from /podr/container/pipe/4d7542da9223_app-devopsapp-task5/stdout_75f38e5fd3e24f6282f9914bf0d22860.
2026-08-30T11:38:41.8066035Z Creating stderr named pipe at /podr/container/pipe/4d7542da9223_app-devopsapp-task5/stderr_4c7e5c3bb1034fafacb562d291ab4b44.
2026-08-30T11:38:41.8068801Z Successfully created stderr named pipe at: /podr/container/pipe/4d7542da9223_app-devopsapp-task5/stderr_4c7e5c3bb1034fafacb562d291ab4b44.
2026-08-30T11:38:41.8071083Z Opening named pipe /podr/container/pipe/4d7542da9223_app-devopsapp-task5/stderr_4c7e5c3bb1034fafacb562d291ab4b44 for reading in non-blocking mode.
2026-08-30T11:38:41.8076712Z Successfully opened named pipe: /podr/container/pipe/4d7542da9223_app-devopsapp-task5/stderr_4c7e5c3bb1034fafacb562d291ab4b44.
2026-08-30T11:38:41.8079726Z Successfully removed non-blocking flag from /podr/container/pipe/4d7542da9223_app-devopsapp-task5/stderr_4c7e5c3bb1034fafacb562d291ab4b44.
2026-08-30T11:38:41.8083888Z Overriding PORT environment variable with pre-calculated port: 8080.
2026-08-30T11:38:41.8084956Z Setting value of PORT variable to 8080
2026-08-30T11:38:41.8085605Z Creating container with image: appsvc/node:20-lts_20260710.8.tuxprod from registry: 10.1.0.6:13209 and fully qualified image name: 10.1.0.6:13209/appsvc/node:20-lts_20260710.8.tuxprod
2026-08-30T11:38:42.0563896Z Starting container: 4d7542da9223_app-devopsapp-task5.
2026-08-30T11:38:42.1071838Z Starting watchers and probes.
2026-08-30T11:38:42.1073428Z Starting metrics collection.
2026-08-30T11:38:42.1075507Z Container is running.
2026-08-30T11:38:42.1078178Z State: Starting, Action: CreatingContainer, LastError: , LastErrorTimestamp: 01/01/0001 00:00:00, LastErrorDetails: , Details: Container app-devopsapp-task5 successfully created and is running., DetailsLevel: INFO
2026-08-30T11:38:42.1281943Z Container start method finished after 1123 ms.
2026-08-30T11:38:42.1282954Z State: Starting, Action: InitiatingSiteWarmUpProbe, LastError: , LastErrorTimestamp: 01/01/0001 00:00:00, LastErrorDetails: , Details: Container app-devopsapp-task5 successfully created and is running., DetailsLevel: INFO
2026-08-30T11:38:42.1286511Z State: Starting, Action: WaitingForSiteWarmUpProbeSuccess, LastError: , LastErrorTimestamp: 01/01/0001 00:00:00, LastErrorDetails: , Details: Pinging warmup path to ensure container is ready to receive requests., DetailsLevel: INFO
2026-08-30T11:39:02.8383101Z Container has finished running with exit code: 1.
2026-08-30T11:39:02.8389374Z Container is terminating. Grace period: 5 seconds.
2026-08-30T11:39:02.8400687Z Stop and delete container. Retry count = 0
2026-08-30T11:39:02.8403861Z Stopping container: 4d7542da9223_app-devopsapp-task5.
2026-08-30T11:39:02.8898279Z Deleting container: 4d7542da9223_app-devopsapp-task5. Retry count = 0
2026-08-30T11:39:03.0305658Z Container spec TerminationMessagePolicy  path 
2026-08-30T11:39:03.0383432Z Container is terminated. Total time elapsed: 191 ms.
2026-08-30T11:39:03.0388052Z Site container: app-devopsapp-task5 terminated during site startup.
2026-08-30T11:39:03.0934241Z State: Stopping, Action: CancellingStartup, LastError: , LastErrorTimestamp: 01/01/0001 00:00:00, LastErrorDetails: , Details: Site container: app-devopsapp-task5 terminated during site startup. Cancelling site startup., DetailsLevel: ERR
2026-08-30T11:39:03.1106508Z Site startup probe failed after 20.9710412 seconds.
2026-08-30T11:39:03.2882228Z State: Stopping, Action: CancellingStartup, LastError: ContainerStartupFailure, LastErrorTimestamp: 08/30/2026 11:39:03, LastErrorDetails: Container exited with exit code 1 during startup after 20.9s. Please inspect your container logs for more details., Details: Site container: app-devopsapp-task5 terminated during site startup. Cancelling site startup., DetailsLevel: ERR
2026-08-30T11:39:03.2899418Z Failed to start site. Revert by stopping site.
2026-08-30T11:39:03.2902354Z State: Stopping, Action: StoppingSite, LastError: ContainerStartupFailure, LastErrorTimestamp: 08/30/2026 11:39:03, LastErrorDetails: Container exited with exit code 1 during startup after 20.9s. Please inspect your container logs for more details., Details: Site container: app-devopsapp-task5 terminated during site startup. Cancelling site startup., DetailsLevel: ERR
2026-08-30T11:39:03.2907785Z State: Stopping, Action: StoppingSiteContainers, LastError: ContainerStartupFailure, LastErrorTimestamp: 08/30/2026 11:39:03, LastErrorDetails: Container exited with exit code 1 during startup after 20.9s. Please inspect your container logs for more details., Details: Site container: app-devopsapp-task5 terminated during site startup. Cancelling site startup., DetailsLevel: ERR
2026-08-30T11:39:03.5383070Z Site container: app-devopsapp-task5_managedIdentity terminated during site startup.
2026-08-30T11:39:03.5387486Z State: Stopping, Action: StoppingSiteContainers, LastError: ContainerStartupFailure, LastErrorTimestamp: 08/30/2026 11:39:03, LastErrorDetails: Container exited with exit code 1 during startup after 20.9s. Please inspect your container logs for more details., Details: Site container: app-devopsapp-task5 terminated during site startup. Cancelling site startup., DetailsLevel: ERR
2026-08-30T11:39:03.5388455Z Site: app-devopsapp-task5 stopped.
2026-08-30T11:39:03.5485989Z State: Stopping, Action: UnmountingVolumes, LastError: ContainerStartupFailure, LastErrorTimestamp: 08/30/2026 11:39:03, LastErrorDetails: Container exited with exit code 1 during startup after 20.9s. Please inspect your container logs for more details., Details: Site container: app-devopsapp-task5 terminated during site startup. Cancelling site startup., DetailsLevel: ERR
2026-08-30T11:39:03.8310137Z State: Stopping, Action: StoppingSiteNetworks, LastError: ContainerStartupFailure, LastErrorTimestamp: 08/30/2026 11:39:03, LastErrorDetails: Container exited with exit code 1 during startup after 20.9s. Please inspect your container logs for more details., Details: Site container: app-devopsapp-task5 terminated during site startup. Cancelling site startup., DetailsLevel: ERR
2026-08-30T11:39:04.1913072Z State: Stopped, Action: None, LastError: ContainerStartupFailure, LastErrorTimestamp: 08/30/2026 11:39:03, LastErrorDetails: Container exited with exit code 1 during startup after 20.9s. Please inspect your container logs for more details., Details: Site stopped at 08/30/2026 11:39:04 (UTC), DetailsLevel: ERR
2026-08-30T11:39:04.5022532Z State: Stopped, Action: None, LastError: ContainerStartupFailure, LastErrorTimestamp: 08/30/2026 11:39:03, LastErrorDetails: Container exited with exit code 1 during startup after 20.9s. Please inspect your container logs for more details., Details: Site stopped at 08/30/2026 11:39:04 (UTC), DetailsLevel: ERR
2026-08-30T11:40:53.2342361Z State: Starting, Action: EstablishingSiteNetworks, LastError: ContainerStartupFailure, LastErrorTimestamp: 08/30/2026 11:39:03, LastErrorDetails: Container exited with exit code 1 during startup after 20.9s. Please inspect your container logs for more details., Details: Site stopped at 08/30/2026 11:39:04 (UTC), DetailsLevel: ERR
2026-08-30T11:40:55.1168366Z State: Starting, Action: StartingMsiContainer, LastError: ContainerStartupFailure, LastErrorTimestamp: 08/30/2026 11:39:03, LastErrorDetails: Container exited with exit code 1 during startup after 20.9s. Please inspect your container logs for more details., Details: Site stopped at 08/30/2026 11:39:04 (UTC), DetailsLevel: ERR
2026-08-30T11:41:04.3556236Z State: Starting, Action: StartingSiteContainers, LastError: ContainerStartupFailure, LastErrorTimestamp: 08/30/2026 11:39:03, LastErrorDetails: Container exited with exit code 1 during startup after 20.9s. Please inspect your container logs for more details., Details: Site stopped at 08/30/2026 11:39:04 (UTC), DetailsLevel: ERR
2026-08-30T11:41:04.3556683Z Container start method called.
2026-08-30T11:41:04.3556873Z State: Starting, Action: PullingImage, LastError: ContainerStartupFailure, LastErrorTimestamp: 08/30/2026 11:39:03, LastErrorDetails: Container exited with exit code 1 during startup after 20.9s. Please inspect your container logs for more details., Details: Pulling image 10.1.0.6:13209/appsvc/node:20-lts_20260710.8.tuxprod for app-devopsapp-task5., DetailsLevel: INFO
2026-08-30T11:41:04.3557107Z Establishing network.
2026-08-30T11:41:04.3557438Z Pulling image: appsvc/node:20-lts_20260710.8.tuxprod.
2026-08-30T11:41:04.5384441Z Container is starting.
2026-08-30T11:41:04.5385030Z State: Starting, Action: MountingVolumes, LastError: ContainerStartupFailure, LastErrorTimestamp: 08/30/2026 11:39:03, LastErrorDetails: Container exited with exit code 1 during startup after 20.9s. Please inspect your container logs for more details., Details: Mounting volumes for app-devopsapp-task5., DetailsLevel: INFO
2026-08-30T11:41:04.5385481Z Establishing user namespace if not established already.
2026-08-30T11:41:04.5385890Z Establishing network if not established already.
2026-08-30T11:41:04.5386373Z Mounting volumes.
2026-08-30T11:41:04.5387093Z Nested mountpoint site/wwwroot
2026-08-30T11:41:04.5480291Z Nested mountpoint volatile/logs
2026-08-30T11:41:04.5798159Z Nested mountpoint 
2026-08-30T11:41:04.5874953Z Nested mountpoint 
2026-08-30T11:41:04.5983303Z Nested mountpoint 
2026-08-30T11:41:04.6481007Z Nested mountpoint 
2026-08-30T11:41:04.6983378Z Nested mountpoint 
2026-08-30T11:41:05.1622178Z State: Starting, Action: CreatingContainer, LastError: ContainerStartupFailure, LastErrorTimestamp: 08/30/2026 11:39:03, LastErrorDetails: Container exited with exit code 1 during startup after 20.9s. Please inspect your container logs for more details., Details: Finished pulling container image and mounting volumes for app-devopsapp-task5. Allocatinng the rest of the container resources to finish container creation., DetailsLevel: INFO
2026-08-30T11:41:05.1625047Z Creating container.
2026-08-30T11:41:05.1627461Z Creating pipes for streaming container io.
2026-08-30T11:41:05.1628044Z Creating stdout named pipe at /podr/container/pipe/c68abda0b6fe_app-devopsapp-task5/stdout_cd0cd6b9e4174ddb8d8a516dda1dafe3.
2026-08-30T11:41:05.1631897Z Successfully created stdout named pipe at: /podr/container/pipe/c68abda0b6fe_app-devopsapp-task5/stdout_cd0cd6b9e4174ddb8d8a516dda1dafe3.
2026-08-30T11:41:05.1710505Z Opening named pipe /podr/container/pipe/c68abda0b6fe_app-devopsapp-task5/stdout_cd0cd6b9e4174ddb8d8a516dda1dafe3 for reading in non-blocking mode.
2026-08-30T11:41:05.1711287Z Successfully opened named pipe: /podr/container/pipe/c68abda0b6fe_app-devopsapp-task5/stdout_cd0cd6b9e4174ddb8d8a516dda1dafe3.
2026-08-30T11:41:05.1711925Z Successfully removed non-blocking flag from /podr/container/pipe/c68abda0b6fe_app-devopsapp-task5/stdout_cd0cd6b9e4174ddb8d8a516dda1dafe3.
2026-08-30T11:41:05.1725477Z Creating stderr named pipe at /podr/container/pipe/c68abda0b6fe_app-devopsapp-task5/stderr_0b5f187266cc428a92ed4ebe25733655.
2026-08-30T11:41:05.1728632Z Successfully created stderr named pipe at: /podr/container/pipe/c68abda0b6fe_app-devopsapp-task5/stderr_0b5f187266cc428a92ed4ebe25733655.
2026-08-30T11:41:05.1729185Z Opening named pipe /podr/container/pipe/c68abda0b6fe_app-devopsapp-task5/stderr_0b5f187266cc428a92ed4ebe25733655 for reading in non-blocking mode.
2026-08-30T11:41:05.1731229Z Successfully opened named pipe: /podr/container/pipe/c68abda0b6fe_app-devopsapp-task5/stderr_0b5f187266cc428a92ed4ebe25733655.
2026-08-30T11:41:05.1733656Z Successfully removed non-blocking flag from /podr/container/pipe/c68abda0b6fe_app-devopsapp-task5/stderr_0b5f187266cc428a92ed4ebe25733655.
2026-08-30T11:41:05.1810716Z Overriding PORT environment variable with pre-calculated port: 8080.
2026-08-30T11:41:05.1815236Z Setting value of PORT variable to 8080
2026-08-30T11:41:05.1818344Z Creating container with image: appsvc/node:20-lts_20260710.8.tuxprod from registry: 10.1.0.6:13209 and fully qualified image name: 10.1.0.6:13209/appsvc/node:20-lts_20260710.8.tuxprod
2026-08-30T11:41:05.5228951Z Starting container: c68abda0b6fe_app-devopsapp-task5.
2026-08-30T11:41:05.6421105Z Starting watchers and probes.
2026-08-30T11:41:05.6422773Z Starting metrics collection.
2026-08-30T11:41:05.6423265Z Container is running.
2026-08-30T11:41:05.6423743Z State: Starting, Action: CreatingContainer, LastError: ContainerStartupFailure, LastErrorTimestamp: 08/30/2026 11:39:03, LastErrorDetails: Container exited with exit code 1 during startup after 20.9s. Please inspect your container logs for more details., Details: Container app-devopsapp-task5 successfully created and is running., DetailsLevel: INFO
2026-08-30T11:41:06.0521374Z Container start method finished after 1696 ms.
2026-08-30T11:41:06.0604224Z State: Starting, Action: InitiatingSiteWarmUpProbe, LastError: ContainerStartupFailure, LastErrorTimestamp: 08/30/2026 11:39:03, LastErrorDetails: Container exited with exit code 1 during startup after 20.9s. Please inspect your container logs for more details., Details: Container app-devopsapp-task5 successfully created and is running., DetailsLevel: INFO
2026-08-30T11:41:06.0604411Z State: Starting, Action: WaitingForSiteWarmUpProbeSuccess, LastError: ContainerStartupFailure, LastErrorTimestamp: 08/30/2026 11:39:03, LastErrorDetails: Container exited with exit code 1 during startup after 20.9s. Please inspect your container logs for more details., Details: Pinging warmup path to ensure container is ready to receive requests., DetailsLevel: INFO
2026-08-30T11:41:23.5651732Z Container has finished running with exit code: 1.
2026-08-30T11:41:23.5652422Z Container is terminating. Grace period: 5 seconds.
2026-08-30T11:41:23.5655870Z Stop and delete container. Retry count = 0
2026-08-30T11:41:23.5656941Z Stopping container: c68abda0b6fe_app-devopsapp-task5.
2026-08-30T11:41:23.6161678Z Deleting container: c68abda0b6fe_app-devopsapp-task5. Retry count = 0
2026-08-30T11:41:23.8943649Z Container spec TerminationMessagePolicy  path 
2026-08-30T11:41:23.8947031Z Container is terminated. Total time elapsed: 329 ms.
2026-08-30T11:41:23.8947546Z Site container: app-devopsapp-task5 terminated during site startup.
2026-08-30T11:41:23.8948212Z State: Stopping, Action: CancellingStartup, LastError: ContainerStartupFailure, LastErrorTimestamp: 08/30/2026 11:39:03, LastErrorDetails: Container exited with exit code 1 during startup after 20.9s. Please inspect your container logs for more details., Details: Site container: app-devopsapp-task5 terminated during site startup. Cancelling site startup., DetailsLevel: ERR
2026-08-30T11:41:23.9147990Z Site startup probe failed after 17.8540969 seconds.
2026-08-30T11:41:24.0437367Z State: Stopping, Action: CancellingStartup, LastError: ContainerStartupFailure, LastErrorTimestamp: 08/30/2026 11:41:24, LastErrorDetails: Container exited with exit code 1 during startup after 18.3s. Please inspect your container logs for more details., Details: Site container: app-devopsapp-task5 terminated during site startup. Cancelling site startup., DetailsLevel: ERR
2026-08-30T11:41:24.0444687Z Failed to start site. Revert by stopping site.
2026-08-30T11:41:24.0445973Z State: Stopping, Action: StoppingSite, LastError: ContainerStartupFailure, LastErrorTimestamp: 08/30/2026 11:41:24, LastErrorDetails: Container exited with exit code 1 during startup after 18.3s. Please inspect your container logs for more details., Details: Site container: app-devopsapp-task5 terminated during site startup. Cancelling site startup., DetailsLevel: ERR
2026-08-30T11:41:24.0447232Z State: Stopping, Action: StoppingSiteContainers, LastError: ContainerStartupFailure, LastErrorTimestamp: 08/30/2026 11:41:24, LastErrorDetails: Container exited with exit code 1 during startup after 18.3s. Please inspect your container logs for more details., Details: Site container: app-devopsapp-task5 terminated during site startup. Cancelling site startup., DetailsLevel: ERR
2026-08-30T11:41:24.3459891Z Site container: app-devopsapp-task5_managedIdentity terminated during site startup.
2026-08-30T11:41:24.3461777Z State: Stopping, Action: StoppingSiteContainers, LastError: ContainerStartupFailure, LastErrorTimestamp: 08/30/2026 11:41:24, LastErrorDetails: Container exited with exit code 1 during startup after 18.3s. Please inspect your container logs for more details., Details: Site container: app-devopsapp-task5 terminated during site startup. Cancelling site startup., DetailsLevel: ERR
2026-08-30T11:41:24.3462563Z Site: app-devopsapp-task5 stopped.
2026-08-30T11:41:24.3644825Z State: Stopping, Action: UnmountingVolumes, LastError: ContainerStartupFailure, LastErrorTimestamp: 08/30/2026 11:41:24, LastErrorDetails: Container exited with exit code 1 during startup after 18.3s. Please inspect your container logs for more details., Details: Site container: app-devopsapp-task5 terminated during site startup. Cancelling site startup., DetailsLevel: ERR
2026-08-30T11:41:24.6253391Z State: Stopping, Action: StoppingSiteNetworks, LastError: ContainerStartupFailure, LastErrorTimestamp: 08/30/2026 11:41:24, LastErrorDetails: Container exited with exit code 1 during startup after 18.3s. Please inspect your container logs for more details., Details: Site container: app-devopsapp-task5 terminated during site startup. Cancelling site startup., DetailsLevel: ERR
2026-08-30T11:41:25.0147367Z Site: app-devopsapp-task5 will be blocked for 1 minutes till 08/30/2026 11:42:25
2026-08-30T11:41:25.0147859Z State: Blocked, Action: StoppingSiteNetworks, LastError: ContainerStartupFailure, LastErrorTimestamp: 08/30/2026 11:41:24, LastErrorDetails: Container exited with exit code 1 during startup after 18.3s. Please inspect your container logs for more details., Details: Site: app-devopsapp-task5 will be blocked for 1 minutes till 08/30/2026 11:42:25, DetailsLevel: WARN
2026-08-30T11:41:25.0350565Z State: Stopped, Action: None, LastError: ContainerStartupFailure, LastErrorTimestamp: 08/30/2026 11:41:24, LastErrorDetails: Container exited with exit code 1 during startup after 18.3s. Please inspect your container logs for more details., Details: Site stopped at 08/30/2026 11:41:25 (UTC), DetailsLevel: WARN
2026-08-30T11:41:25.3055510Z State: Stopped, Action: None, LastError: ContainerStartupFailure, LastErrorTimestamp: 08/30/2026 11:41:24, LastErrorDetails: Container exited with exit code 1 during startup after 18.3s. Please inspect your container logs for more details., Details: Site stopped at 08/30/2026 11:41:25 (UTC), DetailsLevel: WARN
2026-08-30T11:42:25.0149827Z Site: app-devopsapp-task5 is unblocked.
2026-08-30T11:43:52.4569929Z State: Starting, Action: EstablishingSiteNetworks, LastError: ContainerStartupFailure, LastErrorTimestamp: 08/30/2026 11:41:24, LastErrorDetails: Container exited with exit code 1 during startup after 18.3s. Please inspect your container logs for more details., Details: Site stopped at 08/30/2026 11:41:25 (UTC), DetailsLevel: WARN
2026-08-30T11:43:54.5979095Z State: Starting, Action: StartingMsiContainer, LastError: ContainerStartupFailure, LastErrorTimestamp: 08/30/2026 11:41:24, LastErrorDetails: Container exited with exit code 1 during startup after 18.3s. Please inspect your container logs for more details., Details: Site stopped at 08/30/2026 11:41:25 (UTC), DetailsLevel: WARN
2026-08-30T11:44:04.6857118Z State: Starting, Action: StartingSiteContainers, LastError: ContainerStartupFailure, LastErrorTimestamp: 08/30/2026 11:41:24, LastErrorDetails: Container exited with exit code 1 during startup after 18.3s. Please inspect your container logs for more details., Details: Site stopped at 08/30/2026 11:41:25 (UTC), DetailsLevel: WARN
2026-08-30T11:44:04.6859449Z Container start method called.
2026-08-30T11:44:04.6861413Z State: Starting, Action: PullingImage, LastError: ContainerStartupFailure, LastErrorTimestamp: 08/30/2026 11:41:24, LastErrorDetails: Container exited with exit code 1 during startup after 18.3s. Please inspect your container logs for more details., Details: Pulling image 10.1.0.6:13209/appsvc/node:20-lts_20260710.8.tuxprod for app-devopsapp-task5., DetailsLevel: INFO
2026-08-30T11:44:04.6863092Z Establishing network.
2026-08-30T11:44:04.6865467Z Pulling image: appsvc/node:20-lts_20260710.8.tuxprod.
2026-08-30T11:44:04.8872819Z Container is starting.
2026-08-30T11:44:04.8874701Z State: Starting, Action: MountingVolumes, LastError: ContainerStartupFailure, LastErrorTimestamp: 08/30/2026 11:41:24, LastErrorDetails: Container exited with exit code 1 during startup after 18.3s. Please inspect your container logs for more details., Details: Mounting volumes for app-devopsapp-task5., DetailsLevel: INFO
2026-08-30T11:44:04.8875416Z Establishing user namespace if not established already.
2026-08-30T11:44:04.8875840Z Establishing network if not established already.
2026-08-30T11:44:04.8879579Z Mounting volumes.
2026-08-30T11:44:04.8880409Z Nested mountpoint site/wwwroot
2026-08-30T11:44:04.8988630Z Nested mountpoint volatile/logs
2026-08-30T11:44:04.9479911Z Nested mountpoint 
2026-08-30T11:44:04.9587610Z Nested mountpoint 
2026-08-30T11:44:05.0075860Z Nested mountpoint 
2026-08-30T11:44:05.0276703Z Nested mountpoint 
2026-08-30T11:44:05.0297161Z Nested mountpoint 
2026-08-30T11:44:05.5699348Z State: Starting, Action: CreatingContainer, LastError: ContainerStartupFailure, LastErrorTimestamp: 08/30/2026 11:41:24, LastErrorDetails: Container exited with exit code 1 during startup after 18.3s. Please inspect your container logs for more details., Details: Finished pulling container image and mounting volumes for app-devopsapp-task5. Allocatinng the rest of the container resources to finish container creation., DetailsLevel: INFO
2026-08-30T11:44:05.5700758Z Creating container.
2026-08-30T11:44:05.5877154Z Creating pipes for streaming container io.
2026-08-30T11:44:05.5879867Z Creating stdout named pipe at /podr/container/pipe/1b9f48592aae_app-devopsapp-task5/stdout_40c5f09d1d6042f292e0d91a00748c38.
2026-08-30T11:44:05.5882560Z Successfully created stdout named pipe at: /podr/container/pipe/1b9f48592aae_app-devopsapp-task5/stdout_40c5f09d1d6042f292e0d91a00748c38.
2026-08-30T11:44:05.5883336Z Opening named pipe /podr/container/pipe/1b9f48592aae_app-devopsapp-task5/stdout_40c5f09d1d6042f292e0d91a00748c38 for reading in non-blocking mode.
2026-08-30T11:44:05.5883956Z Successfully opened named pipe: /podr/container/pipe/1b9f48592aae_app-devopsapp-task5/stdout_40c5f09d1d6042f292e0d91a00748c38.
2026-08-30T11:44:05.5884666Z Successfully removed non-blocking flag from /podr/container/pipe/1b9f48592aae_app-devopsapp-task5/stdout_40c5f09d1d6042f292e0d91a00748c38.
2026-08-30T11:44:05.5898232Z Creating stderr named pipe at /podr/container/pipe/1b9f48592aae_app-devopsapp-task5/stderr_f820ec54f7bc4804886fa5ba81c99843.
2026-08-30T11:44:05.5899428Z Successfully created stderr named pipe at: /podr/container/pipe/1b9f48592aae_app-devopsapp-task5/stderr_f820ec54f7bc4804886fa5ba81c99843.
2026-08-30T11:44:05.5900127Z Opening named pipe /podr/container/pipe/1b9f48592aae_app-devopsapp-task5/stderr_f820ec54f7bc4804886fa5ba81c99843 for reading in non-blocking mode.
2026-08-30T11:44:05.6069618Z Successfully opened named pipe: /podr/container/pipe/1b9f48592aae_app-devopsapp-task5/stderr_f820ec54f7bc4804886fa5ba81c99843.
2026-08-30T11:44:05.6075057Z Successfully removed non-blocking flag from /podr/container/pipe/1b9f48592aae_app-devopsapp-task5/stderr_f820ec54f7bc4804886fa5ba81c99843.
2026-08-30T11:44:05.6075910Z Overriding PORT environment variable with pre-calculated port: 8080.
2026-08-30T11:44:05.6076203Z Setting value of PORT variable to 8080
2026-08-30T11:44:05.6076818Z Creating container with image: appsvc/node:20-lts_20260710.8.tuxprod from registry: 10.1.0.6:13209 and fully qualified image name: 10.1.0.6:13209/appsvc/node:20-lts_20260710.8.tuxprod
2026-08-30T11:44:06.2591404Z Starting container: 1b9f48592aae_app-devopsapp-task5.
2026-08-30T11:44:06.3670114Z Starting watchers and probes.
2026-08-30T11:44:06.3671426Z Starting metrics collection.
2026-08-30T11:44:06.3671898Z Container is running.
2026-08-30T11:44:06.3672944Z State: Starting, Action: CreatingContainer, LastError: ContainerStartupFailure, LastErrorTimestamp: 08/30/2026 11:41:24, LastErrorDetails: Container exited with exit code 1 during startup after 18.3s. Please inspect your container logs for more details., Details: Container app-devopsapp-task5 successfully created and is running., DetailsLevel: INFO
2026-08-30T11:44:06.5698148Z Container start method finished after 1883 ms.
2026-08-30T11:44:06.5885076Z State: Starting, Action: InitiatingSiteWarmUpProbe, LastError: ContainerStartupFailure, LastErrorTimestamp: 08/30/2026 11:41:24, LastErrorDetails: Container exited with exit code 1 during startup after 18.3s. Please inspect your container logs for more details., Details: Container app-devopsapp-task5 successfully created and is running., DetailsLevel: INFO
2026-08-30T11:44:06.5885573Z State: Starting, Action: WaitingForSiteWarmUpProbeSuccess, LastError: ContainerStartupFailure, LastErrorTimestamp: 08/30/2026 11:41:24, LastErrorDetails: Container exited with exit code 1 during startup after 18.3s. Please inspect your container logs for more details., Details: Pinging warmup path to ensure container is ready to receive requests., DetailsLevel: INFO
2026-08-30T11:44:26.6446715Z Container has finished running with exit code: 1.
2026-08-30T11:44:26.6449227Z Container is terminating. Grace period: 5 seconds.
2026-08-30T11:44:26.6455916Z Stop and delete container. Retry count = 0
2026-08-30T11:44:26.6458236Z Stopping container: 1b9f48592aae_app-devopsapp-task5.
2026-08-30T11:44:26.7065526Z Deleting container: 1b9f48592aae_app-devopsapp-task5. Retry count = 0
2026-08-30T11:44:26.8851270Z Container spec TerminationMessagePolicy  path 
2026-08-30T11:44:26.8945041Z Container is terminated. Total time elapsed: 249 ms.
2026-08-30T11:44:26.8947175Z Site container: app-devopsapp-task5 terminated during site startup.
2026-08-30T11:44:26.9238573Z State: Stopping, Action: CancellingStartup, LastError: ContainerStartupFailure, LastErrorTimestamp: 08/30/2026 11:41:24, LastErrorDetails: Container exited with exit code 1 during startup after 18.3s. Please inspect your container logs for more details., Details: Site container: app-devopsapp-task5 terminated during site startup. Cancelling site startup., DetailsLevel: ERR
2026-08-30T11:44:26.9658892Z Site startup probe failed after 20.3770629 seconds.
2026-08-30T11:44:27.1876673Z State: Stopping, Action: CancellingStartup, LastError: ContainerStartupFailure, LastErrorTimestamp: 08/30/2026 11:44:27, LastErrorDetails: Container exited with exit code 1 during startup after 20.5s. Please inspect your container logs for more details., Details: Site container: app-devopsapp-task5 terminated during site startup. Cancelling site startup., DetailsLevel: ERR
2026-08-30T11:44:27.2259538Z Failed to start site. Revert by stopping site.
2026-08-30T11:44:27.2260788Z State: Stopping, Action: StoppingSite, LastError: ContainerStartupFailure, LastErrorTimestamp: 08/30/2026 11:44:27, LastErrorDetails: Container exited with exit code 1 during startup after 20.5s. Please inspect your container logs for more details., Details: Site container: app-devopsapp-task5 terminated during site startup. Cancelling site startup., DetailsLevel: ERR
2026-08-30T11:44:27.2262749Z State: Stopping, Action: StoppingSiteContainers, LastError: ContainerStartupFailure, LastErrorTimestamp: 08/30/2026 11:44:27, LastErrorDetails: Container exited with exit code 1 during startup after 20.5s. Please inspect your container logs for more details., Details: Site container: app-devopsapp-task5 terminated during site startup. Cancelling site startup., DetailsLevel: ERR
2026-08-30T11:44:27.4983751Z Site container: app-devopsapp-task5_managedIdentity terminated during site startup.
2026-08-30T11:44:27.4988607Z State: Stopping, Action: StoppingSiteContainers, LastError: ContainerStartupFailure, LastErrorTimestamp: 08/30/2026 11:44:27, LastErrorDetails: Container exited with exit code 1 during startup after 20.5s. Please inspect your container logs for more details., Details: Site container: app-devopsapp-task5 terminated during site startup. Cancelling site startup., DetailsLevel: ERR
2026-08-30T11:44:27.4990965Z Site: app-devopsapp-task5 stopped.
2026-08-30T11:44:27.5081539Z State: Stopping, Action: UnmountingVolumes, LastError: ContainerStartupFailure, LastErrorTimestamp: 08/30/2026 11:44:27, LastErrorDetails: Container exited with exit code 1 during startup after 20.5s. Please inspect your container logs for more details., Details: Site container: app-devopsapp-task5 terminated during site startup. Cancelling site startup., DetailsLevel: ERR
2026-08-30T11:44:27.8079985Z State: Stopping, Action: StoppingSiteNetworks, LastError: ContainerStartupFailure, LastErrorTimestamp: 08/30/2026 11:44:27, LastErrorDetails: Container exited with exit code 1 during startup after 20.5s. Please inspect your container logs for more details., Details: Site container: app-devopsapp-task5 terminated during site startup. Cancelling site startup., DetailsLevel: ERR
2026-08-30T11:44:28.2975759Z Site: app-devopsapp-task5 will be blocked for 1 minutes till 08/30/2026 11:45:28
2026-08-30T11:44:28.2976601Z State: Blocked, Action: StoppingSiteNetworks, LastError: ContainerStartupFailure, LastErrorTimestamp: 08/30/2026 11:44:27, LastErrorDetails: Container exited with exit code 1 during startup after 20.5s. Please inspect your container logs for more details., Details: Site: app-devopsapp-task5 will be blocked for 1 minutes till 08/30/2026 11:45:28, DetailsLevel: WARN
2026-08-30T11:44:28.2978396Z State: Stopped, Action: None, LastError: ContainerStartupFailure, LastErrorTimestamp: 08/30/2026 11:44:27, LastErrorDetails: Container exited with exit code 1 during startup after 20.5s. Please inspect your container logs for more details., Details: Site stopped at 08/30/2026 11:44:28 (UTC), DetailsLevel: WARN
2026-08-30T11:44:28.5187662Z State: Stopped, Action: None, LastError: ContainerStartupFailure, LastErrorTimestamp: 08/30/2026 11:44:27, LastErrorDetails: Container exited with exit code 1 during startup after 20.5s. Please inspect your container logs for more details., Details: Site stopped at 08/30/2026 11:44:28 (UTC), DetailsLevel: WARN
2026-08-30T11:45:28.2972038Z Site: app-devopsapp-task5 is unblocked.
2026-08-30T11:45:53.4694088Z State: Starting, Action: EstablishingSiteNetworks, LastError: ContainerStartupFailure, LastErrorTimestamp: 08/30/2026 11:44:27, LastErrorDetails: Container exited with exit code 1 during startup after 20.5s. Please inspect your container logs for more details., Details: Site stopped at 08/30/2026 11:44:28 (UTC), DetailsLevel: WARN
2026-08-30T11:45:55.3413872Z State: Starting, Action: StartingMsiContainer, LastError: ContainerStartupFailure, LastErrorTimestamp: 08/30/2026 11:44:27, LastErrorDetails: Container exited with exit code 1 during startup after 20.5s. Please inspect your container logs for more details., Details: Site stopped at 08/30/2026 11:44:28 (UTC), DetailsLevel: WARN
2026-08-30T11:46:05.7552527Z State: Starting, Action: StartingSiteContainers, LastError: ContainerStartupFailure, LastErrorTimestamp: 08/30/2026 11:44:27, LastErrorDetails: Container exited with exit code 1 during startup after 20.5s. Please inspect your container logs for more details., Details: Site stopped at 08/30/2026 11:44:28 (UTC), DetailsLevel: WARN
2026-08-30T11:46:05.7553015Z Container start method called.
2026-08-30T11:46:05.7553244Z State: Starting, Action: PullingImage, LastError: ContainerStartupFailure, LastErrorTimestamp: 08/30/2026 11:44:27, LastErrorDetails: Container exited with exit code 1 during startup after 20.5s. Please inspect your container logs for more details., Details: Pulling image 10.1.0.6:13209/appsvc/node:20-lts_20260710.8.tuxprod for app-devopsapp-task5., DetailsLevel: INFO
2026-08-30T11:46:05.7553481Z Establishing network.
2026-08-30T11:46:05.7553807Z Pulling image: appsvc/node:20-lts_20260710.8.tuxprod.
2026-08-30T11:46:05.9970042Z Container is starting.
2026-08-30T11:46:05.9970635Z State: Starting, Action: MountingVolumes, LastError: ContainerStartupFailure, LastErrorTimestamp: 08/30/2026 11:44:27, LastErrorDetails: Container exited with exit code 1 during startup after 20.5s. Please inspect your container logs for more details., Details: Mounting volumes for app-devopsapp-task5., DetailsLevel: INFO
2026-08-30T11:46:05.9971097Z Establishing user namespace if not established already.
2026-08-30T11:46:05.9971350Z Establishing network if not established already.
2026-08-30T11:46:05.9971711Z Mounting volumes.
2026-08-30T11:46:05.9972285Z Nested mountpoint site/wwwroot
2026-08-30T11:46:06.0065111Z Nested mountpoint volatile/logs
2026-08-30T11:46:06.0854373Z Nested mountpoint 
2026-08-30T11:46:06.0857373Z Nested mountpoint 
2026-08-30T11:46:06.1175969Z Nested mountpoint 
2026-08-30T11:46:06.1178849Z Nested mountpoint 
2026-08-30T11:46:06.2485495Z Nested mountpoint 
2026-08-30T11:46:06.6557374Z State: Starting, Action: CreatingContainer, LastError: ContainerStartupFailure, LastErrorTimestamp: 08/30/2026 11:44:27, LastErrorDetails: Container exited with exit code 1 during startup after 20.5s. Please inspect your container logs for more details., Details: Finished pulling container image and mounting volumes for app-devopsapp-task5. Allocatinng the rest of the container resources to finish container creation., DetailsLevel: INFO
2026-08-30T11:46:06.6558118Z Creating container.
2026-08-30T11:46:06.6558381Z Creating pipes for streaming container io.
2026-08-30T11:46:06.6558703Z Creating stdout named pipe at /podr/container/pipe/ff659876ca12_app-devopsapp-task5/stdout_c7c82b11547d4291a4c3ae8ec7e87357.
2026-08-30T11:46:06.6559505Z Successfully created stdout named pipe at: /podr/container/pipe/ff659876ca12_app-devopsapp-task5/stdout_c7c82b11547d4291a4c3ae8ec7e87357.
2026-08-30T11:46:06.6559731Z Opening named pipe /podr/container/pipe/ff659876ca12_app-devopsapp-task5/stdout_c7c82b11547d4291a4c3ae8ec7e87357 for reading in non-blocking mode.
2026-08-30T11:46:06.6560047Z Successfully opened named pipe: /podr/container/pipe/ff659876ca12_app-devopsapp-task5/stdout_c7c82b11547d4291a4c3ae8ec7e87357.
2026-08-30T11:46:06.6560288Z Successfully removed non-blocking flag from /podr/container/pipe/ff659876ca12_app-devopsapp-task5/stdout_c7c82b11547d4291a4c3ae8ec7e87357.
2026-08-30T11:46:06.6560754Z Creating stderr named pipe at /podr/container/pipe/ff659876ca12_app-devopsapp-task5/stderr_2b4b6cf4768448cc9a15cd9bdaffb746.
2026-08-30T11:46:06.6561168Z Successfully created stderr named pipe at: /podr/container/pipe/ff659876ca12_app-devopsapp-task5/stderr_2b4b6cf4768448cc9a15cd9bdaffb746.
2026-08-30T11:46:06.6561371Z Opening named pipe /podr/container/pipe/ff659876ca12_app-devopsapp-task5/stderr_2b4b6cf4768448cc9a15cd9bdaffb746 for reading in non-blocking mode.
2026-08-30T11:46:06.6561668Z Successfully opened named pipe: /podr/container/pipe/ff659876ca12_app-devopsapp-task5/stderr_2b4b6cf4768448cc9a15cd9bdaffb746.
2026-08-30T11:46:06.6561887Z Successfully removed non-blocking flag from /podr/container/pipe/ff659876ca12_app-devopsapp-task5/stderr_2b4b6cf4768448cc9a15cd9bdaffb746.
2026-08-30T11:46:06.6562245Z Overriding PORT environment variable with pre-calculated port: 8080.
2026-08-30T11:46:06.6562443Z Setting value of PORT variable to 8080
2026-08-30T11:46:06.6563030Z Creating container with image: appsvc/node:20-lts_20260710.8.tuxprod from registry: 10.1.0.6:13209 and fully qualified image name: 10.1.0.6:13209/appsvc/node:20-lts_20260710.8.tuxprod
2026-08-30T11:46:06.9563105Z Starting container: ff659876ca12_app-devopsapp-task5.
2026-08-30T11:46:07.0259305Z Starting watchers and probes.
2026-08-30T11:46:07.0267368Z Starting metrics collection.
2026-08-30T11:46:07.0271455Z Container is running.
2026-08-30T11:46:07.0281065Z State: Starting, Action: CreatingContainer, LastError: ContainerStartupFailure, LastErrorTimestamp: 08/30/2026 11:44:27, LastErrorDetails: Container exited with exit code 1 during startup after 20.5s. Please inspect your container logs for more details., Details: Container app-devopsapp-task5 successfully created and is running., DetailsLevel: INFO
2026-08-30T11:46:07.2374917Z Container start method finished after 1482 ms.
2026-08-30T11:46:07.2375696Z State: Starting, Action: InitiatingSiteWarmUpProbe, LastError: ContainerStartupFailure, LastErrorTimestamp: 08/30/2026 11:44:27, LastErrorDetails: Container exited with exit code 1 during startup after 20.5s. Please inspect your container logs for more details., Details: Container app-devopsapp-task5 successfully created and is running., DetailsLevel: INFO
2026-08-30T11:46:07.2375813Z State: Starting, Action: WaitingForSiteWarmUpProbeSuccess, LastError: ContainerStartupFailure, LastErrorTimestamp: 08/30/2026 11:44:27, LastErrorDetails: Container exited with exit code 1 during startup after 20.5s. Please inspect your container logs for more details., Details: Pinging warmup path to ensure container is ready to receive requests., DetailsLevel: INFO
2026-08-30T11:46:25.2668504Z Container has finished running with exit code: 1.
2026-08-30T11:46:25.2729916Z Container is terminating. Grace period: 5 seconds.
2026-08-30T11:46:25.2756816Z Stop and delete container. Retry count = 0
2026-08-30T11:46:25.2757225Z Stopping container: ff659876ca12_app-devopsapp-task5.
2026-08-30T11:46:25.3581537Z Deleting container: ff659876ca12_app-devopsapp-task5. Retry count = 0
2026-08-30T11:46:25.5089576Z Container spec TerminationMessagePolicy  path 
2026-08-30T11:46:25.5175393Z Container is terminated. Total time elapsed: 243 ms.
2026-08-30T11:46:25.5178795Z Site container: app-devopsapp-task5 terminated during site startup.
2026-08-30T11:46:25.5183442Z State: Stopping, Action: CancellingStartup, LastError: ContainerStartupFailure, LastErrorTimestamp: 08/30/2026 11:44:27, LastErrorDetails: Container exited with exit code 1 during startup after 20.5s. Please inspect your container logs for more details., Details: Site container: app-devopsapp-task5 terminated during site startup. Cancelling site startup., DetailsLevel: ERR
2026-08-30T11:46:25.5465904Z Site startup probe failed after 18.2711434 seconds.
2026-08-30T11:46:25.6979294Z State: Stopping, Action: CancellingStartup, LastError: ContainerStartupFailure, LastErrorTimestamp: 08/30/2026 11:46:25, LastErrorDetails: Container exited with exit code 1 during startup after 18.5s. Please inspect your container logs for more details., Details: Site container: app-devopsapp-task5 terminated during site startup. Cancelling site startup., DetailsLevel: ERR
2026-08-30T11:46:25.7095078Z Failed to start site. Revert by stopping site.
2026-08-30T11:46:25.7193564Z State: Stopping, Action: StoppingSite, LastError: ContainerStartupFailure, LastErrorTimestamp: 08/30/2026 11:46:25, LastErrorDetails: Container exited with exit code 1 during startup after 18.5s. Please inspect your container logs for more details., Details: Site container: app-devopsapp-task5 terminated during site startup. Cancelling site startup., DetailsLevel: ERR
2026-08-30T11:46:25.7492744Z State: Stopping, Action: StoppingSiteContainers, LastError: ContainerStartupFailure, LastErrorTimestamp: 08/30/2026 11:46:25, LastErrorDetails: Container exited with exit code 1 during startup after 18.5s. Please inspect your container logs for more details., Details: Site container: app-devopsapp-task5 terminated during site startup. Cancelling site startup., DetailsLevel: ERR
2026-08-30T11:46:26.0002885Z Site container: app-devopsapp-task5_managedIdentity terminated during site startup.
2026-08-30T11:46:26.0009508Z State: Stopping, Action: StoppingSiteContainers, LastError: ContainerStartupFailure, LastErrorTimestamp: 08/30/2026 11:46:25, LastErrorDetails: Container exited with exit code 1 during startup after 18.5s. Please inspect your container logs for more details., Details: Site container: app-devopsapp-task5 terminated during site startup. Cancelling site startup., DetailsLevel: ERR
2026-08-30T11:46:26.0011795Z Site: app-devopsapp-task5 stopped.
2026-08-30T11:46:26.0187856Z State: Stopping, Action: UnmountingVolumes, LastError: ContainerStartupFailure, LastErrorTimestamp: 08/30/2026 11:46:25, LastErrorDetails: Container exited with exit code 1 during startup after 18.5s. Please inspect your container logs for more details., Details: Site container: app-devopsapp-task5 terminated during site startup. Cancelling site startup., DetailsLevel: ERR
2026-08-30T11:46:26.2804359Z State: Stopping, Action: StoppingSiteNetworks, LastError: ContainerStartupFailure, LastErrorTimestamp: 08/30/2026 11:46:25, LastErrorDetails: Container exited with exit code 1 during startup after 18.5s. Please inspect your container logs for more details., Details: Site container: app-devopsapp-task5 terminated during site startup. Cancelling site startup., DetailsLevel: ERR
2026-08-30T11:46:26.5905954Z Site: app-devopsapp-task5 will be blocked for 2 minutes till 08/30/2026 11:48:26
2026-08-30T11:46:26.5911413Z State: Blocked, Action: StoppingSiteNetworks, LastError: ContainerStartupFailure, LastErrorTimestamp: 08/30/2026 11:46:25, LastErrorDetails: Container exited with exit code 1 during startup after 18.5s. Please inspect your container logs for more details., Details: Site: app-devopsapp-task5 will be blocked for 2 minutes till 08/30/2026 11:48:26, DetailsLevel: WARN
2026-08-30T11:46:26.5913329Z State: Stopped, Action: None, LastError: ContainerStartupFailure, LastErrorTimestamp: 08/30/2026 11:46:25, LastErrorDetails: Container exited with exit code 1 during startup after 18.5s. Please inspect your container logs for more details., Details: Site stopped at 08/30/2026 11:46:26 (UTC), DetailsLevel: WARN
2026-08-30T11:46:26.8306689Z State: Stopped, Action: None, LastError: ContainerStartupFailure, LastErrorTimestamp: 08/30/2026 11:46:25, LastErrorDetails: Container exited with exit code 1 during startup after 18.5s. Please inspect your container logs for more details., Details: Site stopped at 08/30/2026 11:46:26 (UTC), DetailsLevel: WARN
2026-08-30T11:48:26.5895246Z Site: app-devopsapp-task5 is unblocked.
2026-08-30T11:50:53.9487364Z State: Starting, Action: EstablishingSiteNetworks, LastError: ContainerStartupFailure, LastErrorTimestamp: 08/30/2026 11:46:25, LastErrorDetails: Container exited with exit code 1 during startup after 18.5s. Please inspect your container logs for more details., Details: Site stopped at 08/30/2026 11:46:26 (UTC), DetailsLevel: WARN
2026-08-30T11:50:57.0633770Z State: Starting, Action: StartingMsiContainer, LastError: ContainerStartupFailure, LastErrorTimestamp: 08/30/2026 11:46:25, LastErrorDetails: Container exited with exit code 1 during startup after 18.5s. Please inspect your container logs for more details., Details: Site stopped at 08/30/2026 11:46:26 (UTC), DetailsLevel: WARN
2026-08-30T11:51:07.9303807Z State: Starting, Action: StartingSiteContainers, LastError: ContainerStartupFailure, LastErrorTimestamp: 08/30/2026 11:46:25, LastErrorDetails: Container exited with exit code 1 during startup after 18.5s. Please inspect your container logs for more details., Details: Site stopped at 08/30/2026 11:46:26 (UTC), DetailsLevel: WARN
2026-08-30T11:51:07.9304574Z Container start method called.
2026-08-30T11:51:07.9304833Z State: Starting, Action: PullingImage, LastError: ContainerStartupFailure, LastErrorTimestamp: 08/30/2026 11:46:25, LastErrorDetails: Container exited with exit code 1 during startup after 18.5s. Please inspect your container logs for more details., Details: Pulling image 10.1.0.6:13209/appsvc/node:20-lts_20260710.8.tuxprod for app-devopsapp-task5., DetailsLevel: INFO
2026-08-30T11:51:07.9305088Z Establishing network.
2026-08-30T11:51:07.9305419Z Pulling image: appsvc/node:20-lts_20260710.8.tuxprod.
2026-08-30T11:51:08.1308925Z Container is starting.
2026-08-30T11:51:08.1311178Z State: Starting, Action: MountingVolumes, LastError: ContainerStartupFailure, LastErrorTimestamp: 08/30/2026 11:46:25, LastErrorDetails: Container exited with exit code 1 during startup after 18.5s. Please inspect your container logs for more details., Details: Mounting volumes for app-devopsapp-task5., DetailsLevel: INFO
2026-08-30T11:51:08.1314428Z Establishing user namespace if not established already.
2026-08-30T11:51:08.1316669Z Establishing network if not established already.
2026-08-30T11:51:08.1318507Z Mounting volumes.
2026-08-30T11:51:08.1322608Z Nested mountpoint site/wwwroot
2026-08-30T11:51:08.1519802Z Nested mountpoint volatile/logs
2026-08-30T11:51:08.2014489Z Nested mountpoint 
2026-08-30T11:51:08.2020532Z Nested mountpoint 
2026-08-30T11:51:08.2898649Z Nested mountpoint 
2026-08-30T11:51:08.2901018Z Nested mountpoint 
2026-08-30T11:51:08.2906827Z Nested mountpoint 
2026-08-30T11:51:08.7127770Z State: Starting, Action: CreatingContainer, LastError: ContainerStartupFailure, LastErrorTimestamp: 08/30/2026 11:46:25, LastErrorDetails: Container exited with exit code 1 during startup after 18.5s. Please inspect your container logs for more details., Details: Finished pulling container image and mounting volumes for app-devopsapp-task5. Allocatinng the rest of the container resources to finish container creation., DetailsLevel: INFO
2026-08-30T11:51:08.7128329Z Creating container.
2026-08-30T11:51:08.7128778Z Creating pipes for streaming container io.
2026-08-30T11:51:08.7129222Z Creating stdout named pipe at /podr/container/pipe/1ef702d54537_app-devopsapp-task5/stdout_c6654d5eee314ac9926c025e8129a837.
2026-08-30T11:51:08.7130130Z Successfully created stdout named pipe at: /podr/container/pipe/1ef702d54537_app-devopsapp-task5/stdout_c6654d5eee314ac9926c025e8129a837.
2026-08-30T11:51:08.7130526Z Opening named pipe /podr/container/pipe/1ef702d54537_app-devopsapp-task5/stdout_c6654d5eee314ac9926c025e8129a837 for reading in non-blocking mode.
2026-08-30T11:51:08.7131019Z Successfully opened named pipe: /podr/container/pipe/1ef702d54537_app-devopsapp-task5/stdout_c6654d5eee314ac9926c025e8129a837.
2026-08-30T11:51:08.7131534Z Successfully removed non-blocking flag from /podr/container/pipe/1ef702d54537_app-devopsapp-task5/stdout_c6654d5eee314ac9926c025e8129a837.
2026-08-30T11:51:08.7139684Z Creating stderr named pipe at /podr/container/pipe/1ef702d54537_app-devopsapp-task5/stderr_4bba8394cafb4ba991f6bab19d5ae167.
2026-08-30T11:51:08.7140536Z Successfully created stderr named pipe at: /podr/container/pipe/1ef702d54537_app-devopsapp-task5/stderr_4bba8394cafb4ba991f6bab19d5ae167.
2026-08-30T11:51:08.7140930Z Opening named pipe /podr/container/pipe/1ef702d54537_app-devopsapp-task5/stderr_4bba8394cafb4ba991f6bab19d5ae167 for reading in non-blocking mode.
2026-08-30T11:51:08.7141442Z Successfully opened named pipe: /podr/container/pipe/1ef702d54537_app-devopsapp-task5/stderr_4bba8394cafb4ba991f6bab19d5ae167.
2026-08-30T11:51:08.7141852Z Successfully removed non-blocking flag from /podr/container/pipe/1ef702d54537_app-devopsapp-task5/stderr_4bba8394cafb4ba991f6bab19d5ae167.
2026-08-30T11:51:08.7143870Z Overriding PORT environment variable with pre-calculated port: 8080.
2026-08-30T11:51:08.7144535Z Setting value of PORT variable to 8080
2026-08-30T11:51:08.7146226Z Creating container with image: appsvc/node:20-lts_20260710.8.tuxprod from registry: 10.1.0.6:13209 and fully qualified image name: 10.1.0.6:13209/appsvc/node:20-lts_20260710.8.tuxprod
2026-08-30T11:51:09.3924005Z Starting container: 1ef702d54537_app-devopsapp-task5.
2026-08-30T11:51:09.4738780Z Starting watchers and probes.
2026-08-30T11:51:09.4740083Z Starting metrics collection.
2026-08-30T11:51:09.4740489Z Container is running.
2026-08-30T11:51:09.4740929Z State: Starting, Action: CreatingContainer, LastError: ContainerStartupFailure, LastErrorTimestamp: 08/30/2026 11:46:25, LastErrorDetails: Container exited with exit code 1 during startup after 18.5s. Please inspect your container logs for more details., Details: Container app-devopsapp-task5 successfully created and is running., DetailsLevel: INFO
2026-08-30T11:51:09.7426940Z Container start method finished after 1792 ms.
2026-08-30T11:51:09.7427723Z State: Starting, Action: InitiatingSiteWarmUpProbe, LastError: ContainerStartupFailure, LastErrorTimestamp: 08/30/2026 11:46:25, LastErrorDetails: Container exited with exit code 1 during startup after 18.5s. Please inspect your container logs for more details., Details: Container app-devopsapp-task5 successfully created and is running., DetailsLevel: INFO
2026-08-30T11:51:09.7427850Z State: Starting, Action: WaitingForSiteWarmUpProbeSuccess, LastError: ContainerStartupFailure, LastErrorTimestamp: 08/30/2026 11:46:25, LastErrorDetails: Container exited with exit code 1 during startup after 18.5s. Please inspect your container logs for more details., Details: Pinging warmup path to ensure container is ready to receive requests., DetailsLevel: INFO
2026-08-30T11:51:29.2232031Z Container has finished running with exit code: 1.
2026-08-30T11:51:29.2236345Z Container is terminating. Grace period: 5 seconds.
2026-08-30T11:51:29.2241139Z Stop and delete container. Retry count = 0
2026-08-30T11:51:29.2275084Z Stopping container: 1ef702d54537_app-devopsapp-task5.
2026-08-30T11:51:29.3190206Z Deleting container: 1ef702d54537_app-devopsapp-task5. Retry count = 0
2026-08-30T11:51:29.4901063Z Container spec TerminationMessagePolicy  path 
2026-08-30T11:51:29.4977849Z Container is terminated. Total time elapsed: 274 ms.
2026-08-30T11:51:29.4978228Z Site container: app-devopsapp-task5 terminated during site startup.
2026-08-30T11:51:29.5042855Z State: Stopping, Action: CancellingStartup, LastError: ContainerStartupFailure, LastErrorTimestamp: 08/30/2026 11:46:25, LastErrorDetails: Container exited with exit code 1 during startup after 18.5s. Please inspect your container logs for more details., Details: Site container: app-devopsapp-task5 terminated during site startup. Cancelling site startup., DetailsLevel: ERR
2026-08-30T11:51:29.5489027Z Site startup probe failed after 19.805871 seconds.
2026-08-30T11:51:29.7431213Z State: Stopping, Action: CancellingStartup, LastError: ContainerStartupFailure, LastErrorTimestamp: 08/30/2026 11:51:29, LastErrorDetails: Container exited with exit code 1 during startup after 20.0s. Please inspect your container logs for more details., Details: Site container: app-devopsapp-task5 terminated during site startup. Cancelling site startup., DetailsLevel: ERR
2026-08-30T11:51:29.8100799Z Failed to start site. Revert by stopping site.
2026-08-30T11:51:29.8101682Z State: Stopping, Action: StoppingSite, LastError: ContainerStartupFailure, LastErrorTimestamp: 08/30/2026 11:51:29, LastErrorDetails: Container exited with exit code 1 during startup after 20.0s. Please inspect your container logs for more details., Details: Site container: app-devopsapp-task5 terminated during site startup. Cancelling site startup., DetailsLevel: ERR
2026-08-30T11:51:29.8427101Z State: Stopping, Action: StoppingSiteContainers, LastError: ContainerStartupFailure, LastErrorTimestamp: 08/30/2026 11:51:29, LastErrorDetails: Container exited with exit code 1 during startup after 20.0s. Please inspect your container logs for more details., Details: Site container: app-devopsapp-task5 terminated during site startup. Cancelling site startup., DetailsLevel: ERR
2026-08-30T11:51:30.1077751Z Site container: app-devopsapp-task5_managedIdentity terminated during site startup.
2026-08-30T11:51:30.1131738Z State: Stopping, Action: StoppingSiteContainers, LastError: ContainerStartupFailure, LastErrorTimestamp: 08/30/2026 11:51:29, LastErrorDetails: Container exited with exit code 1 during startup after 20.0s. Please inspect your container logs for more details., Details: Site container: app-devopsapp-task5 terminated during site startup. Cancelling site startup., DetailsLevel: ERR
2026-08-30T11:51:30.1132507Z Site: app-devopsapp-task5 stopped.
2026-08-30T11:54:24.8017869Z State: Starting, Action: EstablishingSiteNetworks, LastError: ContainerStartupFailure, LastErrorTimestamp: 08/30/2026 11:51:29, LastErrorDetails: Container exited with exit code 1 during startup after 20.0s. Please inspect your container logs for more details., Details: Site stopped at 08/30/2026 11:51:30 (UTC), DetailsLevel: WARN
2026-08-30T11:54:26.7050853Z State: Starting, Action: StartingMsiContainer, LastError: ContainerStartupFailure, LastErrorTimestamp: 08/30/2026 11:51:29, LastErrorDetails: Container exited with exit code 1 during startup after 20.0s. Please inspect your container logs for more details., Details: Site stopped at 08/30/2026 11:51:30 (UTC), DetailsLevel: WARN
2026-08-30T11:54:35.7529599Z State: Starting, Action: StartingSiteContainers, LastError: ContainerStartupFailure, LastErrorTimestamp: 08/30/2026 11:51:29, LastErrorDetails: Container exited with exit code 1 during startup after 20.0s. Please inspect your container logs for more details., Details: Site stopped at 08/30/2026 11:51:30 (UTC), DetailsLevel: WARN
2026-08-30T11:54:35.7531968Z Container start method called.
2026-08-30T11:54:35.7715917Z State: Starting, Action: PullingImage, LastError: ContainerStartupFailure, LastErrorTimestamp: 08/30/2026 11:51:29, LastErrorDetails: Container exited with exit code 1 during startup after 20.0s. Please inspect your container logs for more details., Details: Pulling image 10.1.0.4:13209/appsvc/node:20-lts_20260710.8.tuxprod for app-devopsapp-task5., DetailsLevel: INFO
2026-08-30T11:54:35.7723711Z Establishing network.
2026-08-30T11:54:35.7724409Z Pulling image: appsvc/node:20-lts_20260710.8.tuxprod.
2026-08-30T11:54:36.0032009Z Container is starting.
2026-08-30T11:54:36.0032378Z State: Starting, Action: MountingVolumes, LastError: ContainerStartupFailure, LastErrorTimestamp: 08/30/2026 11:51:29, LastErrorDetails: Container exited with exit code 1 during startup after 20.0s. Please inspect your container logs for more details., Details: Mounting volumes for app-devopsapp-task5., DetailsLevel: INFO
2026-08-30T11:54:36.0032705Z Establishing user namespace if not established already.
2026-08-30T11:54:36.0032952Z Establishing network if not established already.
2026-08-30T11:54:36.0042700Z Mounting volumes.
2026-08-30T11:54:36.0118400Z Nested mountpoint site/wwwroot
2026-08-30T11:54:36.0317490Z Nested mountpoint volatile/logs
2026-08-30T11:54:36.0722696Z Nested mountpoint 
2026-08-30T11:54:36.0725294Z Nested mountpoint 
2026-08-30T11:54:36.0912561Z Nested mountpoint 
2026-08-30T11:54:36.0915562Z Nested mountpoint 
2026-08-30T11:54:36.1524782Z Nested mountpoint 
2026-08-30T11:54:36.8821456Z State: Starting, Action: CreatingContainer, LastError: ContainerStartupFailure, LastErrorTimestamp: 08/30/2026 11:51:29, LastErrorDetails: Container exited with exit code 1 during startup after 20.0s. Please inspect your container logs for more details., Details: Finished pulling container image and mounting volumes for app-devopsapp-task5. Allocatinng the rest of the container resources to finish container creation., DetailsLevel: INFO
2026-08-30T11:54:36.8833060Z Creating container.
2026-08-30T11:54:36.9029728Z Creating pipes for streaming container io.
2026-08-30T11:54:36.9103293Z Creating stdout named pipe at /podr/container/pipe/dda890086d76_app-devopsapp-task5/stdout_212dc8806154423ab9deca570356f7ad.
2026-08-30T11:54:36.9105146Z Successfully created stdout named pipe at: /podr/container/pipe/dda890086d76_app-devopsapp-task5/stdout_212dc8806154423ab9deca570356f7ad.
2026-08-30T11:54:36.9105734Z Opening named pipe /podr/container/pipe/dda890086d76_app-devopsapp-task5/stdout_212dc8806154423ab9deca570356f7ad for reading in non-blocking mode.
2026-08-30T11:54:36.9106316Z Successfully opened named pipe: /podr/container/pipe/dda890086d76_app-devopsapp-task5/stdout_212dc8806154423ab9deca570356f7ad.
2026-08-30T11:54:36.9106732Z Successfully removed non-blocking flag from /podr/container/pipe/dda890086d76_app-devopsapp-task5/stdout_212dc8806154423ab9deca570356f7ad.
2026-08-30T11:54:36.9115015Z Creating stderr named pipe at /podr/container/pipe/dda890086d76_app-devopsapp-task5/stderr_087bffe91c754f11bc41b6eb10a61ee6.
2026-08-30T11:54:36.9115778Z Successfully created stderr named pipe at: /podr/container/pipe/dda890086d76_app-devopsapp-task5/stderr_087bffe91c754f11bc41b6eb10a61ee6.
2026-08-30T11:54:36.9116220Z Opening named pipe /podr/container/pipe/dda890086d76_app-devopsapp-task5/stderr_087bffe91c754f11bc41b6eb10a61ee6 for reading in non-blocking mode.
2026-08-30T11:54:36.9116715Z Successfully opened named pipe: /podr/container/pipe/dda890086d76_app-devopsapp-task5/stderr_087bffe91c754f11bc41b6eb10a61ee6.
2026-08-30T11:54:36.9117098Z Successfully removed non-blocking flag from /podr/container/pipe/dda890086d76_app-devopsapp-task5/stderr_087bffe91c754f11bc41b6eb10a61ee6.
2026-08-30T11:54:36.9121074Z Overriding PORT environment variable with pre-calculated port: 8080.
2026-08-30T11:54:36.9121593Z Setting value of PORT variable to 8080
2026-08-30T11:54:36.9127783Z Creating container with image: appsvc/node:20-lts_20260710.8.tuxprod from registry: 10.1.0.4:13209 and fully qualified image name: 10.1.0.4:13209/appsvc/node:20-lts_20260710.8.tuxprod
2026-08-30T11:54:37.8649506Z Starting container: dda890086d76_app-devopsapp-task5.
2026-08-30T11:54:37.9340015Z Starting watchers and probes.
2026-08-30T11:54:37.9344510Z Starting metrics collection.
2026-08-30T11:54:37.9347724Z Container is running.
2026-08-30T11:54:37.9348471Z State: Starting, Action: CreatingContainer, LastError: ContainerStartupFailure, LastErrorTimestamp: 08/30/2026 11:51:29, LastErrorDetails: Container exited with exit code 1 during startup after 20.0s. Please inspect your container logs for more details., Details: Container app-devopsapp-task5 successfully created and is running., DetailsLevel: INFO
2026-08-30T11:54:38.2748483Z Container start method finished after 2521 ms.
2026-08-30T11:54:38.2749648Z State: Starting, Action: InitiatingSiteWarmUpProbe, LastError: ContainerStartupFailure, LastErrorTimestamp: 08/30/2026 11:51:29, LastErrorDetails: Container exited with exit code 1 during startup after 20.0s. Please inspect your container logs for more details., Details: Container app-devopsapp-task5 successfully created and is running., DetailsLevel: INFO
2026-08-30T11:54:38.2749995Z State: Starting, Action: WaitingForSiteWarmUpProbeSuccess, LastError: ContainerStartupFailure, LastErrorTimestamp: 08/30/2026 11:51:29, LastErrorDetails: Container exited with exit code 1 during startup after 20.0s. Please inspect your container logs for more details., Details: Pinging warmup path to ensure container is ready to receive requests., DetailsLevel: INFO
2026-08-30T11:54:57.7875989Z Container has finished running with exit code: 1.
2026-08-30T11:54:57.7878632Z Container is terminating. Grace period: 5 seconds.
2026-08-30T11:54:57.7882614Z Stop and delete container. Retry count = 0
2026-08-30T11:54:57.7885611Z Stopping container: dda890086d76_app-devopsapp-task5.
2026-08-30T11:54:57.8589237Z Deleting container: dda890086d76_app-devopsapp-task5. Retry count = 0
2026-08-30T11:54:58.0509646Z Container spec TerminationMessagePolicy  path 
2026-08-30T11:54:58.0596129Z Container is terminated. Total time elapsed: 263 ms.
2026-08-30T11:54:58.0596760Z Site container: app-devopsapp-task5 terminated during site startup.
2026-08-30T11:54:58.0597461Z State: Stopping, Action: CancellingStartup, LastError: ContainerStartupFailure, LastErrorTimestamp: 08/30/2026 11:51:29, LastErrorDetails: Container exited with exit code 1 during startup after 20.0s. Please inspect your container logs for more details., Details: Site container: app-devopsapp-task5 terminated during site startup. Cancelling site startup., DetailsLevel: ERR
2026-08-30T11:54:58.0997371Z Site startup probe failed after 19.8071416 seconds.
2026-08-30T11:54:58.2500860Z State: Stopping, Action: CancellingStartup, LastError: ContainerStartupFailure, LastErrorTimestamp: 08/30/2026 11:54:58, LastErrorDetails: Container exited with exit code 1 during startup after 20.1s. Please inspect your container logs for more details., Details: Site container: app-devopsapp-task5 terminated during site startup. Cancelling site startup., DetailsLevel: ERR
2026-08-30T11:54:58.2511698Z Failed to start site. Revert by stopping site.
2026-08-30T11:54:58.2512533Z State: Stopping, Action: StoppingSite, LastError: ContainerStartupFailure, LastErrorTimestamp: 08/30/2026 11:54:58, LastErrorDetails: Container exited with exit code 1 during startup after 20.1s. Please inspect your container logs for more details., Details: Site container: app-devopsapp-task5 terminated during site startup. Cancelling site startup., DetailsLevel: ERR
2026-08-30T11:54:58.2513776Z State: Stopping, Action: StoppingSiteContainers, LastError: ContainerStartupFailure, LastErrorTimestamp: 08/30/2026 11:54:58, LastErrorDetails: Container exited with exit code 1 during startup after 20.1s. Please inspect your container logs for more details., Details: Site container: app-devopsapp-task5 terminated during site startup. Cancelling site startup., DetailsLevel: ERR
2026-08-30T11:54:58.5223178Z Site container: app-devopsapp-task5_managedIdentity terminated during site startup.
2026-08-30T11:54:58.5225599Z State: Stopping, Action: StoppingSiteContainers, LastError: ContainerStartupFailure, LastErrorTimestamp: 08/30/2026 11:54:58, LastErrorDetails: Container exited with exit code 1 during startup after 20.1s. Please inspect your container logs for more details., Details: Site container: app-devopsapp-task5 terminated during site startup. Cancelling site startup., DetailsLevel: ERR
2026-08-30T11:54:58.5227949Z Site: app-devopsapp-task5 stopped.
2026-08-30T11:58:28.7046951Z State: Starting, Action: EstablishingSiteNetworks, LastError: ContainerStartupFailure, LastErrorTimestamp: 08/30/2026 11:54:58, LastErrorDetails: Container exited with exit code 1 during startup after 20.1s. Please inspect your container logs for more details., Details: Site stopped at 08/30/2026 11:54:59 (UTC), DetailsLevel: ERR
2026-08-30T11:58:30.9771403Z State: Starting, Action: StartingMsiContainer, LastError: ContainerStartupFailure, LastErrorTimestamp: 08/30/2026 11:54:58, LastErrorDetails: Container exited with exit code 1 during startup after 20.1s. Please inspect your container logs for more details., Details: Site stopped at 08/30/2026 11:54:59 (UTC), DetailsLevel: ERR
2026-08-30T11:58:39.6593012Z State: Starting, Action: StartingSiteContainers, LastError: ContainerStartupFailure, LastErrorTimestamp: 08/30/2026 11:54:58, LastErrorDetails: Container exited with exit code 1 during startup after 20.1s. Please inspect your container logs for more details., Details: Site stopped at 08/30/2026 11:54:59 (UTC), DetailsLevel: ERR
2026-08-30T11:58:39.6595330Z Container start method called.
2026-08-30T11:58:39.6767815Z State: Starting, Action: PullingImage, LastError: ContainerStartupFailure, LastErrorTimestamp: 08/30/2026 11:54:58, LastErrorDetails: Container exited with exit code 1 during startup after 20.1s. Please inspect your container logs for more details., Details: Pulling image 10.1.0.4:13209/appsvc/node:20-lts_20260710.8.tuxprod for app-devopsapp-task5., DetailsLevel: INFO
2026-08-30T11:58:39.6770964Z Establishing network.
2026-08-30T11:58:39.6772012Z Pulling image: appsvc/node:20-lts_20260710.8.tuxprod.
2026-08-30T11:58:39.8731280Z Container is starting.
2026-08-30T11:58:39.8733318Z State: Starting, Action: MountingVolumes, LastError: ContainerStartupFailure, LastErrorTimestamp: 08/30/2026 11:54:58, LastErrorDetails: Container exited with exit code 1 during startup after 20.1s. Please inspect your container logs for more details., Details: Mounting volumes for app-devopsapp-task5., DetailsLevel: INFO
2026-08-30T11:58:39.8735333Z Establishing user namespace if not established already.
2026-08-30T11:58:39.8737350Z Establishing network if not established already.
2026-08-30T11:58:39.8739343Z Mounting volumes.
2026-08-30T11:58:39.8741473Z Nested mountpoint site/wwwroot
2026-08-30T11:58:39.9025631Z Nested mountpoint volatile/logs
2026-08-30T11:58:39.9139655Z Nested mountpoint 
2026-08-30T11:58:39.9141679Z Nested mountpoint 
2026-08-30T11:58:39.9834597Z Nested mountpoint 
2026-08-30T11:58:39.9923214Z Nested mountpoint 
2026-08-30T11:58:40.0023601Z Nested mountpoint 
2026-08-30T11:58:40.4854431Z State: Starting, Action: CreatingContainer, LastError: ContainerStartupFailure, LastErrorTimestamp: 08/30/2026 11:54:58, LastErrorDetails: Container exited with exit code 1 during startup after 20.1s. Please inspect your container logs for more details., Details: Finished pulling container image and mounting volumes for app-devopsapp-task5. Allocatinng the rest of the container resources to finish container creation., DetailsLevel: INFO
2026-08-30T11:58:40.4855268Z Creating container.
2026-08-30T11:58:40.4855781Z Creating pipes for streaming container io.
2026-08-30T11:58:40.4856188Z Creating stdout named pipe at /podr/container/pipe/9548d958411a_app-devopsapp-task5/stdout_f15214ab09ff4905af65321758524379.
2026-08-30T11:58:40.4857184Z Successfully created stdout named pipe at: /podr/container/pipe/9548d958411a_app-devopsapp-task5/stdout_f15214ab09ff4905af65321758524379.
2026-08-30T11:58:40.4857606Z Opening named pipe /podr/container/pipe/9548d958411a_app-devopsapp-task5/stdout_f15214ab09ff4905af65321758524379 for reading in non-blocking mode.
2026-08-30T11:58:40.4858076Z Successfully opened named pipe: /podr/container/pipe/9548d958411a_app-devopsapp-task5/stdout_f15214ab09ff4905af65321758524379.
2026-08-30T11:58:40.4858497Z Successfully removed non-blocking flag from /podr/container/pipe/9548d958411a_app-devopsapp-task5/stdout_f15214ab09ff4905af65321758524379.
2026-08-30T11:58:40.4860354Z Creating stderr named pipe at /podr/container/pipe/9548d958411a_app-devopsapp-task5/stderr_93d645286d594ab3b5599fcb24c04e8a.
2026-08-30T11:58:40.4869985Z Successfully created stderr named pipe at: /podr/container/pipe/9548d958411a_app-devopsapp-task5/stderr_93d645286d594ab3b5599fcb24c04e8a.
2026-08-30T11:58:40.4870538Z Opening named pipe /podr/container/pipe/9548d958411a_app-devopsapp-task5/stderr_93d645286d594ab3b5599fcb24c04e8a for reading in non-blocking mode.
2026-08-30T11:58:40.4871059Z Successfully opened named pipe: /podr/container/pipe/9548d958411a_app-devopsapp-task5/stderr_93d645286d594ab3b5599fcb24c04e8a.
2026-08-30T11:58:40.4871455Z Successfully removed non-blocking flag from /podr/container/pipe/9548d958411a_app-devopsapp-task5/stderr_93d645286d594ab3b5599fcb24c04e8a.
2026-08-30T11:58:40.4876662Z Overriding PORT environment variable with pre-calculated port: 8080.
2026-08-30T11:58:40.4877152Z Setting value of PORT variable to 8080
2026-08-30T11:58:40.4878165Z Creating container with image: appsvc/node:20-lts_20260710.8.tuxprod from registry: 10.1.0.4:13209 and fully qualified image name: 10.1.0.4:13209/appsvc/node:20-lts_20260710.8.tuxprod
2026-08-30T11:58:40.8689510Z Starting container: 9548d958411a_app-devopsapp-task5.
2026-08-30T11:58:40.9587161Z Starting watchers and probes.
2026-08-30T11:58:40.9681976Z Starting metrics collection.
2026-08-30T11:58:40.9683319Z Container is running.
2026-08-30T11:58:40.9771754Z State: Starting, Action: CreatingContainer, LastError: ContainerStartupFailure, LastErrorTimestamp: 08/30/2026 11:54:58, LastErrorDetails: Container exited with exit code 1 during startup after 20.1s. Please inspect your container logs for more details., Details: Container app-devopsapp-task5 successfully created and is running., DetailsLevel: INFO
2026-08-30T11:58:41.0186870Z Container start method finished after 1358 ms.
2026-08-30T11:58:41.0458485Z State: Starting, Action: InitiatingSiteWarmUpProbe, LastError: ContainerStartupFailure, LastErrorTimestamp: 08/30/2026 11:54:58, LastErrorDetails: Container exited with exit code 1 during startup after 20.1s. Please inspect your container logs for more details., Details: Container app-devopsapp-task5 successfully created and is running., DetailsLevel: INFO
2026-08-30T11:58:41.0458869Z State: Starting, Action: WaitingForSiteWarmUpProbeSuccess, LastError: ContainerStartupFailure, LastErrorTimestamp: 08/30/2026 11:54:58, LastErrorDetails: Container exited with exit code 1 during startup after 20.1s. Please inspect your container logs for more details., Details: Pinging warmup path to ensure container is ready to receive requests., DetailsLevel: INFO
2026-08-30T11:59:02.7603656Z Container has finished running with exit code: 1.
2026-08-30T11:59:02.7605944Z Container is terminating. Grace period: 5 seconds.
2026-08-30T11:59:02.7684356Z Stop and delete container. Retry count = 0
2026-08-30T11:59:02.7688367Z Stopping container: 9548d958411a_app-devopsapp-task5.
2026-08-30T11:59:02.8188775Z Deleting container: 9548d958411a_app-devopsapp-task5. Retry count = 0
2026-08-30T11:59:02.9713333Z Container spec TerminationMessagePolicy  path 
2026-08-30T11:59:02.9789458Z Container is terminated. Total time elapsed: 217 ms.
2026-08-30T11:59:02.9794805Z Site container: app-devopsapp-task5 terminated during site startup.
2026-08-30T11:59:02.9798743Z State: Stopping, Action: CancellingStartup, LastError: ContainerStartupFailure, LastErrorTimestamp: 08/30/2026 11:54:58, LastErrorDetails: Container exited with exit code 1 during startup after 20.1s. Please inspect your container logs for more details., Details: Site container: app-devopsapp-task5 terminated during site startup. Cancelling site startup., DetailsLevel: ERR
2026-08-30T11:59:02.9994126Z Site startup probe failed after 21.9528554 seconds.
2026-08-30T11:59:03.1806184Z State: Stopping, Action: CancellingStartup, LastError: ContainerStartupFailure, LastErrorTimestamp: 08/30/2026 11:59:03, LastErrorDetails: Container exited with exit code 1 during startup after 22.0s. Please inspect your container logs for more details., Details: Site container: app-devopsapp-task5 terminated during site startup. Cancelling site startup., DetailsLevel: ERR
2026-08-30T11:59:03.1899188Z Failed to start site. Revert by stopping site.
2026-08-30T11:59:03.1902154Z State: Stopping, Action: StoppingSite, LastError: ContainerStartupFailure, LastErrorTimestamp: 08/30/2026 11:59:03, LastErrorDetails: Container exited with exit code 1 during startup after 22.0s. Please inspect your container logs for more details., Details: Site container: app-devopsapp-task5 terminated during site startup. Cancelling site startup., DetailsLevel: ERR
2026-08-30T11:59:03.1905941Z State: Stopping, Action: StoppingSiteContainers, LastError: ContainerStartupFailure, LastErrorTimestamp: 08/30/2026 11:59:03, LastErrorDetails: Container exited with exit code 1 during startup after 22.0s. Please inspect your container logs for more details., Details: Site container: app-devopsapp-task5 terminated during site startup. Cancelling site startup., DetailsLevel: ERR
2026-08-30T11:59:03.5295134Z Site container: app-devopsapp-task5_managedIdentity terminated during site startup.
2026-08-30T11:59:03.5298761Z State: Stopping, Action: StoppingSiteContainers, LastError: ContainerStartupFailure, LastErrorTimestamp: 08/30/2026 11:59:03, LastErrorDetails: Container exited with exit code 1 during startup after 22.0s. Please inspect your container logs for more details., Details: Site container: app-devopsapp-task5 terminated during site startup. Cancelling site startup., DetailsLevel: ERR
2026-08-30T11:59:03.5301108Z Site: app-devopsapp-task5 stopped.
2026-08-30T11:59:03.5391640Z State: Stopping, Action: UnmountingVolumes, LastError: ContainerStartupFailure, LastErrorTimestamp: 08/30/2026 11:59:03, LastErrorDetails: Container exited with exit code 1 during startup after 22.0s. Please inspect your container logs for more details., Details: Site container: app-devopsapp-task5 terminated during site startup. Cancelling site startup., DetailsLevel: ERR
2026-08-30T11:59:03.9036292Z State: Stopping, Action: StoppingSiteNetworks, LastError: ContainerStartupFailure, LastErrorTimestamp: 08/30/2026 11:59:03, LastErrorDetails: Container exited with exit code 1 during startup after 22.0s. Please inspect your container logs for more details., Details: Site container: app-devopsapp-task5 terminated during site startup. Cancelling site startup., DetailsLevel: ERR
2026-08-30T11:59:04.3649424Z State: Stopped, Action: None, LastError: ContainerStartupFailure, LastErrorTimestamp: 08/30/2026 11:59:03, LastErrorDetails: Container exited with exit code 1 during startup after 22.0s. Please inspect your container logs for more details., Details: Site stopped at 08/30/2026 11:59:04 (UTC), DetailsLevel: ERR
2026-08-30T11:59:04.6434837Z State: Stopped, Action: None, LastError: ContainerStartupFailure, LastErrorTimestamp: 08/30/2026 11:59:03, LastErrorDetails: Container exited with exit code 1 during startup after 22.0s. Please inspect your container logs for more details., Details: Site stopped at 08/30/2026 11:59:04 (UTC), DetailsLevel: ERR
2026-08-30T11:59:14.0639565Z State: Starting, Action: EstablishingSiteNetworks, LastError: ContainerStartupFailure, LastErrorTimestamp: 08/30/2026 11:59:03, LastErrorDetails: Container exited with exit code 1 during startup after 22.0s. Please inspect your container logs for more details., Details: Site stopped at 08/30/2026 11:59:04 (UTC), DetailsLevel: ERR
2026-08-30T11:59:16.0853012Z State: Starting, Action: StartingMsiContainer, LastError: ContainerStartupFailure, LastErrorTimestamp: 08/30/2026 11:59:03, LastErrorDetails: Container exited with exit code 1 during startup after 22.0s. Please inspect your container logs for more details., Details: Site stopped at 08/30/2026 11:59:04 (UTC), DetailsLevel: ERR
2026-08-30T11:59:25.0074036Z State: Starting, Action: StartingSiteContainers, LastError: ContainerStartupFailure, LastErrorTimestamp: 08/30/2026 11:59:03, LastErrorDetails: Container exited with exit code 1 during startup after 22.0s. Please inspect your container logs for more details., Details: Site stopped at 08/30/2026 11:59:04 (UTC), DetailsLevel: ERR
2026-08-30T11:59:25.0075617Z Container start method called.
2026-08-30T11:59:25.0080219Z State: Starting, Action: PullingImage, LastError: ContainerStartupFailure, LastErrorTimestamp: 08/30/2026 11:59:03, LastErrorDetails: Container exited with exit code 1 during startup after 22.0s. Please inspect your container logs for more details., Details: Pulling image 10.1.0.4:13209/appsvc/node:20-lts_20260710.8.tuxprod for app-devopsapp-task5., DetailsLevel: INFO
2026-08-30T11:59:25.0081709Z Establishing network.
2026-08-30T11:59:25.0084031Z Pulling image: appsvc/node:20-lts_20260710.8.tuxprod.
2026-08-30T11:59:25.2196232Z Container is starting.
2026-08-30T11:59:25.2197014Z State: Starting, Action: MountingVolumes, LastError: ContainerStartupFailure, LastErrorTimestamp: 08/30/2026 11:59:03, LastErrorDetails: Container exited with exit code 1 during startup after 22.0s. Please inspect your container logs for more details., Details: Mounting volumes for app-devopsapp-task5., DetailsLevel: INFO
2026-08-30T11:59:25.2197769Z Establishing user namespace if not established already.
2026-08-30T11:59:25.2198294Z Establishing network if not established already.
2026-08-30T11:59:25.2198800Z Mounting volumes.
2026-08-30T11:59:25.2199489Z Nested mountpoint site/wwwroot
2026-08-30T11:59:25.2305268Z Nested mountpoint volatile/logs
2026-08-30T11:59:25.2789416Z Nested mountpoint 
2026-08-30T11:59:25.2803338Z Nested mountpoint 
2026-08-30T11:59:25.3102554Z Nested mountpoint 
2026-08-30T11:59:25.3509219Z Nested mountpoint 
2026-08-30T11:59:25.4407057Z Nested mountpoint 
2026-08-30T11:59:25.8506542Z State: Starting, Action: CreatingContainer, LastError: ContainerStartupFailure, LastErrorTimestamp: 08/30/2026 11:59:03, LastErrorDetails: Container exited with exit code 1 during startup after 22.0s. Please inspect your container logs for more details., Details: Finished pulling container image and mounting volumes for app-devopsapp-task5. Allocatinng the rest of the container resources to finish container creation., DetailsLevel: INFO
2026-08-30T11:59:25.8508828Z Creating container.
2026-08-30T11:59:25.8510996Z Creating pipes for streaming container io.
2026-08-30T11:59:25.8513123Z Creating stdout named pipe at /podr/container/pipe/be760de77f1d_app-devopsapp-task5/stdout_d726074487184006914ad8bc250f8a01.
2026-08-30T11:59:25.8515895Z Successfully created stdout named pipe at: /podr/container/pipe/be760de77f1d_app-devopsapp-task5/stdout_d726074487184006914ad8bc250f8a01.
2026-08-30T11:59:25.8518338Z Opening named pipe /podr/container/pipe/be760de77f1d_app-devopsapp-task5/stdout_d726074487184006914ad8bc250f8a01 for reading in non-blocking mode.
2026-08-30T11:59:25.8604820Z Successfully opened named pipe: /podr/container/pipe/be760de77f1d_app-devopsapp-task5/stdout_d726074487184006914ad8bc250f8a01.
2026-08-30T11:59:25.8605865Z Successfully removed non-blocking flag from /podr/container/pipe/be760de77f1d_app-devopsapp-task5/stdout_d726074487184006914ad8bc250f8a01.
2026-08-30T11:59:25.8606985Z Creating stderr named pipe at /podr/container/pipe/be760de77f1d_app-devopsapp-task5/stderr_91d2efcd22a3406ab9bf1544fddbe508.
2026-08-30T11:59:25.8607708Z Successfully created stderr named pipe at: /podr/container/pipe/be760de77f1d_app-devopsapp-task5/stderr_91d2efcd22a3406ab9bf1544fddbe508.
2026-08-30T11:59:25.8608244Z Opening named pipe /podr/container/pipe/be760de77f1d_app-devopsapp-task5/stderr_91d2efcd22a3406ab9bf1544fddbe508 for reading in non-blocking mode.
2026-08-30T11:59:25.8608758Z Successfully opened named pipe: /podr/container/pipe/be760de77f1d_app-devopsapp-task5/stderr_91d2efcd22a3406ab9bf1544fddbe508.
2026-08-30T11:59:25.8609142Z Successfully removed non-blocking flag from /podr/container/pipe/be760de77f1d_app-devopsapp-task5/stderr_91d2efcd22a3406ab9bf1544fddbe508.
2026-08-30T11:59:25.8610351Z Overriding PORT environment variable with pre-calculated port: 8080.
2026-08-30T11:59:25.8610722Z Setting value of PORT variable to 8080
2026-08-30T11:59:25.8611495Z Creating container with image: appsvc/node:20-lts_20260710.8.tuxprod from registry: 10.1.0.4:13209 and fully qualified image name: 10.1.0.4:13209/appsvc/node:20-lts_20260710.8.tuxprod
2026-08-30T11:59:26.1815284Z Starting container: be760de77f1d_app-devopsapp-task5.
2026-08-30T11:59:26.2698244Z Starting watchers and probes.
2026-08-30T11:59:26.2699617Z Starting metrics collection.
2026-08-30T11:59:26.2702536Z Container is running.
2026-08-30T11:59:26.2702996Z State: Starting, Action: CreatingContainer, LastError: ContainerStartupFailure, LastErrorTimestamp: 08/30/2026 11:59:03, LastErrorDetails: Container exited with exit code 1 during startup after 22.0s. Please inspect your container logs for more details., Details: Container app-devopsapp-task5 successfully created and is running., DetailsLevel: INFO
2026-08-30T11:59:26.4700246Z Container start method finished after 1462 ms.
2026-08-30T11:59:26.4700987Z State: Starting, Action: InitiatingSiteWarmUpProbe, LastError: ContainerStartupFailure, LastErrorTimestamp: 08/30/2026 11:59:03, LastErrorDetails: Container exited with exit code 1 during startup after 22.0s. Please inspect your container logs for more details., Details: Container app-devopsapp-task5 successfully created and is running., DetailsLevel: INFO
2026-08-30T11:59:26.4701099Z State: Starting, Action: WaitingForSiteWarmUpProbeSuccess, LastError: ContainerStartupFailure, LastErrorTimestamp: 08/30/2026 11:59:03, LastErrorDetails: Container exited with exit code 1 during startup after 22.0s. Please inspect your container logs for more details., Details: Pinging warmup path to ensure container is ready to receive requests., DetailsLevel: INFO
2026-08-30T11:59:44.0090777Z Container has finished running with exit code: 1.
2026-08-30T11:59:44.0092933Z Container is terminating. Grace period: 5 seconds.
2026-08-30T11:59:44.0096803Z Stop and delete container. Retry count = 0
2026-08-30T11:59:44.0174341Z Stopping container: be760de77f1d_app-devopsapp-task5.
2026-08-30T11:59:44.0492376Z Deleting container: be760de77f1d_app-devopsapp-task5. Retry count = 0
2026-08-30T11:59:44.1993923Z Container spec TerminationMessagePolicy  path 
2026-08-30T11:59:44.2168060Z Container is terminated. Total time elapsed: 190 ms.
2026-08-30T11:59:44.2169140Z Site container: app-devopsapp-task5 terminated during site startup.
2026-08-30T11:59:44.2172942Z State: Stopping, Action: CancellingStartup, LastError: ContainerStartupFailure, LastErrorTimestamp: 08/30/2026 11:59:03, LastErrorDetails: Container exited with exit code 1 during startup after 22.0s. Please inspect your container logs for more details., Details: Site container: app-devopsapp-task5 terminated during site startup. Cancelling site startup., DetailsLevel: ERR
2026-08-30T11:59:44.2282487Z Site startup probe failed after 17.7576261 seconds.
2026-08-30T11:59:44.3896952Z State: Stopping, Action: CancellingStartup, LastError: ContainerStartupFailure, LastErrorTimestamp: 08/30/2026 11:59:44, LastErrorDetails: Container exited with exit code 1 during startup after 17.9s. Please inspect your container logs for more details., Details: Site container: app-devopsapp-task5 terminated during site startup. Cancelling site startup., DetailsLevel: ERR
2026-08-30T11:59:44.3975604Z Failed to start site. Revert by stopping site.
2026-08-30T11:59:44.3976879Z State: Stopping, Action: StoppingSite, LastError: ContainerStartupFailure, LastErrorTimestamp: 08/30/2026 11:59:44, LastErrorDetails: Container exited with exit code 1 during startup after 17.9s. Please inspect your container logs for more details., Details: Site container: app-devopsapp-task5 terminated during site startup. Cancelling site startup., DetailsLevel: ERR
2026-08-30T11:59:44.3978099Z State: Stopping, Action: StoppingSiteContainers, LastError: ContainerStartupFailure, LastErrorTimestamp: 08/30/2026 11:59:44, LastErrorDetails: Container exited with exit code 1 during startup after 17.9s. Please inspect your container logs for more details., Details: Site container: app-devopsapp-task5 terminated during site startup. Cancelling site startup., DetailsLevel: ERR
2026-08-30T11:59:44.6579319Z Site container: app-devopsapp-task5_managedIdentity terminated during site startup.
2026-08-30T11:59:44.6581113Z State: Stopping, Action: StoppingSiteContainers, LastError: ContainerStartupFailure, LastErrorTimestamp: 08/30/2026 11:59:44, LastErrorDetails: Container exited with exit code 1 during startup after 17.9s. Please inspect your container logs for more details., Details: Site container: app-devopsapp-task5 terminated during site startup. Cancelling site startup., DetailsLevel: ERR
2026-08-30T11:59:44.6581803Z Site: app-devopsapp-task5 stopped.
2026-08-30T11:59:44.6827254Z State: Stopping, Action: UnmountingVolumes, LastError: ContainerStartupFailure, LastErrorTimestamp: 08/30/2026 11:59:44, LastErrorDetails: Container exited with exit code 1 during startup after 17.9s. Please inspect your container logs for more details., Details: Site container: app-devopsapp-task5 terminated during site startup. Cancelling site startup., DetailsLevel: ERR
2026-08-30T11:59:44.9381849Z State: Stopping, Action: StoppingSiteNetworks, LastError: ContainerStartupFailure, LastErrorTimestamp: 08/30/2026 11:59:44, LastErrorDetails: Container exited with exit code 1 during startup after 17.9s. Please inspect your container logs for more details., Details: Site container: app-devopsapp-task5 terminated during site startup. Cancelling site startup., DetailsLevel: ERR
2026-08-30T11:59:45.3184853Z Site: app-devopsapp-task5 will be blocked for 1 minutes till 08/30/2026 12:00:45
2026-08-30T11:59:45.3187403Z State: Blocked, Action: StoppingSiteNetworks, LastError: ContainerStartupFailure, LastErrorTimestamp: 08/30/2026 11:59:44, LastErrorDetails: Container exited with exit code 1 during startup after 17.9s. Please inspect your container logs for more details., Details: Site: app-devopsapp-task5 will be blocked for 1 minutes till 08/30/2026 12:00:45, DetailsLevel: WARN
2026-08-30T11:59:45.3200131Z State: Stopped, Action: None, LastError: ContainerStartupFailure, LastErrorTimestamp: 08/30/2026 11:59:44, LastErrorDetails: Container exited with exit code 1 during startup after 17.9s. Please inspect your container logs for more details., Details: Site stopped at 08/30/2026 11:59:45 (UTC), DetailsLevel: WARN
2026-08-30T11:59:45.7510025Z State: Stopped, Action: None, LastError: ContainerStartupFailure, LastErrorTimestamp: 08/30/2026 11:59:44, LastErrorDetails: Container exited with exit code 1 during startup after 17.9s. Please inspect your container logs for more details., Details: Site stopped at 08/30/2026 11:59:45 (UTC), DetailsLevel: WARN
2026-08-30T12:00:45.3194549Z Site: app-devopsapp-task5 is unblocked.
2026-08-30T12:04:14.3012025Z State: Starting, Action: EstablishingSiteNetworks, LastError: ContainerStartupFailure, LastErrorTimestamp: 08/30/2026 11:59:44, LastErrorDetails: Container exited with exit code 1 during startup after 17.9s. Please inspect your container logs for more details., Details: Site stopped at 08/30/2026 11:59:45 (UTC), DetailsLevel: WARN
2026-08-30T12:04:16.1650250Z State: Starting, Action: StartingMsiContainer, LastError: ContainerStartupFailure, LastErrorTimestamp: 08/30/2026 11:59:44, LastErrorDetails: Container exited with exit code 1 during startup after 17.9s. Please inspect your container logs for more details., Details: Site stopped at 08/30/2026 11:59:45 (UTC), DetailsLevel: WARN
2026-08-30T12:04:25.2230592Z State: Starting, Action: StartingSiteContainers, LastError: ContainerStartupFailure, LastErrorTimestamp: 08/30/2026 11:59:44, LastErrorDetails: Container exited with exit code 1 during startup after 17.9s. Please inspect your container logs for more details., Details: Site stopped at 08/30/2026 11:59:45 (UTC), DetailsLevel: WARN
2026-08-30T12:04:25.2231013Z Container start method called.
2026-08-30T12:04:25.2231188Z State: Starting, Action: PullingImage, LastError: ContainerStartupFailure, LastErrorTimestamp: 08/30/2026 11:59:44, LastErrorDetails: Container exited with exit code 1 during startup after 17.9s. Please inspect your container logs for more details., Details: Pulling image 10.1.0.4:13209/appsvc/node:20-lts_20260710.8.tuxprod for app-devopsapp-task5., DetailsLevel: INFO
2026-08-30T12:04:25.2231414Z Establishing network.
2026-08-30T12:04:25.2231691Z Pulling image: appsvc/node:20-lts_20260710.8.tuxprod.
2026-08-30T12:04:25.3962463Z Container is starting.
2026-08-30T12:04:25.3964785Z State: Starting, Action: MountingVolumes, LastError: ContainerStartupFailure, LastErrorTimestamp: 08/30/2026 11:59:44, LastErrorDetails: Container exited with exit code 1 during startup after 17.9s. Please inspect your container logs for more details., Details: Mounting volumes for app-devopsapp-task5., DetailsLevel: INFO
2026-08-30T12:04:25.3966751Z Establishing user namespace if not established already.
2026-08-30T12:04:25.3968310Z Establishing network if not established already.
2026-08-30T12:04:25.3968740Z Mounting volumes.
2026-08-30T12:04:25.3969301Z Nested mountpoint site/wwwroot
2026-08-30T12:04:25.4253055Z Nested mountpoint volatile/logs
2026-08-30T12:04:25.4769703Z Nested mountpoint 
2026-08-30T12:04:25.4949735Z Nested mountpoint 
2026-08-30T12:04:25.5073934Z Nested mountpoint 
2026-08-30T12:04:25.5076503Z Nested mountpoint 
2026-08-30T12:04:25.5359100Z Nested mountpoint 
2026-08-30T12:04:25.9878978Z State: Starting, Action: CreatingContainer, LastError: ContainerStartupFailure, LastErrorTimestamp: 08/30/2026 11:59:44, LastErrorDetails: Container exited with exit code 1 during startup after 17.9s. Please inspect your container logs for more details., Details: Finished pulling container image and mounting volumes for app-devopsapp-task5. Allocatinng the rest of the container resources to finish container creation., DetailsLevel: INFO
2026-08-30T12:04:25.9879716Z Creating container.
2026-08-30T12:04:25.9880193Z Creating pipes for streaming container io.
2026-08-30T12:04:25.9880637Z Creating stdout named pipe at /podr/container/pipe/802a1459f363_app-devopsapp-task5/stdout_8b513a415caf40e897f0fbaf8a50ecca.
2026-08-30T12:04:25.9889789Z Successfully created stdout named pipe at: /podr/container/pipe/802a1459f363_app-devopsapp-task5/stdout_8b513a415caf40e897f0fbaf8a50ecca.
2026-08-30T12:04:25.9976391Z Opening named pipe /podr/container/pipe/802a1459f363_app-devopsapp-task5/stdout_8b513a415caf40e897f0fbaf8a50ecca for reading in non-blocking mode.
2026-08-30T12:04:25.9977199Z Successfully opened named pipe: /podr/container/pipe/802a1459f363_app-devopsapp-task5/stdout_8b513a415caf40e897f0fbaf8a50ecca.
2026-08-30T12:04:25.9977459Z Successfully removed non-blocking flag from /podr/container/pipe/802a1459f363_app-devopsapp-task5/stdout_8b513a415caf40e897f0fbaf8a50ecca.
2026-08-30T12:04:25.9977904Z Creating stderr named pipe at /podr/container/pipe/802a1459f363_app-devopsapp-task5/stderr_1c0565108efa40daa4d9115b279f07b9.
2026-08-30T12:04:25.9978446Z Successfully created stderr named pipe at: /podr/container/pipe/802a1459f363_app-devopsapp-task5/stderr_1c0565108efa40daa4d9115b279f07b9.
2026-08-30T12:04:25.9978671Z Opening named pipe /podr/container/pipe/802a1459f363_app-devopsapp-task5/stderr_1c0565108efa40daa4d9115b279f07b9 for reading in non-blocking mode.
2026-08-30T12:04:25.9978966Z Successfully opened named pipe: /podr/container/pipe/802a1459f363_app-devopsapp-task5/stderr_1c0565108efa40daa4d9115b279f07b9.
2026-08-30T12:04:25.9979182Z Successfully removed non-blocking flag from /podr/container/pipe/802a1459f363_app-devopsapp-task5/stderr_1c0565108efa40daa4d9115b279f07b9.
2026-08-30T12:04:25.9979552Z Overriding PORT environment variable with pre-calculated port: 8080.
2026-08-30T12:04:25.9979768Z Setting value of PORT variable to 8080
2026-08-30T12:04:25.9980321Z Creating container with image: appsvc/node:20-lts_20260710.8.tuxprod from registry: 10.1.0.4:13209 and fully qualified image name: 10.1.0.4:13209/appsvc/node:20-lts_20260710.8.tuxprod
2026-08-30T12:04:26.3866191Z Starting container: 802a1459f363_app-devopsapp-task5.
2026-08-30T12:04:26.4873457Z Starting watchers and probes.
2026-08-30T12:04:26.4874831Z Starting metrics collection.
2026-08-30T12:04:26.4875430Z Container is running.
2026-08-30T12:04:26.4878542Z State: Starting, Action: CreatingContainer, LastError: ContainerStartupFailure, LastErrorTimestamp: 08/30/2026 11:59:44, LastErrorDetails: Container exited with exit code 1 during startup after 17.9s. Please inspect your container logs for more details., Details: Container app-devopsapp-task5 successfully created and is running., DetailsLevel: INFO
2026-08-30T12:04:26.6586479Z Container start method finished after 1365 ms.
2026-08-30T12:04:26.6587700Z State: Starting, Action: InitiatingSiteWarmUpProbe, LastError: ContainerStartupFailure, LastErrorTimestamp: 08/30/2026 11:59:44, LastErrorDetails: Container exited with exit code 1 during startup after 17.9s. Please inspect your container logs for more details., Details: Container app-devopsapp-task5 successfully created and is running., DetailsLevel: INFO
2026-08-30T12:04:26.6587990Z State: Starting, Action: WaitingForSiteWarmUpProbeSuccess, LastError: ContainerStartupFailure, LastErrorTimestamp: 08/30/2026 11:59:44, LastErrorDetails: Container exited with exit code 1 during startup after 17.9s. Please inspect your container logs for more details., Details: Pinging warmup path to ensure container is ready to receive requests., DetailsLevel: INFO
2026-08-30T12:04:46.4572240Z Container has finished running with exit code: 1.
2026-08-30T12:04:46.4576536Z Container is terminating. Grace period: 5 seconds.
2026-08-30T12:04:46.4666451Z Stop and delete container. Retry count = 0
2026-08-30T12:04:46.4670232Z Stopping container: 802a1459f363_app-devopsapp-task5.
2026-08-30T12:04:46.5457184Z Deleting container: 802a1459f363_app-devopsapp-task5. Retry count = 0
2026-08-30T12:04:46.7958009Z Container spec TerminationMessagePolicy  path 
2026-08-30T12:04:46.7963353Z Container is terminated. Total time elapsed: 338 ms.
2026-08-30T12:04:46.7967897Z Site container: app-devopsapp-task5 terminated during site startup.
2026-08-30T12:04:46.8048654Z State: Stopping, Action: CancellingStartup, LastError: ContainerStartupFailure, LastErrorTimestamp: 08/30/2026 11:59:44, LastErrorDetails: Container exited with exit code 1 during startup after 17.9s. Please inspect your container logs for more details., Details: Site container: app-devopsapp-task5 terminated during site startup. Cancelling site startup., DetailsLevel: ERR
2026-08-30T12:04:46.8175479Z Site startup probe failed after 20.1585244 seconds.
2026-08-30T12:04:47.0059948Z State: Stopping, Action: CancellingStartup, LastError: ContainerStartupFailure, LastErrorTimestamp: 08/30/2026 12:04:47, LastErrorDetails: Container exited with exit code 1 during startup after 20.3s. Please inspect your container logs for more details., Details: Site container: app-devopsapp-task5 terminated during site startup. Cancelling site startup., DetailsLevel: ERR
2026-08-30T12:04:47.0174823Z Failed to start site. Revert by stopping site.
2026-08-30T12:04:47.0177668Z State: Stopping, Action: StoppingSite, LastError: ContainerStartupFailure, LastErrorTimestamp: 08/30/2026 12:04:47, LastErrorDetails: Container exited with exit code 1 during startup after 20.3s. Please inspect your container logs for more details., Details: Site container: app-devopsapp-task5 terminated during site startup. Cancelling site startup., DetailsLevel: ERR
2026-08-30T12:04:47.0263569Z State: Stopping, Action: StoppingSiteContainers, LastError: ContainerStartupFailure, LastErrorTimestamp: 08/30/2026 12:04:47, LastErrorDetails: Container exited with exit code 1 during startup after 20.3s. Please inspect your container logs for more details., Details: Site container: app-devopsapp-task5 terminated during site startup. Cancelling site startup., DetailsLevel: ERR
2026-08-30T12:04:47.3782486Z Site container: app-devopsapp-task5_managedIdentity terminated during site startup.
2026-08-30T12:04:47.3784746Z State: Stopping, Action: StoppingSiteContainers, LastError: ContainerStartupFailure, LastErrorTimestamp: 08/30/2026 12:04:47, LastErrorDetails: Container exited with exit code 1 during startup after 20.3s. Please inspect your container logs for more details., Details: Site container: app-devopsapp-task5 terminated during site startup. Cancelling site startup., DetailsLevel: ERR
2026-08-30T12:04:47.3785467Z Site: app-devopsapp-task5 stopped.
2026-08-30T12:15:11.2145857Z State: Starting, Action: EstablishingSiteNetworks, LastError: ContainerStartupFailure, LastErrorTimestamp: 08/30/2026 12:04:47, LastErrorDetails: Container exited with exit code 1 during startup after 20.3s. Please inspect your container logs for more details., Details: Site stopped at 08/30/2026 12:04:48 (UTC), DetailsLevel: WARN
2026-08-30T12:15:12.9767884Z State: Starting, Action: StartingMsiContainer, LastError: ContainerStartupFailure, LastErrorTimestamp: 08/30/2026 12:04:47, LastErrorDetails: Container exited with exit code 1 during startup after 20.3s. Please inspect your container logs for more details., Details: Site stopped at 08/30/2026 12:04:48 (UTC), DetailsLevel: WARN
2026-08-30T12:15:22.0349624Z State: Starting, Action: StartingSiteContainers, LastError: ContainerStartupFailure, LastErrorTimestamp: 08/30/2026 12:04:47, LastErrorDetails: Container exited with exit code 1 during startup after 20.3s. Please inspect your container logs for more details., Details: Site stopped at 08/30/2026 12:04:48 (UTC), DetailsLevel: WARN
2026-08-30T12:15:22.0350553Z Container start method called.
2026-08-30T12:15:22.0352134Z State: Starting, Action: PullingImage, LastError: ContainerStartupFailure, LastErrorTimestamp: 08/30/2026 12:04:47, LastErrorDetails: Container exited with exit code 1 during startup after 20.3s. Please inspect your container logs for more details., Details: Pulling image 10.1.0.6:13209/appsvc/node:20-lts_20260710.8.tuxprod for app-devopsapp-task5., DetailsLevel: INFO
2026-08-30T12:15:22.0352777Z Establishing network.
2026-08-30T12:15:22.0353326Z Pulling image: appsvc/node:20-lts_20260710.8.tuxprod.
2026-08-30T12:15:22.2483892Z Container is starting.
2026-08-30T12:15:22.2484538Z State: Starting, Action: MountingVolumes, LastError: ContainerStartupFailure, LastErrorTimestamp: 08/30/2026 12:04:47, LastErrorDetails: Container exited with exit code 1 during startup after 20.3s. Please inspect your container logs for more details., Details: Mounting volumes for app-devopsapp-task5., DetailsLevel: INFO
2026-08-30T12:15:22.2485484Z Establishing user namespace if not established already.
2026-08-30T12:15:22.2486103Z Establishing network if not established already.
2026-08-30T12:15:22.2486580Z Mounting volumes.
2026-08-30T12:15:22.2561270Z Nested mountpoint site/wwwroot
2026-08-30T12:15:22.2679485Z Nested mountpoint volatile/logs
2026-08-30T12:15:22.2763834Z Nested mountpoint 
2026-08-30T12:15:22.2966546Z Nested mountpoint 
2026-08-30T12:15:22.3364287Z Nested mountpoint 
2026-08-30T12:15:22.3374724Z Nested mountpoint 
2026-08-30T12:15:22.3469349Z Nested mountpoint 
2026-08-30T12:15:22.8396537Z State: Starting, Action: CreatingContainer, LastError: ContainerStartupFailure, LastErrorTimestamp: 08/30/2026 12:04:47, LastErrorDetails: Container exited with exit code 1 during startup after 20.3s. Please inspect your container logs for more details., Details: Finished pulling container image and mounting volumes for app-devopsapp-task5. Allocatinng the rest of the container resources to finish container creation., DetailsLevel: INFO
2026-08-30T12:15:22.8397386Z Creating container.
2026-08-30T12:15:22.8398142Z Creating pipes for streaming container io.
2026-08-30T12:15:22.8398561Z Creating stdout named pipe at /podr/container/pipe/3a6cb710fec3_app-devopsapp-task5/stdout_4cd86c6c24294fbfba634b76e1407d31.
2026-08-30T12:15:22.8399509Z Successfully created stdout named pipe at: /podr/container/pipe/3a6cb710fec3_app-devopsapp-task5/stdout_4cd86c6c24294fbfba634b76e1407d31.
2026-08-30T12:15:22.8399921Z Opening named pipe /podr/container/pipe/3a6cb710fec3_app-devopsapp-task5/stdout_4cd86c6c24294fbfba634b76e1407d31 for reading in non-blocking mode.
2026-08-30T12:15:22.8400376Z Successfully opened named pipe: /podr/container/pipe/3a6cb710fec3_app-devopsapp-task5/stdout_4cd86c6c24294fbfba634b76e1407d31.
2026-08-30T12:15:22.8400758Z Successfully removed non-blocking flag from /podr/container/pipe/3a6cb710fec3_app-devopsapp-task5/stdout_4cd86c6c24294fbfba634b76e1407d31.
2026-08-30T12:15:22.8487781Z Creating stderr named pipe at /podr/container/pipe/3a6cb710fec3_app-devopsapp-task5/stderr_338447730b274b8d8d29a5dfe64776e6.
2026-08-30T12:15:22.8488543Z Successfully created stderr named pipe at: /podr/container/pipe/3a6cb710fec3_app-devopsapp-task5/stderr_338447730b274b8d8d29a5dfe64776e6.
2026-08-30T12:15:22.8488950Z Opening named pipe /podr/container/pipe/3a6cb710fec3_app-devopsapp-task5/stderr_338447730b274b8d8d29a5dfe64776e6 for reading in non-blocking mode.
2026-08-30T12:15:22.8489421Z Successfully opened named pipe: /podr/container/pipe/3a6cb710fec3_app-devopsapp-task5/stderr_338447730b274b8d8d29a5dfe64776e6.
2026-08-30T12:15:22.8489799Z Successfully removed non-blocking flag from /podr/container/pipe/3a6cb710fec3_app-devopsapp-task5/stderr_338447730b274b8d8d29a5dfe64776e6.
2026-08-30T12:15:22.8492642Z Overriding PORT environment variable with pre-calculated port: 8080.
2026-08-30T12:15:22.8493065Z Setting value of PORT variable to 8080
2026-08-30T12:15:22.8494946Z Creating container with image: appsvc/node:20-lts_20260710.8.tuxprod from registry: 10.1.0.6:13209 and fully qualified image name: 10.1.0.6:13209/appsvc/node:20-lts_20260710.8.tuxprod
2026-08-30T12:15:23.5184851Z Starting container: 3a6cb710fec3_app-devopsapp-task5.
2026-08-30T12:15:23.6198935Z Starting watchers and probes.
2026-08-30T12:15:23.6201219Z Starting metrics collection.
2026-08-30T12:15:23.6201842Z Container is running.
2026-08-30T12:15:23.6204667Z State: Starting, Action: CreatingContainer, LastError: ContainerStartupFailure, LastErrorTimestamp: 08/30/2026 12:04:47, LastErrorDetails: Container exited with exit code 1 during startup after 20.3s. Please inspect your container logs for more details., Details: Container app-devopsapp-task5 successfully created and is running., DetailsLevel: INFO
2026-08-30T12:15:23.8021654Z Container start method finished after 1767 ms.
2026-08-30T12:15:23.8022377Z State: Starting, Action: InitiatingSiteWarmUpProbe, LastError: ContainerStartupFailure, LastErrorTimestamp: 08/30/2026 12:04:47, LastErrorDetails: Container exited with exit code 1 during startup after 20.3s. Please inspect your container logs for more details., Details: Container app-devopsapp-task5 successfully created and is running., DetailsLevel: INFO
2026-08-30T12:15:23.8022508Z State: Starting, Action: WaitingForSiteWarmUpProbeSuccess, LastError: ContainerStartupFailure, LastErrorTimestamp: 08/30/2026 12:04:47, LastErrorDetails: Container exited with exit code 1 during startup after 20.3s. Please inspect your container logs for more details., Details: Pinging warmup path to ensure container is ready to receive requests., DetailsLevel: INFO
2026-08-30T12:15:42.3428914Z Container has finished running with exit code: 1.
2026-08-30T12:15:42.3429494Z Container is terminating. Grace period: 5 seconds.
2026-08-30T12:15:42.3440776Z Stop and delete container. Retry count = 0
2026-08-30T12:15:42.3443419Z Stopping container: 3a6cb710fec3_app-devopsapp-task5.
2026-08-30T12:15:42.3927273Z Deleting container: 3a6cb710fec3_app-devopsapp-task5. Retry count = 0
2026-08-30T12:15:42.5452627Z Container spec TerminationMessagePolicy  path 
2026-08-30T12:15:42.5524580Z Container is terminated. Total time elapsed: 202 ms.
2026-08-30T12:15:42.5526358Z Site container: app-devopsapp-task5 terminated during site startup.
2026-08-30T12:15:42.5528359Z State: Stopping, Action: CancellingStartup, LastError: ContainerStartupFailure, LastErrorTimestamp: 08/30/2026 12:04:47, LastErrorDetails: Container exited with exit code 1 during startup after 20.3s. Please inspect your container logs for more details., Details: Site container: app-devopsapp-task5 terminated during site startup. Cancelling site startup., DetailsLevel: ERR
2026-08-30T12:15:42.6026621Z Site startup probe failed after 18.731793 seconds.
2026-08-30T12:15:42.8836251Z State: Stopping, Action: CancellingStartup, LastError: ContainerStartupFailure, LastErrorTimestamp: 08/30/2026 12:15:42, LastErrorDetails: Container exited with exit code 1 during startup after 18.9s. Please inspect your container logs for more details., Details: Site container: app-devopsapp-task5 terminated during site startup. Cancelling site startup., DetailsLevel: ERR
2026-08-30T12:15:42.9027173Z Failed to start site. Revert by stopping site.
2026-08-30T12:15:42.9036551Z State: Stopping, Action: StoppingSite, LastError: ContainerStartupFailure, LastErrorTimestamp: 08/30/2026 12:15:42, LastErrorDetails: Container exited with exit code 1 during startup after 18.9s. Please inspect your container logs for more details., Details: Site container: app-devopsapp-task5 terminated during site startup. Cancelling site startup., DetailsLevel: ERR
2026-08-30T12:15:42.9046523Z State: Stopping, Action: StoppingSiteContainers, LastError: ContainerStartupFailure, LastErrorTimestamp: 08/30/2026 12:15:42, LastErrorDetails: Container exited with exit code 1 during startup after 18.9s. Please inspect your container logs for more details., Details: Site container: app-devopsapp-task5 terminated during site startup. Cancelling site startup., DetailsLevel: ERR
2026-08-30T12:15:43.8707544Z Site container: app-devopsapp-task5_managedIdentity terminated during site startup.
2026-08-30T12:15:43.8712551Z State: Stopping, Action: StoppingSiteContainers, LastError: ContainerStartupFailure, LastErrorTimestamp: 08/30/2026 12:15:42, LastErrorDetails: Container exited with exit code 1 during startup after 18.9s. Please inspect your container logs for more details., Details: Site container: app-devopsapp-task5 terminated during site startup. Cancelling site startup., DetailsLevel: ERR
2026-08-30T12:15:43.8718085Z Site: app-devopsapp-task5 stopped.
2026-08-30T12:19:09.9127925Z State: Starting, Action: EstablishingSiteNetworks, LastError: ContainerStartupFailure, LastErrorTimestamp: 08/30/2026 12:15:42, LastErrorDetails: Container exited with exit code 1 during startup after 18.9s. Please inspect your container logs for more details., Details: Site stopped at 08/30/2026 12:15:44 (UTC), DetailsLevel: ERR
2026-08-30T12:19:11.8974167Z State: Starting, Action: StartingMsiContainer, LastError: ContainerStartupFailure, LastErrorTimestamp: 08/30/2026 12:15:42, LastErrorDetails: Container exited with exit code 1 during startup after 18.9s. Please inspect your container logs for more details., Details: Site stopped at 08/30/2026 12:15:44 (UTC), DetailsLevel: ERR
2026-08-30T12:19:20.7817506Z State: Starting, Action: StartingSiteContainers, LastError: ContainerStartupFailure, LastErrorTimestamp: 08/30/2026 12:15:42, LastErrorDetails: Container exited with exit code 1 during startup after 18.9s. Please inspect your container logs for more details., Details: Site stopped at 08/30/2026 12:15:44 (UTC), DetailsLevel: ERR
2026-08-30T12:19:20.7819717Z Container start method called.
2026-08-30T12:19:20.7895203Z State: Starting, Action: PullingImage, LastError: ContainerStartupFailure, LastErrorTimestamp: 08/30/2026 12:15:42, LastErrorDetails: Container exited with exit code 1 during startup after 18.9s. Please inspect your container logs for more details., Details: Pulling image 10.1.0.6:13209/appsvc/node:20-lts_20260710.8.tuxprod for app-devopsapp-task5., DetailsLevel: INFO
2026-08-30T12:19:20.7899807Z Establishing network.
2026-08-30T12:19:20.7915251Z Pulling image: appsvc/node:20-lts_20260710.8.tuxprod.
2026-08-30T12:19:21.0122807Z Container is starting.
2026-08-30T12:19:21.0123992Z State: Starting, Action: MountingVolumes, LastError: ContainerStartupFailure, LastErrorTimestamp: 08/30/2026 12:15:42, LastErrorDetails: Container exited with exit code 1 during startup after 18.9s. Please inspect your container logs for more details., Details: Mounting volumes for app-devopsapp-task5., DetailsLevel: INFO
2026-08-30T12:19:21.0126349Z Establishing user namespace if not established already.
2026-08-30T12:19:21.0129623Z Establishing network if not established already.
2026-08-30T12:19:21.0134075Z Mounting volumes.
2026-08-30T12:19:21.0137721Z Nested mountpoint site/wwwroot
2026-08-30T12:19:21.0244462Z Nested mountpoint volatile/logs
2026-08-30T12:19:21.0728494Z Nested mountpoint 
2026-08-30T12:19:21.0734902Z Nested mountpoint 
2026-08-30T12:19:21.0826584Z Nested mountpoint 
2026-08-30T12:19:21.1019628Z Nested mountpoint 
2026-08-30T12:19:21.1026546Z Nested mountpoint 
2026-08-30T12:19:21.7121934Z State: Starting, Action: CreatingContainer, LastError: ContainerStartupFailure, LastErrorTimestamp: 08/30/2026 12:15:42, LastErrorDetails: Container exited with exit code 1 during startup after 18.9s. Please inspect your container logs for more details., Details: Finished pulling container image and mounting volumes for app-devopsapp-task5. Allocatinng the rest of the container resources to finish container creation., DetailsLevel: INFO
2026-08-30T12:19:21.7122451Z Creating container.
2026-08-30T12:19:21.7122715Z Creating pipes for streaming container io.
2026-08-30T12:19:21.7122980Z Creating stdout named pipe at /podr/container/pipe/6343e4d41777_app-devopsapp-task5/stdout_1c329f1bb055459eba6dbd1ce1c96c6e.
2026-08-30T12:19:21.7123737Z Successfully created stdout named pipe at: /podr/container/pipe/6343e4d41777_app-devopsapp-task5/stdout_1c329f1bb055459eba6dbd1ce1c96c6e.
2026-08-30T12:19:21.7123959Z Opening named pipe /podr/container/pipe/6343e4d41777_app-devopsapp-task5/stdout_1c329f1bb055459eba6dbd1ce1c96c6e for reading in non-blocking mode.
2026-08-30T12:19:21.7124258Z Successfully opened named pipe: /podr/container/pipe/6343e4d41777_app-devopsapp-task5/stdout_1c329f1bb055459eba6dbd1ce1c96c6e.
2026-08-30T12:19:21.7124485Z Successfully removed non-blocking flag from /podr/container/pipe/6343e4d41777_app-devopsapp-task5/stdout_1c329f1bb055459eba6dbd1ce1c96c6e.
2026-08-30T12:19:21.7124890Z Creating stderr named pipe at /podr/container/pipe/6343e4d41777_app-devopsapp-task5/stderr_9826e3287aae49c28d0922868c8b81b9.
2026-08-30T12:19:21.7125304Z Successfully created stderr named pipe at: /podr/container/pipe/6343e4d41777_app-devopsapp-task5/stderr_9826e3287aae49c28d0922868c8b81b9.
2026-08-30T12:19:21.7125503Z Opening named pipe /podr/container/pipe/6343e4d41777_app-devopsapp-task5/stderr_9826e3287aae49c28d0922868c8b81b9 for reading in non-blocking mode.
2026-08-30T12:19:21.7125791Z Successfully opened named pipe: /podr/container/pipe/6343e4d41777_app-devopsapp-task5/stderr_9826e3287aae49c28d0922868c8b81b9.
2026-08-30T12:19:21.7126003Z Successfully removed non-blocking flag from /podr/container/pipe/6343e4d41777_app-devopsapp-task5/stderr_9826e3287aae49c28d0922868c8b81b9.
2026-08-30T12:19:21.7126314Z Overriding PORT environment variable with pre-calculated port: 8080.
2026-08-30T12:19:21.7126532Z Setting value of PORT variable to 8080
2026-08-30T12:19:21.7127107Z Creating container with image: appsvc/node:20-lts_20260710.8.tuxprod from registry: 10.1.0.6:13209 and fully qualified image name: 10.1.0.6:13209/appsvc/node:20-lts_20260710.8.tuxprod
2026-08-30T12:19:22.5134746Z Starting container: 6343e4d41777_app-devopsapp-task5.
2026-08-30T12:19:22.5454201Z Starting watchers and probes.
2026-08-30T12:19:22.5530202Z Starting metrics collection.
2026-08-30T12:19:22.5530708Z Container is running.
2026-08-30T12:19:22.5536122Z State: Starting, Action: CreatingContainer, LastError: ContainerStartupFailure, LastErrorTimestamp: 08/30/2026 12:15:42, LastErrorDetails: Container exited with exit code 1 during startup after 18.9s. Please inspect your container logs for more details., Details: Container app-devopsapp-task5 successfully created and is running., DetailsLevel: INFO
2026-08-30T12:19:22.7437838Z Container start method finished after 1961 ms.
2026-08-30T12:19:22.7442482Z State: Starting, Action: InitiatingSiteWarmUpProbe, LastError: ContainerStartupFailure, LastErrorTimestamp: 08/30/2026 12:15:42, LastErrorDetails: Container exited with exit code 1 during startup after 18.9s. Please inspect your container logs for more details., Details: Container app-devopsapp-task5 successfully created and is running., DetailsLevel: INFO
2026-08-30T12:19:22.7444384Z State: Starting, Action: WaitingForSiteWarmUpProbeSuccess, LastError: ContainerStartupFailure, LastErrorTimestamp: 08/30/2026 12:15:42, LastErrorDetails: Container exited with exit code 1 during startup after 18.9s. Please inspect your container logs for more details., Details: Pinging warmup path to ensure container is ready to receive requests., DetailsLevel: INFO
2026-08-30T12:19:43.5894013Z Container has finished running with exit code: 1.
2026-08-30T12:19:43.5894424Z Container is terminating. Grace period: 5 seconds.
2026-08-30T12:19:43.5896017Z Stop and delete container. Retry count = 0
2026-08-30T12:19:43.5896412Z Stopping container: 6343e4d41777_app-devopsapp-task5.
2026-08-30T12:19:43.6601904Z Deleting container: 6343e4d41777_app-devopsapp-task5. Retry count = 0
2026-08-30T12:19:43.8491271Z Container spec TerminationMessagePolicy  path 
2026-08-30T12:19:43.8567228Z Container is terminated. Total time elapsed: 266 ms.
2026-08-30T12:19:43.8571988Z Site container: app-devopsapp-task5 terminated during site startup.
2026-08-30T12:19:43.8589312Z State: Stopping, Action: CancellingStartup, LastError: ContainerStartupFailure, LastErrorTimestamp: 08/30/2026 12:15:42, LastErrorDetails: Container exited with exit code 1 during startup after 18.9s. Please inspect your container logs for more details., Details: Site container: app-devopsapp-task5 terminated during site startup. Cancelling site startup., DetailsLevel: ERR
2026-08-30T12:19:43.8913924Z Site startup probe failed after 21.1466146 seconds.
2026-08-30T12:19:44.2011402Z State: Stopping, Action: CancellingStartup, LastError: ContainerStartupFailure, LastErrorTimestamp: 08/30/2026 12:19:44, LastErrorDetails: Container exited with exit code 1 during startup after 21.3s. Please inspect your container logs for more details., Details: Site container: app-devopsapp-task5 terminated during site startup. Cancelling site startup., DetailsLevel: ERR
2026-08-30T12:19:44.2206201Z Failed to start site. Revert by stopping site.
2026-08-30T12:19:44.2209211Z State: Stopping, Action: StoppingSite, LastError: ContainerStartupFailure, LastErrorTimestamp: 08/30/2026 12:19:44, LastErrorDetails: Container exited with exit code 1 during startup after 21.3s. Please inspect your container logs for more details., Details: Site container: app-devopsapp-task5 terminated during site startup. Cancelling site startup., DetailsLevel: ERR
2026-08-30T12:19:44.2212030Z State: Stopping, Action: StoppingSiteContainers, LastError: ContainerStartupFailure, LastErrorTimestamp: 08/30/2026 12:19:44, LastErrorDetails: Container exited with exit code 1 during startup after 21.3s. Please inspect your container logs for more details., Details: Site container: app-devopsapp-task5 terminated during site startup. Cancelling site startup., DetailsLevel: ERR
2026-08-30T12:19:44.4832686Z Site container: app-devopsapp-task5_managedIdentity terminated during site startup.
2026-08-30T12:19:44.4837495Z State: Stopping, Action: StoppingSiteContainers, LastError: ContainerStartupFailure, LastErrorTimestamp: 08/30/2026 12:19:44, LastErrorDetails: Container exited with exit code 1 during startup after 21.3s. Please inspect your container logs for more details., Details: Site container: app-devopsapp-task5 terminated during site startup. Cancelling site startup., DetailsLevel: ERR
2026-08-30T12:19:44.4838839Z Site: app-devopsapp-task5 stopped.
2026-08-30T12:19:44.5002162Z State: Stopping, Action: UnmountingVolumes, LastError: ContainerStartupFailure, LastErrorTimestamp: 08/30/2026 12:19:44, LastErrorDetails: Container exited with exit code 1 during startup after 21.3s. Please inspect your container logs for more details., Details: Site container: app-devopsapp-task5 terminated during site startup. Cancelling site startup., DetailsLevel: ERR
2026-08-30T12:19:44.7622569Z State: Stopping, Action: StoppingSiteNetworks, LastError: ContainerStartupFailure, LastErrorTimestamp: 08/30/2026 12:19:44, LastErrorDetails: Container exited with exit code 1 during startup after 21.3s. Please inspect your container logs for more details., Details: Site container: app-devopsapp-task5 terminated during site startup. Cancelling site startup., DetailsLevel: ERR
2026-08-30T12:19:45.0821828Z State: Stopped, Action: None, LastError: ContainerStartupFailure, LastErrorTimestamp: 08/30/2026 12:19:44, LastErrorDetails: Container exited with exit code 1 during startup after 21.3s. Please inspect your container logs for more details., Details: Site stopped at 08/30/2026 12:19:45 (UTC), DetailsLevel: ERR
2026-08-30T12:19:45.3044525Z State: Stopped, Action: None, LastError: ContainerStartupFailure, LastErrorTimestamp: 08/30/2026 12:19:44, LastErrorDetails: Container exited with exit code 1 during startup after 21.3s. Please inspect your container logs for more details., Details: Site stopped at 08/30/2026 12:19:45 (UTC), DetailsLevel: ERR
2026-08-30T12:19:45.4857146Z State: Starting, Action: EstablishingSiteNetworks, LastError: ContainerStartupFailure, LastErrorTimestamp: 08/30/2026 12:19:44, LastErrorDetails: Container exited with exit code 1 during startup after 21.3s. Please inspect your container logs for more details., Details: Site stopped at 08/30/2026 12:19:45 (UTC), DetailsLevel: ERR
2026-08-30T12:19:47.4062620Z State: Starting, Action: StartingMsiContainer, LastError: ContainerStartupFailure, LastErrorTimestamp: 08/30/2026 12:19:44, LastErrorDetails: Container exited with exit code 1 during startup after 21.3s. Please inspect your container logs for more details., Details: Site stopped at 08/30/2026 12:19:45 (UTC), DetailsLevel: ERR
2026-08-30T12:19:58.4443937Z State: Starting, Action: StartingSiteContainers, LastError: ContainerStartupFailure, LastErrorTimestamp: 08/30/2026 12:19:44, LastErrorDetails: Container exited with exit code 1 during startup after 21.3s. Please inspect your container logs for more details., Details: Site stopped at 08/30/2026 12:19:45 (UTC), DetailsLevel: ERR
2026-08-30T12:19:58.4523943Z Container start method called.
2026-08-30T12:19:58.4526477Z State: Starting, Action: PullingImage, LastError: ContainerStartupFailure, LastErrorTimestamp: 08/30/2026 12:19:44, LastErrorDetails: Container exited with exit code 1 during startup after 21.3s. Please inspect your container logs for more details., Details: Pulling image 10.1.0.6:13209/appsvc/node:20-lts_20260710.8.tuxprod for app-devopsapp-task5., DetailsLevel: INFO
2026-08-30T12:19:58.4528368Z Establishing network.
2026-08-30T12:19:58.4528987Z Pulling image: appsvc/node:20-lts_20260710.8.tuxprod.
2026-08-30T12:19:58.6254679Z Container is starting.
2026-08-30T12:19:58.6255820Z State: Starting, Action: MountingVolumes, LastError: ContainerStartupFailure, LastErrorTimestamp: 08/30/2026 12:19:44, LastErrorDetails: Container exited with exit code 1 during startup after 21.3s. Please inspect your container logs for more details., Details: Mounting volumes for app-devopsapp-task5., DetailsLevel: INFO
2026-08-30T12:19:58.6257226Z Establishing user namespace if not established already.
2026-08-30T12:19:58.6258591Z Establishing network if not established already.
2026-08-30T12:19:58.6337772Z Mounting volumes.
2026-08-30T12:19:58.6344537Z Nested mountpoint site/wwwroot
2026-08-30T12:19:58.6544192Z Nested mountpoint volatile/logs
2026-08-30T12:19:58.6829469Z Nested mountpoint 
2026-08-30T12:19:58.6842423Z Nested mountpoint 
2026-08-30T12:19:58.7954039Z Nested mountpoint 
2026-08-30T12:19:58.8130709Z Nested mountpoint 
2026-08-30T12:19:58.8136924Z Nested mountpoint 
2026-08-30T12:19:59.3944066Z State: Starting, Action: CreatingContainer, LastError: ContainerStartupFailure, LastErrorTimestamp: 08/30/2026 12:19:44, LastErrorDetails: Container exited with exit code 1 during startup after 21.3s. Please inspect your container logs for more details., Details: Finished pulling container image and mounting volumes for app-devopsapp-task5. Allocatinng the rest of the container resources to finish container creation., DetailsLevel: INFO
2026-08-30T12:19:59.3945726Z Creating container.
2026-08-30T12:19:59.3946255Z Creating pipes for streaming container io.
2026-08-30T12:19:59.3946785Z Creating stdout named pipe at /podr/container/pipe/2ec72b1c60b7_app-devopsapp-task5/stdout_5fe9bd3d923342ba99fe70a1bc67f0db.
2026-08-30T12:19:59.3947841Z Successfully created stdout named pipe at: /podr/container/pipe/2ec72b1c60b7_app-devopsapp-task5/stdout_5fe9bd3d923342ba99fe70a1bc67f0db.
2026-08-30T12:19:59.3948907Z Opening named pipe /podr/container/pipe/2ec72b1c60b7_app-devopsapp-task5/stdout_5fe9bd3d923342ba99fe70a1bc67f0db for reading in non-blocking mode.
2026-08-30T12:19:59.3952126Z Successfully opened named pipe: /podr/container/pipe/2ec72b1c60b7_app-devopsapp-task5/stdout_5fe9bd3d923342ba99fe70a1bc67f0db.
2026-08-30T12:19:59.3952960Z Successfully removed non-blocking flag from /podr/container/pipe/2ec72b1c60b7_app-devopsapp-task5/stdout_5fe9bd3d923342ba99fe70a1bc67f0db.
2026-08-30T12:19:59.3953855Z Creating stderr named pipe at /podr/container/pipe/2ec72b1c60b7_app-devopsapp-task5/stderr_2cb05441f5c740f782a486be8f9f0375.
2026-08-30T12:19:59.3955376Z Successfully created stderr named pipe at: /podr/container/pipe/2ec72b1c60b7_app-devopsapp-task5/stderr_2cb05441f5c740f782a486be8f9f0375.
2026-08-30T12:19:59.3956059Z Opening named pipe /podr/container/pipe/2ec72b1c60b7_app-devopsapp-task5/stderr_2cb05441f5c740f782a486be8f9f0375 for reading in non-blocking mode.
2026-08-30T12:19:59.3956575Z Successfully opened named pipe: /podr/container/pipe/2ec72b1c60b7_app-devopsapp-task5/stderr_2cb05441f5c740f782a486be8f9f0375.
2026-08-30T12:19:59.3956999Z Successfully removed non-blocking flag from /podr/container/pipe/2ec72b1c60b7_app-devopsapp-task5/stderr_2cb05441f5c740f782a486be8f9f0375.
2026-08-30T12:19:59.4032044Z Overriding PORT environment variable with pre-calculated port: 8080.
2026-08-30T12:19:59.4033193Z Setting value of PORT variable to 8080
2026-08-30T12:19:59.4034047Z Creating container with image: appsvc/node:20-lts_20260710.8.tuxprod from registry: 10.1.0.6:13209 and fully qualified image name: 10.1.0.6:13209/appsvc/node:20-lts_20260710.8.tuxprod
2026-08-30T12:20:00.4131240Z Starting container: 2ec72b1c60b7_app-devopsapp-task5.
2026-08-30T12:20:00.4876954Z Starting watchers and probes.
2026-08-30T12:20:00.4957337Z Starting metrics collection.
2026-08-30T12:20:00.4958970Z Container is running.
2026-08-30T12:20:00.5168695Z State: Starting, Action: CreatingContainer, LastError: ContainerStartupFailure, LastErrorTimestamp: 08/30/2026 12:19:44, LastErrorDetails: Container exited with exit code 1 during startup after 21.3s. Please inspect your container logs for more details., Details: Container app-devopsapp-task5 successfully created and is running., DetailsLevel: INFO
2026-08-30T12:20:00.6872844Z Container start method finished after 2234 ms.
2026-08-30T12:20:00.7163637Z State: Starting, Action: InitiatingSiteWarmUpProbe, LastError: ContainerStartupFailure, LastErrorTimestamp: 08/30/2026 12:19:44, LastErrorDetails: Container exited with exit code 1 during startup after 21.3s. Please inspect your container logs for more details., Details: Container app-devopsapp-task5 successfully created and is running., DetailsLevel: INFO
2026-08-30T12:20:00.7164761Z State: Starting, Action: WaitingForSiteWarmUpProbeSuccess, LastError: ContainerStartupFailure, LastErrorTimestamp: 08/30/2026 12:19:44, LastErrorDetails: Container exited with exit code 1 during startup after 21.3s. Please inspect your container logs for more details., Details: Pinging warmup path to ensure container is ready to receive requests., DetailsLevel: INFO
2026-08-30T12:20:22.2562020Z Container has finished running with exit code: 1.
2026-08-30T12:20:22.2564419Z Container is terminating. Grace period: 5 seconds.
2026-08-30T12:20:22.2573367Z Stop and delete container. Retry count = 0
2026-08-30T12:20:22.2577351Z Stopping container: 2ec72b1c60b7_app-devopsapp-task5.
2026-08-30T12:20:22.3278657Z Deleting container: 2ec72b1c60b7_app-devopsapp-task5. Retry count = 0
2026-08-30T12:20:22.4763355Z Container spec TerminationMessagePolicy  path 
2026-08-30T12:20:22.4770377Z Container is terminated. Total time elapsed: 220 ms.
2026-08-30T12:20:22.4774233Z Site container: app-devopsapp-task5 terminated during site startup.
2026-08-30T12:20:22.4847452Z State: Stopping, Action: CancellingStartup, LastError: ContainerStartupFailure, LastErrorTimestamp: 08/30/2026 12:19:44, LastErrorDetails: Container exited with exit code 1 during startup after 21.3s. Please inspect your container logs for more details., Details: Site container: app-devopsapp-task5 terminated during site startup. Cancelling site startup., DetailsLevel: ERR
2026-08-30T12:20:22.5159824Z Site startup probe failed after 21.7917802 seconds.
2026-08-30T12:20:22.8551118Z State: Stopping, Action: CancellingStartup, LastError: ContainerStartupFailure, LastErrorTimestamp: 08/30/2026 12:20:22, LastErrorDetails: Container exited with exit code 1 during startup after 22.0s. Please inspect your container logs for more details., Details: Site container: app-devopsapp-task5 terminated during site startup. Cancelling site startup., DetailsLevel: ERR
2026-08-30T12:20:22.8571572Z Failed to start site. Revert by stopping site.
2026-08-30T12:20:22.8573614Z State: Stopping, Action: StoppingSite, LastError: ContainerStartupFailure, LastErrorTimestamp: 08/30/2026 12:20:22, LastErrorDetails: Container exited with exit code 1 during startup after 22.0s. Please inspect your container logs for more details., Details: Site container: app-devopsapp-task5 terminated during site startup. Cancelling site startup., DetailsLevel: ERR
2026-08-30T12:20:22.8576124Z State: Stopping, Action: StoppingSiteContainers, LastError: ContainerStartupFailure, LastErrorTimestamp: 08/30/2026 12:20:22, LastErrorDetails: Container exited with exit code 1 during startup after 22.0s. Please inspect your container logs for more details., Details: Site container: app-devopsapp-task5 terminated during site startup. Cancelling site startup., DetailsLevel: ERR
2026-08-30T12:20:23.2551736Z Site container: app-devopsapp-task5_managedIdentity terminated during site startup.
2026-08-30T12:20:23.2555947Z State: Stopping, Action: StoppingSiteContainers, LastError: ContainerStartupFailure, LastErrorTimestamp: 08/30/2026 12:20:22, LastErrorDetails: Container exited with exit code 1 during startup after 22.0s. Please inspect your container logs for more details., Details: Site container: app-devopsapp-task5 terminated during site startup. Cancelling site startup., DetailsLevel: ERR
2026-08-30T12:20:23.2558030Z Site: app-devopsapp-task5 stopped.
2026-08-30T12:20:23.2852454Z State: Stopping, Action: UnmountingVolumes, LastError: ContainerStartupFailure, LastErrorTimestamp: 08/30/2026 12:20:22, LastErrorDetails: Container exited with exit code 1 during startup after 22.0s. Please inspect your container logs for more details., Details: Site container: app-devopsapp-task5 terminated during site startup. Cancelling site startup., DetailsLevel: ERR
2026-08-30T12:20:23.7069220Z State: Stopping, Action: StoppingSiteNetworks, LastError: ContainerStartupFailure, LastErrorTimestamp: 08/30/2026 12:20:22, LastErrorDetails: Container exited with exit code 1 during startup after 22.0s. Please inspect your container logs for more details., Details: Site container: app-devopsapp-task5 terminated during site startup. Cancelling site startup., DetailsLevel: ERR
2026-08-30T12:20:23.9588694Z Site: app-devopsapp-task5 will be blocked for 1 minutes till 08/30/2026 12:21:23
2026-08-30T12:20:23.9668393Z State: Blocked, Action: StoppingSiteNetworks, LastError: ContainerStartupFailure, LastErrorTimestamp: 08/30/2026 12:20:22, LastErrorDetails: Container exited with exit code 1 during startup after 22.0s. Please inspect your container logs for more details., Details: Site: app-devopsapp-task5 will be blocked for 1 minutes till 08/30/2026 12:21:23, DetailsLevel: WARN
2026-08-30T12:20:23.9684231Z State: Stopped, Action: None, LastError: ContainerStartupFailure, LastErrorTimestamp: 08/30/2026 12:20:22, LastErrorDetails: Container exited with exit code 1 during startup after 22.0s. Please inspect your container logs for more details., Details: Site stopped at 08/30/2026 12:20:23 (UTC), DetailsLevel: WARN
2026-08-30T12:20:24.2002870Z State: Stopped, Action: None, LastError: ContainerStartupFailure, LastErrorTimestamp: 08/30/2026 12:20:22, LastErrorDetails: Container exited with exit code 1 during startup after 22.0s. Please inspect your container logs for more details., Details: Site stopped at 08/30/2026 12:20:23 (UTC), DetailsLevel: WARN
2026-08-30T12:20:42.0228965Z State: Blocked, Action: None, LastError: ContainerStartupFailure, LastErrorTimestamp: 08/30/2026 12:20:22, LastErrorDetails: Container exited with exit code 1 during startup after 22.0s. Please inspect your container logs for more details., Details: Site is blocked due to multiple, consecutive cold start failures. Site scheduled to be unblocked at 08/30/2026 12:21:23, DetailsLevel: WARN
2026-08-30T12:20:42.0229913Z Start site prohibitted because the site is being blocked.
2026-08-30T12:20:42.1531880Z State: Blocked, Action: None, LastError: ContainerStartupFailure, LastErrorTimestamp: 08/30/2026 12:20:22, LastErrorDetails: Container exited with exit code 1 during startup after 22.0s. Please inspect your container logs for more details., Details: Site is blocked due to multiple, consecutive cold start failures. Site scheduled to be unblocked at 08/30/2026 12:21:23, DetailsLevel: WARN
2026-08-30T12:20:42.1532192Z Start site prohibitted because the site is being blocked.
2026-08-30T12:20:47.7663235Z State: Blocked, Action: None, LastError: ContainerStartupFailure, LastErrorTimestamp: 08/30/2026 12:20:22, LastErrorDetails: Container exited with exit code 1 during startup after 22.0s. Please inspect your container logs for more details., Details: Site is blocked due to multiple, consecutive cold start failures. Site scheduled to be unblocked at 08/30/2026 12:21:23, DetailsLevel: WARN
2026-08-30T12:20:47.7663718Z Start site prohibitted because the site is being blocked.
2026-08-30T12:20:48.0045418Z State: Blocked, Action: None, LastError: ContainerStartupFailure, LastErrorTimestamp: 08/30/2026 12:20:22, LastErrorDetails: Container exited with exit code 1 during startup after 22.0s. Please inspect your container logs for more details., Details: Site is blocked due to multiple, consecutive cold start failures. Site scheduled to be unblocked at 08/30/2026 12:21:23, DetailsLevel: WARN
2026-08-30T12:20:48.0047181Z Start site prohibitted because the site is being blocked.
2026-08-30T12:21:23.9583757Z Site: app-devopsapp-task5 is unblocked.
2026-08-30T12:22:08.4793940Z State: Starting, Action: EstablishingSiteNetworks, LastError: ContainerStartupFailure, LastErrorTimestamp: 08/30/2026 12:20:22, LastErrorDetails: Container exited with exit code 1 during startup after 22.0s. Please inspect your container logs for more details., Details: Site is blocked due to multiple, consecutive cold start failures. Site scheduled to be unblocked at 08/30/2026 12:21:23, DetailsLevel: WARN
2026-08-30T12:22:10.8420921Z State: Starting, Action: StartingMsiContainer, LastError: ContainerStartupFailure, LastErrorTimestamp: 08/30/2026 12:20:22, LastErrorDetails: Container exited with exit code 1 during startup after 22.0s. Please inspect your container logs for more details., Details: Site is blocked due to multiple, consecutive cold start failures. Site scheduled to be unblocked at 08/30/2026 12:21:23, DetailsLevel: WARN
2026-08-30T12:22:27.7062402Z State: Starting, Action: StartingSiteContainers, LastError: ContainerStartupFailure, LastErrorTimestamp: 08/30/2026 12:20:22, LastErrorDetails: Container exited with exit code 1 during startup after 22.0s. Please inspect your container logs for more details., Details: Site is blocked due to multiple, consecutive cold start failures. Site scheduled to be unblocked at 08/30/2026 12:21:23, DetailsLevel: WARN
2026-08-30T12:22:27.7264779Z Container start method called.
2026-08-30T12:22:27.7265667Z State: Starting, Action: PullingImage, LastError: ContainerStartupFailure, LastErrorTimestamp: 08/30/2026 12:20:22, LastErrorDetails: Container exited with exit code 1 during startup after 22.0s. Please inspect your container logs for more details., Details: Pulling image 10.1.0.6:13209/appsvc/node:20-lts_20260710.8.tuxprod for app-devopsapp-task5., DetailsLevel: INFO
2026-08-30T12:22:27.7444648Z Establishing network.
2026-08-30T12:22:27.7445187Z Pulling image: appsvc/node:20-lts_20260710.8.tuxprod.
2026-08-30T12:22:28.0644127Z Container is starting.
2026-08-30T12:22:28.0644730Z State: Starting, Action: MountingVolumes, LastError: ContainerStartupFailure, LastErrorTimestamp: 08/30/2026 12:20:22, LastErrorDetails: Container exited with exit code 1 during startup after 22.0s. Please inspect your container logs for more details., Details: Mounting volumes for app-devopsapp-task5., DetailsLevel: INFO
2026-08-30T12:22:28.0645180Z Establishing user namespace if not established already.
2026-08-30T12:22:28.0647840Z Establishing network if not established already.
2026-08-30T12:22:28.0651691Z Mounting volumes.
2026-08-30T12:22:28.0652872Z Nested mountpoint site/wwwroot
2026-08-30T12:22:28.1040374Z Nested mountpoint volatile/logs
2026-08-30T12:22:28.1445665Z Nested mountpoint 
2026-08-30T12:22:28.1447973Z Nested mountpoint 
2026-08-30T12:22:28.2143486Z Nested mountpoint 
2026-08-30T12:22:28.2336345Z Nested mountpoint 
2026-08-30T12:22:28.2342379Z Nested mountpoint 
2026-08-30T12:22:29.0642065Z State: Starting, Action: CreatingContainer, LastError: ContainerStartupFailure, LastErrorTimestamp: 08/30/2026 12:20:22, LastErrorDetails: Container exited with exit code 1 during startup after 22.0s. Please inspect your container logs for more details., Details: Finished pulling container image and mounting volumes for app-devopsapp-task5. Allocatinng the rest of the container resources to finish container creation., DetailsLevel: INFO
2026-08-30T12:22:29.0642961Z Creating container.
2026-08-30T12:22:29.0643422Z Creating pipes for streaming container io.
2026-08-30T12:22:29.0646275Z Creating stdout named pipe at /podr/container/pipe/8bbb1a3810e9_app-devopsapp-task5/stdout_6ef7b1e65bc84cb289ee5d717873bcd0.
2026-08-30T12:22:29.0647998Z Successfully created stdout named pipe at: /podr/container/pipe/8bbb1a3810e9_app-devopsapp-task5/stdout_6ef7b1e65bc84cb289ee5d717873bcd0.
2026-08-30T12:22:29.0649014Z Opening named pipe /podr/container/pipe/8bbb1a3810e9_app-devopsapp-task5/stdout_6ef7b1e65bc84cb289ee5d717873bcd0 for reading in non-blocking mode.
2026-08-30T12:22:29.1137676Z Successfully opened named pipe: /podr/container/pipe/8bbb1a3810e9_app-devopsapp-task5/stdout_6ef7b1e65bc84cb289ee5d717873bcd0.
2026-08-30T12:22:29.1138634Z Successfully removed non-blocking flag from /podr/container/pipe/8bbb1a3810e9_app-devopsapp-task5/stdout_6ef7b1e65bc84cb289ee5d717873bcd0.
2026-08-30T12:22:29.1154233Z Creating stderr named pipe at /podr/container/pipe/8bbb1a3810e9_app-devopsapp-task5/stderr_d4ddde45ca2b40d2a3a4d1c1790305d4.
2026-08-30T12:22:29.1155073Z Successfully created stderr named pipe at: /podr/container/pipe/8bbb1a3810e9_app-devopsapp-task5/stderr_d4ddde45ca2b40d2a3a4d1c1790305d4.
2026-08-30T12:22:29.1155471Z Opening named pipe /podr/container/pipe/8bbb1a3810e9_app-devopsapp-task5/stderr_d4ddde45ca2b40d2a3a4d1c1790305d4 for reading in non-blocking mode.
2026-08-30T12:22:29.1156010Z Successfully opened named pipe: /podr/container/pipe/8bbb1a3810e9_app-devopsapp-task5/stderr_d4ddde45ca2b40d2a3a4d1c1790305d4.
2026-08-30T12:22:29.1156415Z Successfully removed non-blocking flag from /podr/container/pipe/8bbb1a3810e9_app-devopsapp-task5/stderr_d4ddde45ca2b40d2a3a4d1c1790305d4.
2026-08-30T12:22:29.1160213Z Overriding PORT environment variable with pre-calculated port: 8080.
2026-08-30T12:22:29.1160682Z Setting value of PORT variable to 8080
2026-08-30T12:22:29.1240066Z Creating container with image: appsvc/node:20-lts_20260710.8.tuxprod from registry: 10.1.0.6:13209 and fully qualified image name: 10.1.0.6:13209/appsvc/node:20-lts_20260710.8.tuxprod
2026-08-30T12:22:30.2670639Z Starting container: 8bbb1a3810e9_app-devopsapp-task5.
2026-08-30T12:22:30.3551425Z Starting watchers and probes.
2026-08-30T12:22:30.3552771Z Starting metrics collection.
2026-08-30T12:22:30.3556943Z Container is running.
2026-08-30T12:22:30.3560820Z State: Starting, Action: CreatingContainer, LastError: ContainerStartupFailure, LastErrorTimestamp: 08/30/2026 12:20:22, LastErrorDetails: Container exited with exit code 1 during startup after 22.0s. Please inspect your container logs for more details., Details: Container app-devopsapp-task5 successfully created and is running., DetailsLevel: INFO
2026-08-30T12:22:30.5042262Z Container start method finished after 2777 ms.
2026-08-30T12:22:30.5042971Z State: Starting, Action: InitiatingSiteWarmUpProbe, LastError: ContainerStartupFailure, LastErrorTimestamp: 08/30/2026 12:20:22, LastErrorDetails: Container exited with exit code 1 during startup after 22.0s. Please inspect your container logs for more details., Details: Container app-devopsapp-task5 successfully created and is running., DetailsLevel: INFO
2026-08-30T12:22:30.5043071Z State: Starting, Action: WaitingForSiteWarmUpProbeSuccess, LastError: ContainerStartupFailure, LastErrorTimestamp: 08/30/2026 12:20:22, LastErrorDetails: Container exited with exit code 1 during startup after 22.0s. Please inspect your container logs for more details., Details: Pinging warmup path to ensure container is ready to receive requests., DetailsLevel: INFO
2026-08-30T12:22:49.7232811Z Container has finished running with exit code: 1.
2026-08-30T12:22:49.7233199Z Container is terminating. Grace period: 5 seconds.
2026-08-30T12:22:49.7239197Z Stop and delete container. Retry count = 0
2026-08-30T12:22:49.7240018Z Stopping container: 8bbb1a3810e9_app-devopsapp-task5.
2026-08-30T12:22:49.7743518Z Deleting container: 8bbb1a3810e9_app-devopsapp-task5. Retry count = 0
2026-08-30T12:22:50.0024064Z Container spec TerminationMessagePolicy  path 
2026-08-30T12:22:50.0027420Z Container is terminated. Total time elapsed: 279 ms.
2026-08-30T12:22:50.0028795Z Site container: app-devopsapp-task5 terminated during site startup.
2026-08-30T12:22:50.0029898Z State: Stopping, Action: CancellingStartup, LastError: ContainerStartupFailure, LastErrorTimestamp: 08/30/2026 12:20:22, LastErrorDetails: Container exited with exit code 1 during startup after 22.0s. Please inspect your container logs for more details., Details: Site container: app-devopsapp-task5 terminated during site startup. Cancelling site startup., DetailsLevel: ERR
2026-08-30T12:22:50.0349833Z Site startup probe failed after 19.5304635 seconds.
2026-08-30T12:22:50.4048962Z State: Stopping, Action: CancellingStartup, LastError: ContainerStartupFailure, LastErrorTimestamp: 08/30/2026 12:22:50, LastErrorDetails: Container exited with exit code 1 during startup after 19.6s. Please inspect your container logs for more details., Details: Site container: app-devopsapp-task5 terminated during site startup. Cancelling site startup., DetailsLevel: ERR
2026-08-30T12:22:50.4245900Z Failed to start site. Revert by stopping site.
2026-08-30T12:22:50.4249860Z State: Stopping, Action: StoppingSite, LastError: ContainerStartupFailure, LastErrorTimestamp: 08/30/2026 12:22:50, LastErrorDetails: Container exited with exit code 1 during startup after 19.6s. Please inspect your container logs for more details., Details: Site container: app-devopsapp-task5 terminated during site startup. Cancelling site startup., DetailsLevel: ERR
2026-08-30T12:22:50.4443809Z State: Stopping, Action: StoppingSiteContainers, LastError: ContainerStartupFailure, LastErrorTimestamp: 08/30/2026 12:22:50, LastErrorDetails: Container exited with exit code 1 during startup after 19.6s. Please inspect your container logs for more details., Details: Site container: app-devopsapp-task5 terminated during site startup. Cancelling site startup., DetailsLevel: ERR
2026-08-30T12:22:50.7825496Z Site container: app-devopsapp-task5_managedIdentity terminated during site startup.
2026-08-30T12:22:50.7827496Z State: Stopping, Action: StoppingSiteContainers, LastError: ContainerStartupFailure, LastErrorTimestamp: 08/30/2026 12:22:50, LastErrorDetails: Container exited with exit code 1 during startup after 19.6s. Please inspect your container logs for more details., Details: Site container: app-devopsapp-task5 terminated during site startup. Cancelling site startup., DetailsLevel: ERR
2026-08-30T12:22:50.7908991Z Site: app-devopsapp-task5 stopped.
2026-08-30T12:39:00.8850084Z State: Starting, Action: EstablishingSiteNetworks, LastError: ContainerStartupFailure, LastErrorTimestamp: 08/30/2026 12:22:50, LastErrorDetails: Container exited with exit code 1 during startup after 19.6s. Please inspect your container logs for more details., Details: Site is blocked due to multiple, consecutive cold start failures. Site scheduled to be unblocked at 08/30/2026 12:23:51, DetailsLevel: WARN
2026-08-30T12:39:03.0120303Z State: Starting, Action: StartingMsiContainer, LastError: ContainerStartupFailure, LastErrorTimestamp: 08/30/2026 12:22:50, LastErrorDetails: Container exited with exit code 1 during startup after 19.6s. Please inspect your container logs for more details., Details: Site is blocked due to multiple, consecutive cold start failures. Site scheduled to be unblocked at 08/30/2026 12:23:51, DetailsLevel: WARN
2026-08-30T12:39:11.9909937Z State: Starting, Action: StartingSiteContainers, LastError: ContainerStartupFailure, LastErrorTimestamp: 08/30/2026 12:22:50, LastErrorDetails: Container exited with exit code 1 during startup after 19.6s. Please inspect your container logs for more details., Details: Site is blocked due to multiple, consecutive cold start failures. Site scheduled to be unblocked at 08/30/2026 12:23:51, DetailsLevel: WARN
2026-08-30T12:39:11.9915474Z Container start method called.
2026-08-30T12:39:11.9921768Z State: Starting, Action: PullingImage, LastError: ContainerStartupFailure, LastErrorTimestamp: 08/30/2026 12:22:50, LastErrorDetails: Container exited with exit code 1 during startup after 19.6s. Please inspect your container logs for more details., Details: Pulling image 10.1.0.6:13209/appsvc/node:20-lts_20260710.8.tuxprod for app-devopsapp-task5., DetailsLevel: INFO
2026-08-30T12:39:11.9926091Z Establishing network.
2026-08-30T12:39:11.9927722Z Pulling image: appsvc/node:20-lts_20260710.8.tuxprod.
2026-08-30T12:39:12.2541145Z Container is starting.
2026-08-30T12:39:12.2542641Z State: Starting, Action: MountingVolumes, LastError: ContainerStartupFailure, LastErrorTimestamp: 08/30/2026 12:22:50, LastErrorDetails: Container exited with exit code 1 during startup after 19.6s. Please inspect your container logs for more details., Details: Mounting volumes for app-devopsapp-task5., DetailsLevel: INFO
2026-08-30T12:39:12.2544069Z Establishing user namespace if not established already.
2026-08-30T12:39:12.2544904Z Establishing network if not established already.
2026-08-30T12:39:12.2545489Z Mounting volumes.
2026-08-30T12:39:12.2546181Z Nested mountpoint site/wwwroot
2026-08-30T12:39:12.2757392Z Nested mountpoint volatile/logs
2026-08-30T12:39:12.3132497Z Nested mountpoint 
2026-08-30T12:39:12.3134889Z Nested mountpoint 
2026-08-30T12:39:12.3253731Z Nested mountpoint 
2026-08-30T12:39:12.3539828Z Nested mountpoint 
2026-08-30T12:39:12.3644785Z Nested mountpoint 
2026-08-30T12:39:12.9985203Z State: Starting, Action: CreatingContainer, LastError: ContainerStartupFailure, LastErrorTimestamp: 08/30/2026 12:22:50, LastErrorDetails: Container exited with exit code 1 during startup after 19.6s. Please inspect your container logs for more details., Details: Finished pulling container image and mounting volumes for app-devopsapp-task5. Allocatinng the rest of the container resources to finish container creation., DetailsLevel: INFO
2026-08-30T12:39:12.9986063Z Creating container.
2026-08-30T12:39:12.9986396Z Creating pipes for streaming container io.
2026-08-30T12:39:12.9986632Z Creating stdout named pipe at /podr/container/pipe/7e6a30276262_app-devopsapp-task5/stdout_00a32fbe697a41469de9636ade336e84.
2026-08-30T12:39:12.9987396Z Successfully created stdout named pipe at: /podr/container/pipe/7e6a30276262_app-devopsapp-task5/stdout_00a32fbe697a41469de9636ade336e84.
2026-08-30T12:39:12.9987621Z Opening named pipe /podr/container/pipe/7e6a30276262_app-devopsapp-task5/stdout_00a32fbe697a41469de9636ade336e84 for reading in non-blocking mode.
2026-08-30T12:39:12.9987961Z Successfully opened named pipe: /podr/container/pipe/7e6a30276262_app-devopsapp-task5/stdout_00a32fbe697a41469de9636ade336e84.
2026-08-30T12:39:12.9988188Z Successfully removed non-blocking flag from /podr/container/pipe/7e6a30276262_app-devopsapp-task5/stdout_00a32fbe697a41469de9636ade336e84.
2026-08-30T12:39:12.9988592Z Creating stderr named pipe at /podr/container/pipe/7e6a30276262_app-devopsapp-task5/stderr_695287b5cdb14abea9378bd85beb734c.
2026-08-30T12:39:12.9988993Z Successfully created stderr named pipe at: /podr/container/pipe/7e6a30276262_app-devopsapp-task5/stderr_695287b5cdb14abea9378bd85beb734c.
2026-08-30T12:39:12.9989208Z Opening named pipe /podr/container/pipe/7e6a30276262_app-devopsapp-task5/stderr_695287b5cdb14abea9378bd85beb734c for reading in non-blocking mode.
2026-08-30T12:39:12.9989491Z Successfully opened named pipe: /podr/container/pipe/7e6a30276262_app-devopsapp-task5/stderr_695287b5cdb14abea9378bd85beb734c.
2026-08-30T12:39:13.0085498Z Successfully removed non-blocking flag from /podr/container/pipe/7e6a30276262_app-devopsapp-task5/stderr_695287b5cdb14abea9378bd85beb734c.
2026-08-30T12:39:13.0088698Z Overriding PORT environment variable with pre-calculated port: 8080.
2026-08-30T12:39:13.0161906Z Setting value of PORT variable to 8080
2026-08-30T12:39:13.0164609Z Creating container with image: appsvc/node:20-lts_20260710.8.tuxprod from registry: 10.1.0.6:13209 and fully qualified image name: 10.1.0.6:13209/appsvc/node:20-lts_20260710.8.tuxprod
2026-08-30T12:39:13.4330964Z Starting container: 7e6a30276262_app-devopsapp-task5.
2026-08-30T12:39:13.4789623Z Starting watchers and probes.
2026-08-30T12:39:13.4793371Z Starting metrics collection.
2026-08-30T12:39:13.4801247Z Container is running.
2026-08-30T12:39:13.4802004Z State: Starting, Action: CreatingContainer, LastError: ContainerStartupFailure, LastErrorTimestamp: 08/30/2026 12:22:50, LastErrorDetails: Container exited with exit code 1 during startup after 19.6s. Please inspect your container logs for more details., Details: Container app-devopsapp-task5 successfully created and is running., DetailsLevel: INFO
2026-08-30T12:39:13.6596612Z Container start method finished after 1668 ms.
2026-08-30T12:39:13.6597335Z State: Starting, Action: InitiatingSiteWarmUpProbe, LastError: ContainerStartupFailure, LastErrorTimestamp: 08/30/2026 12:22:50, LastErrorDetails: Container exited with exit code 1 during startup after 19.6s. Please inspect your container logs for more details., Details: Container app-devopsapp-task5 successfully created and is running., DetailsLevel: INFO
2026-08-30T12:39:13.6597456Z State: Starting, Action: WaitingForSiteWarmUpProbeSuccess, LastError: ContainerStartupFailure, LastErrorTimestamp: 08/30/2026 12:22:50, LastErrorDetails: Container exited with exit code 1 during startup after 19.6s. Please inspect your container logs for more details., Details: Pinging warmup path to ensure container is ready to receive requests., DetailsLevel: INFO
2026-08-30T12:39:34.4749213Z Container has finished running with exit code: 1.
2026-08-30T12:39:34.4753194Z Container is terminating. Grace period: 5 seconds.
2026-08-30T12:39:34.4756437Z Stop and delete container. Retry count = 0
2026-08-30T12:39:34.4756890Z Stopping container: 7e6a30276262_app-devopsapp-task5.
2026-08-30T12:39:34.5244104Z Deleting container: 7e6a30276262_app-devopsapp-task5. Retry count = 0
2026-08-30T12:39:34.6654586Z Container spec TerminationMessagePolicy  path 
2026-08-30T12:39:34.6658887Z Container is terminated. Total time elapsed: 190 ms.
2026-08-30T12:39:34.6664504Z Site container: app-devopsapp-task5 terminated during site startup.
2026-08-30T12:39:34.6666456Z State: Stopping, Action: CancellingStartup, LastError: ContainerStartupFailure, LastErrorTimestamp: 08/30/2026 12:22:50, LastErrorDetails: Container exited with exit code 1 during startup after 19.6s. Please inspect your container logs for more details., Details: Site container: app-devopsapp-task5 terminated during site startup. Cancelling site startup., DetailsLevel: ERR
2026-08-30T12:39:34.7552098Z Site startup probe failed after 21.0354513 seconds.
2026-08-30T12:39:34.9655189Z State: Stopping, Action: CancellingStartup, LastError: ContainerStartupFailure, LastErrorTimestamp: 08/30/2026 12:39:34, LastErrorDetails: Container exited with exit code 1 during startup after 21.2s. Please inspect your container logs for more details., Details: Site container: app-devopsapp-task5 terminated during site startup. Cancelling site startup., DetailsLevel: ERR
2026-08-30T12:39:34.9670647Z Failed to start site. Revert by stopping site.
2026-08-30T12:39:34.9672919Z State: Stopping, Action: StoppingSite, LastError: ContainerStartupFailure, LastErrorTimestamp: 08/30/2026 12:39:34, LastErrorDetails: Container exited with exit code 1 during startup after 21.2s. Please inspect your container logs for more details., Details: Site container: app-devopsapp-task5 terminated during site startup. Cancelling site startup., DetailsLevel: ERR
2026-08-30T12:39:34.9864336Z State: Stopping, Action: StoppingSiteContainers, LastError: ContainerStartupFailure, LastErrorTimestamp: 08/30/2026 12:39:34, LastErrorDetails: Container exited with exit code 1 during startup after 21.2s. Please inspect your container logs for more details., Details: Site container: app-devopsapp-task5 terminated during site startup. Cancelling site startup., DetailsLevel: ERR
2026-08-30T12:39:35.2362167Z Site container: app-devopsapp-task5_managedIdentity terminated during site startup.
2026-08-30T12:39:35.2365829Z State: Stopping, Action: StoppingSiteContainers, LastError: ContainerStartupFailure, LastErrorTimestamp: 08/30/2026 12:39:34, LastErrorDetails: Container exited with exit code 1 during startup after 21.2s. Please inspect your container logs for more details., Details: Site container: app-devopsapp-task5 terminated during site startup. Cancelling site startup., DetailsLevel: ERR
2026-08-30T12:39:35.2368054Z Site: app-devopsapp-task5 stopped.
2026-08-30T12:42:35.6249142Z State: Starting, Action: EstablishingSiteNetworks, LastError: ContainerStartupFailure, LastErrorTimestamp: 08/30/2026 12:39:34, LastErrorDetails: Container exited with exit code 1 during startup after 21.2s. Please inspect your container logs for more details., Details: Site stopped at 08/30/2026 12:39:35 (UTC), DetailsLevel: ERR
2026-08-30T12:42:37.3861490Z State: Starting, Action: StartingMsiContainer, LastError: ContainerStartupFailure, LastErrorTimestamp: 08/30/2026 12:39:34, LastErrorDetails: Container exited with exit code 1 during startup after 21.2s. Please inspect your container logs for more details., Details: Site stopped at 08/30/2026 12:39:35 (UTC), DetailsLevel: ERR
2026-08-30T12:42:48.8046748Z State: Starting, Action: StartingSiteContainers, LastError: ContainerStartupFailure, LastErrorTimestamp: 08/30/2026 12:39:34, LastErrorDetails: Container exited with exit code 1 during startup after 21.2s. Please inspect your container logs for more details., Details: Site stopped at 08/30/2026 12:39:35 (UTC), DetailsLevel: ERR
2026-08-30T12:42:48.8222905Z Container start method called.
2026-08-30T12:42:48.8223334Z State: Starting, Action: PullingImage, LastError: ContainerStartupFailure, LastErrorTimestamp: 08/30/2026 12:39:34, LastErrorDetails: Container exited with exit code 1 during startup after 21.2s. Please inspect your container logs for more details., Details: Pulling image 10.1.0.4:13209/appsvc/node:20-lts_20260710.8.tuxprod for app-devopsapp-task5., DetailsLevel: INFO
2026-08-30T12:42:48.8223664Z Establishing network.
2026-08-30T12:42:48.8223954Z Pulling image: appsvc/node:20-lts_20260710.8.tuxprod.
2026-08-30T12:42:49.0257540Z Container is starting.
2026-08-30T12:42:49.0258887Z State: Starting, Action: MountingVolumes, LastError: ContainerStartupFailure, LastErrorTimestamp: 08/30/2026 12:39:34, LastErrorDetails: Container exited with exit code 1 during startup after 21.2s. Please inspect your container logs for more details., Details: Mounting volumes for app-devopsapp-task5., DetailsLevel: INFO
2026-08-30T12:42:49.0259414Z Establishing user namespace if not established already.
2026-08-30T12:42:49.0260415Z Establishing network if not established already.
2026-08-30T12:42:49.0261173Z Mounting volumes.
2026-08-30T12:42:49.0261854Z Nested mountpoint site/wwwroot
2026-08-30T12:42:49.0359970Z Nested mountpoint volatile/logs
2026-08-30T12:42:49.0470331Z Nested mountpoint 
2026-08-30T12:42:49.0683225Z Nested mountpoint 
2026-08-30T12:42:49.1582332Z Nested mountpoint 
2026-08-30T12:42:49.2673913Z Nested mountpoint 
2026-08-30T12:42:49.3166980Z Nested mountpoint 
2026-08-30T12:42:49.6071985Z State: Starting, Action: CreatingContainer, LastError: ContainerStartupFailure, LastErrorTimestamp: 08/30/2026 12:39:34, LastErrorDetails: Container exited with exit code 1 during startup after 21.2s. Please inspect your container logs for more details., Details: Finished pulling container image and mounting volumes for app-devopsapp-task5. Allocatinng the rest of the container resources to finish container creation., DetailsLevel: INFO
2026-08-30T12:42:49.6074414Z Creating container.
2026-08-30T12:42:49.6088156Z Creating pipes for streaming container io.
2026-08-30T12:42:49.6089967Z Creating stdout named pipe at /podr/container/pipe/6a219f4e9d59_app-devopsapp-task5/stdout_931fec9f96e046dba536b3562903530f.
2026-08-30T12:42:49.6272376Z Successfully created stdout named pipe at: /podr/container/pipe/6a219f4e9d59_app-devopsapp-task5/stdout_931fec9f96e046dba536b3562903530f.
2026-08-30T12:42:49.6273020Z Opening named pipe /podr/container/pipe/6a219f4e9d59_app-devopsapp-task5/stdout_931fec9f96e046dba536b3562903530f for reading in non-blocking mode.
2026-08-30T12:42:49.6273419Z Successfully opened named pipe: /podr/container/pipe/6a219f4e9d59_app-devopsapp-task5/stdout_931fec9f96e046dba536b3562903530f.
2026-08-30T12:42:49.6273690Z Successfully removed non-blocking flag from /podr/container/pipe/6a219f4e9d59_app-devopsapp-task5/stdout_931fec9f96e046dba536b3562903530f.
2026-08-30T12:42:49.6274122Z Creating stderr named pipe at /podr/container/pipe/6a219f4e9d59_app-devopsapp-task5/stderr_0d88d676081e42988c192107e0f96d3a.
2026-08-30T12:42:49.6274590Z Successfully created stderr named pipe at: /podr/container/pipe/6a219f4e9d59_app-devopsapp-task5/stderr_0d88d676081e42988c192107e0f96d3a.
2026-08-30T12:42:49.6274833Z Opening named pipe /podr/container/pipe/6a219f4e9d59_app-devopsapp-task5/stderr_0d88d676081e42988c192107e0f96d3a for reading in non-blocking mode.
2026-08-30T12:42:49.6275123Z Successfully opened named pipe: /podr/container/pipe/6a219f4e9d59_app-devopsapp-task5/stderr_0d88d676081e42988c192107e0f96d3a.
2026-08-30T12:42:49.6275359Z Successfully removed non-blocking flag from /podr/container/pipe/6a219f4e9d59_app-devopsapp-task5/stderr_0d88d676081e42988c192107e0f96d3a.
2026-08-30T12:42:49.6275691Z Overriding PORT environment variable with pre-calculated port: 8080.
2026-08-30T12:42:49.6275880Z Setting value of PORT variable to 8080
2026-08-30T12:42:49.6276547Z Creating container with image: appsvc/node:20-lts_20260710.8.tuxprod from registry: 10.1.0.4:13209 and fully qualified image name: 10.1.0.4:13209/appsvc/node:20-lts_20260710.8.tuxprod
2026-08-30T12:42:49.9854038Z Starting container: 6a219f4e9d59_app-devopsapp-task5.
2026-08-30T12:42:50.0273607Z Starting watchers and probes.
2026-08-30T12:42:50.0275019Z Starting metrics collection.
2026-08-30T12:42:50.0360979Z Container is running.
2026-08-30T12:42:50.0361484Z State: Starting, Action: CreatingContainer, LastError: ContainerStartupFailure, LastErrorTimestamp: 08/30/2026 12:39:34, LastErrorDetails: Container exited with exit code 1 during startup after 21.2s. Please inspect your container logs for more details., Details: Container app-devopsapp-task5 successfully created and is running., DetailsLevel: INFO
2026-08-30T12:42:50.2374423Z Container start method finished after 1415 ms.
2026-08-30T12:42:50.2382538Z State: Starting, Action: InitiatingSiteWarmUpProbe, LastError: ContainerStartupFailure, LastErrorTimestamp: 08/30/2026 12:39:34, LastErrorDetails: Container exited with exit code 1 during startup after 21.2s. Please inspect your container logs for more details., Details: Container app-devopsapp-task5 successfully created and is running., DetailsLevel: INFO
2026-08-30T12:42:50.2382900Z State: Starting, Action: WaitingForSiteWarmUpProbeSuccess, LastError: ContainerStartupFailure, LastErrorTimestamp: 08/30/2026 12:39:34, LastErrorDetails: Container exited with exit code 1 during startup after 21.2s. Please inspect your container logs for more details., Details: Pinging warmup path to ensure container is ready to receive requests., DetailsLevel: INFO
2026-08-30T12:43:10.3105137Z Container has finished running with exit code: 1.
2026-08-30T12:43:10.3145824Z Container is terminating. Grace period: 5 seconds.
2026-08-30T12:43:10.3147782Z Stop and delete container. Retry count = 0
2026-08-30T12:43:10.3148287Z Stopping container: 6a219f4e9d59_app-devopsapp-task5.
2026-08-30T12:43:10.3748771Z Deleting container: 6a219f4e9d59_app-devopsapp-task5. Retry count = 0
2026-08-30T12:43:10.5362031Z Container spec TerminationMessagePolicy  path 
2026-08-30T12:43:10.5364541Z Container is terminated. Total time elapsed: 221 ms.
2026-08-30T12:43:10.5366693Z Site container: app-devopsapp-task5 terminated during site startup.
2026-08-30T12:43:10.5485300Z State: Stopping, Action: CancellingStartup, LastError: ContainerStartupFailure, LastErrorTimestamp: 08/30/2026 12:39:34, LastErrorDetails: Container exited with exit code 1 during startup after 21.2s. Please inspect your container logs for more details., Details: Site container: app-devopsapp-task5 terminated during site startup. Cancelling site startup., DetailsLevel: ERR
2026-08-30T12:43:10.5764271Z Site startup probe failed after 20.3379199 seconds.
2026-08-30T12:43:10.7872254Z State: Stopping, Action: CancellingStartup, LastError: ContainerStartupFailure, LastErrorTimestamp: 08/30/2026 12:43:10, LastErrorDetails: Container exited with exit code 1 during startup after 20.5s. Please inspect your container logs for more details., Details: Site container: app-devopsapp-task5 terminated during site startup. Cancelling site startup., DetailsLevel: ERR
2026-08-30T12:43:10.7885912Z Failed to start site. Revert by stopping site.
2026-08-30T12:43:10.7886752Z State: Stopping, Action: StoppingSite, LastError: ContainerStartupFailure, LastErrorTimestamp: 08/30/2026 12:43:10, LastErrorDetails: Container exited with exit code 1 during startup after 20.5s. Please inspect your container logs for more details., Details: Site container: app-devopsapp-task5 terminated during site startup. Cancelling site startup., DetailsLevel: ERR
2026-08-30T12:43:10.7986312Z State: Stopping, Action: StoppingSiteContainers, LastError: ContainerStartupFailure, LastErrorTimestamp: 08/30/2026 12:43:10, LastErrorDetails: Container exited with exit code 1 during startup after 20.5s. Please inspect your container logs for more details., Details: Site container: app-devopsapp-task5 terminated during site startup. Cancelling site startup., DetailsLevel: ERR
2026-08-30T12:43:11.1100255Z Site container: app-devopsapp-task5_managedIdentity terminated during site startup.
2026-08-30T12:43:11.1103322Z State: Stopping, Action: StoppingSiteContainers, LastError: ContainerStartupFailure, LastErrorTimestamp: 08/30/2026 12:43:10, LastErrorDetails: Container exited with exit code 1 during startup after 20.5s. Please inspect your container logs for more details., Details: Site container: app-devopsapp-task5 terminated during site startup. Cancelling site startup., DetailsLevel: ERR
2026-08-30T12:43:11.1175317Z Site: app-devopsapp-task5 stopped.
2026-08-30T12:43:11.1273893Z State: Stopping, Action: UnmountingVolumes, LastError: ContainerStartupFailure, LastErrorTimestamp: 08/30/2026 12:43:10, LastErrorDetails: Container exited with exit code 1 during startup after 20.5s. Please inspect your container logs for more details., Details: Site container: app-devopsapp-task5 terminated during site startup. Cancelling site startup., DetailsLevel: ERR
2026-08-30T12:43:11.3805031Z State: Stopping, Action: StoppingSiteNetworks, LastError: ContainerStartupFailure, LastErrorTimestamp: 08/30/2026 12:43:10, LastErrorDetails: Container exited with exit code 1 during startup after 20.5s. Please inspect your container logs for more details., Details: Site container: app-devopsapp-task5 terminated during site startup. Cancelling site startup., DetailsLevel: ERR
2026-08-30T12:43:11.7882965Z State: Stopped, Action: None, LastError: ContainerStartupFailure, LastErrorTimestamp: 08/30/2026 12:43:10, LastErrorDetails: Container exited with exit code 1 during startup after 20.5s. Please inspect your container logs for more details., Details: Site stopped at 08/30/2026 12:43:11 (UTC), DetailsLevel: ERR
2026-08-30T12:43:11.9303635Z State: Stopped, Action: None, LastError: ContainerStartupFailure, LastErrorTimestamp: 08/30/2026 12:43:10, LastErrorDetails: Container exited with exit code 1 during startup after 20.5s. Please inspect your container logs for more details., Details: Site stopped at 08/30/2026 12:43:11 (UTC), DetailsLevel: ERR
2026-08-30T12:43:12.4041897Z State: Starting, Action: EstablishingSiteNetworks, LastError: ContainerStartupFailure, LastErrorTimestamp: 08/30/2026 12:43:10, LastErrorDetails: Container exited with exit code 1 during startup after 20.5s. Please inspect your container logs for more details., Details: Site stopped at 08/30/2026 12:43:11 (UTC), DetailsLevel: ERR
2026-08-30T12:43:14.0249000Z State: Starting, Action: StartingMsiContainer, LastError: ContainerStartupFailure, LastErrorTimestamp: 08/30/2026 12:43:10, LastErrorDetails: Container exited with exit code 1 during startup after 20.5s. Please inspect your container logs for more details., Details: Site stopped at 08/30/2026 12:43:11 (UTC), DetailsLevel: ERR
2026-08-30T12:43:24.1832139Z State: Starting, Action: StartingSiteContainers, LastError: ContainerStartupFailure, LastErrorTimestamp: 08/30/2026 12:43:10, LastErrorDetails: Container exited with exit code 1 during startup after 20.5s. Please inspect your container logs for more details., Details: Site stopped at 08/30/2026 12:43:11 (UTC), DetailsLevel: ERR
2026-08-30T12:43:24.1832786Z Container start method called.
2026-08-30T12:43:24.1833177Z State: Starting, Action: PullingImage, LastError: ContainerStartupFailure, LastErrorTimestamp: 08/30/2026 12:43:10, LastErrorDetails: Container exited with exit code 1 during startup after 20.5s. Please inspect your container logs for more details., Details: Pulling image 10.1.0.4:13209/appsvc/node:20-lts_20260710.8.tuxprod for app-devopsapp-task5., DetailsLevel: INFO
2026-08-30T12:43:24.1833572Z Establishing network.
2026-08-30T12:43:24.1834024Z Pulling image: appsvc/node:20-lts_20260710.8.tuxprod.
2026-08-30T12:43:24.4244434Z Container is starting.
2026-08-30T12:43:24.4246251Z State: Starting, Action: MountingVolumes, LastError: ContainerStartupFailure, LastErrorTimestamp: 08/30/2026 12:43:10, LastErrorDetails: Container exited with exit code 1 during startup after 20.5s. Please inspect your container logs for more details., Details: Mounting volumes for app-devopsapp-task5., DetailsLevel: INFO
2026-08-30T12:43:24.4246887Z Establishing user namespace if not established already.
2026-08-30T12:43:24.4247343Z Establishing network if not established already.
2026-08-30T12:43:24.4247834Z Mounting volumes.
2026-08-30T12:43:24.4248506Z Nested mountpoint site/wwwroot
2026-08-30T12:43:24.4537146Z Nested mountpoint volatile/logs
2026-08-30T12:43:24.4556292Z Nested mountpoint 
2026-08-30T12:43:24.4559897Z Nested mountpoint 
2026-08-30T12:43:24.5441075Z Nested mountpoint 
2026-08-30T12:43:24.5444466Z Nested mountpoint 
2026-08-30T12:43:24.6148146Z Nested mountpoint 
2026-08-30T12:43:24.9795244Z State: Starting, Action: CreatingContainer, LastError: ContainerStartupFailure, LastErrorTimestamp: 08/30/2026 12:43:10, LastErrorDetails: Container exited with exit code 1 during startup after 20.5s. Please inspect your container logs for more details., Details: Finished pulling container image and mounting volumes for app-devopsapp-task5. Allocatinng the rest of the container resources to finish container creation., DetailsLevel: INFO
2026-08-30T12:43:24.9797924Z Creating container.
2026-08-30T12:43:24.9800160Z Creating pipes for streaming container io.
2026-08-30T12:43:24.9844047Z Creating stdout named pipe at /podr/container/pipe/abf14e34dc4a_app-devopsapp-task5/stdout_a8969ce391934541a011c4d026e99941.
2026-08-30T12:43:24.9848972Z Successfully created stdout named pipe at: /podr/container/pipe/abf14e34dc4a_app-devopsapp-task5/stdout_a8969ce391934541a011c4d026e99941.
2026-08-30T12:43:24.9850052Z Opening named pipe /podr/container/pipe/abf14e34dc4a_app-devopsapp-task5/stdout_a8969ce391934541a011c4d026e99941 for reading in non-blocking mode.
2026-08-30T12:43:24.9850531Z Successfully opened named pipe: /podr/container/pipe/abf14e34dc4a_app-devopsapp-task5/stdout_a8969ce391934541a011c4d026e99941.
2026-08-30T12:43:24.9850943Z Successfully removed non-blocking flag from /podr/container/pipe/abf14e34dc4a_app-devopsapp-task5/stdout_a8969ce391934541a011c4d026e99941.
2026-08-30T12:43:24.9859094Z Creating stderr named pipe at /podr/container/pipe/abf14e34dc4a_app-devopsapp-task5/stderr_6e79eaf265f549debb705ab66f7414b5.
2026-08-30T12:43:24.9859674Z Successfully created stderr named pipe at: /podr/container/pipe/abf14e34dc4a_app-devopsapp-task5/stderr_6e79eaf265f549debb705ab66f7414b5.
2026-08-30T12:43:24.9859890Z Opening named pipe /podr/container/pipe/abf14e34dc4a_app-devopsapp-task5/stderr_6e79eaf265f549debb705ab66f7414b5 for reading in non-blocking mode.
2026-08-30T12:43:24.9860168Z Successfully opened named pipe: /podr/container/pipe/abf14e34dc4a_app-devopsapp-task5/stderr_6e79eaf265f549debb705ab66f7414b5.
2026-08-30T12:43:24.9860402Z Successfully removed non-blocking flag from /podr/container/pipe/abf14e34dc4a_app-devopsapp-task5/stderr_6e79eaf265f549debb705ab66f7414b5.
2026-08-30T12:43:24.9860748Z Overriding PORT environment variable with pre-calculated port: 8080.
2026-08-30T12:43:24.9860947Z Setting value of PORT variable to 8080
2026-08-30T12:43:24.9861489Z Creating container with image: appsvc/node:20-lts_20260710.8.tuxprod from registry: 10.1.0.4:13209 and fully qualified image name: 10.1.0.4:13209/appsvc/node:20-lts_20260710.8.tuxprod
2026-08-30T12:43:25.5613215Z Starting container: abf14e34dc4a_app-devopsapp-task5.
2026-08-30T12:43:25.6031770Z Starting watchers and probes.
2026-08-30T12:43:25.6034869Z Starting metrics collection.
2026-08-30T12:43:25.6038123Z Container is running.
2026-08-30T12:43:25.6039668Z State: Starting, Action: CreatingContainer, LastError: ContainerStartupFailure, LastErrorTimestamp: 08/30/2026 12:43:10, LastErrorDetails: Container exited with exit code 1 during startup after 20.5s. Please inspect your container logs for more details., Details: Container app-devopsapp-task5 successfully created and is running., DetailsLevel: INFO
2026-08-30T12:43:25.9439656Z Container start method finished after 1760 ms.
2026-08-30T12:43:25.9440574Z State: Starting, Action: InitiatingSiteWarmUpProbe, LastError: ContainerStartupFailure, LastErrorTimestamp: 08/30/2026 12:43:10, LastErrorDetails: Container exited with exit code 1 during startup after 20.5s. Please inspect your container logs for more details., Details: Container app-devopsapp-task5 successfully created and is running., DetailsLevel: INFO
2026-08-30T12:43:25.9440697Z State: Starting, Action: WaitingForSiteWarmUpProbeSuccess, LastError: ContainerStartupFailure, LastErrorTimestamp: 08/30/2026 12:43:10, LastErrorDetails: Container exited with exit code 1 during startup after 20.5s. Please inspect your container logs for more details., Details: Pinging warmup path to ensure container is ready to receive requests., DetailsLevel: INFO
2026-08-30T12:43:45.3223819Z Container has finished running with exit code: 1.
2026-08-30T12:43:45.3248513Z Container is terminating. Grace period: 5 seconds.
2026-08-30T12:43:45.3250613Z Stop and delete container. Retry count = 0
2026-08-30T12:43:45.3251070Z Stopping container: abf14e34dc4a_app-devopsapp-task5.
2026-08-30T12:43:45.3651604Z Deleting container: abf14e34dc4a_app-devopsapp-task5. Retry count = 0
2026-08-30T12:43:45.5162755Z Container spec TerminationMessagePolicy  path 
2026-08-30T12:43:45.5164526Z Container is terminated. Total time elapsed: 191 ms.
2026-08-30T12:43:45.5165199Z Site container: app-devopsapp-task5 terminated during site startup.
2026-08-30T12:43:45.5166921Z State: Stopping, Action: CancellingStartup, LastError: ContainerStartupFailure, LastErrorTimestamp: 08/30/2026 12:43:10, LastErrorDetails: Container exited with exit code 1 during startup after 20.5s. Please inspect your container logs for more details., Details: Site container: app-devopsapp-task5 terminated during site startup. Cancelling site startup., DetailsLevel: ERR
2026-08-30T12:43:45.5566277Z Site startup probe failed after 19.6123173 seconds.
2026-08-30T12:43:45.7848801Z State: Stopping, Action: CancellingStartup, LastError: ContainerStartupFailure, LastErrorTimestamp: 08/30/2026 12:43:45, LastErrorDetails: Container exited with exit code 1 during startup after 19.9s. Please inspect your container logs for more details., Details: Site container: app-devopsapp-task5 terminated during site startup. Cancelling site startup., DetailsLevel: ERR
2026-08-30T12:43:45.7860138Z Failed to start site. Revert by stopping site.
2026-08-30T12:43:45.7862075Z State: Stopping, Action: StoppingSite, LastError: ContainerStartupFailure, LastErrorTimestamp: 08/30/2026 12:43:45, LastErrorDetails: Container exited with exit code 1 during startup after 19.9s. Please inspect your container logs for more details., Details: Site container: app-devopsapp-task5 terminated during site startup. Cancelling site startup., DetailsLevel: ERR
2026-08-30T12:43:45.7867431Z State: Stopping, Action: StoppingSiteContainers, LastError: ContainerStartupFailure, LastErrorTimestamp: 08/30/2026 12:43:45, LastErrorDetails: Container exited with exit code 1 during startup after 19.9s. Please inspect your container logs for more details., Details: Site container: app-devopsapp-task5 terminated during site startup. Cancelling site startup., DetailsLevel: ERR
2026-08-30T12:43:46.1461691Z Site container: app-devopsapp-task5_managedIdentity terminated during site startup.
2026-08-30T12:43:46.1469554Z State: Stopping, Action: StoppingSiteContainers, LastError: ContainerStartupFailure, LastErrorTimestamp: 08/30/2026 12:43:45, LastErrorDetails: Container exited with exit code 1 during startup after 19.9s. Please inspect your container logs for more details., Details: Site container: app-devopsapp-task5 terminated during site startup. Cancelling site startup., DetailsLevel: ERR
2026-08-30T12:43:46.1473323Z Site: app-devopsapp-task5 stopped.
2026-08-30T12:43:46.1700651Z State: Stopping, Action: UnmountingVolumes, LastError: ContainerStartupFailure, LastErrorTimestamp: 08/30/2026 12:43:45, LastErrorDetails: Container exited with exit code 1 during startup after 19.9s. Please inspect your container logs for more details., Details: Site container: app-devopsapp-task5 terminated during site startup. Cancelling site startup., DetailsLevel: ERR
2026-08-30T12:43:46.4473071Z State: Stopping, Action: StoppingSiteNetworks, LastError: ContainerStartupFailure, LastErrorTimestamp: 08/30/2026 12:43:45, LastErrorDetails: Container exited with exit code 1 during startup after 19.9s. Please inspect your container logs for more details., Details: Site container: app-devopsapp-task5 terminated during site startup. Cancelling site startup., DetailsLevel: ERR
2026-08-30T12:43:46.7974823Z Site: app-devopsapp-task5 will be blocked for 1 minutes till 08/30/2026 12:44:46
2026-08-30T12:43:46.7976903Z State: Blocked, Action: StoppingSiteNetworks, LastError: ContainerStartupFailure, LastErrorTimestamp: 08/30/2026 12:43:45, LastErrorDetails: Container exited with exit code 1 during startup after 19.9s. Please inspect your container logs for more details., Details: Site: app-devopsapp-task5 will be blocked for 1 minutes till 08/30/2026 12:44:46, DetailsLevel: WARN
2026-08-30T12:43:46.8062435Z State: Stopped, Action: None, LastError: ContainerStartupFailure, LastErrorTimestamp: 08/30/2026 12:43:45, LastErrorDetails: Container exited with exit code 1 during startup after 19.9s. Please inspect your container logs for more details., Details: Site stopped at 08/30/2026 12:43:46 (UTC), DetailsLevel: WARN
2026-08-30T12:43:46.9999798Z State: Stopped, Action: None, LastError: ContainerStartupFailure, LastErrorTimestamp: 08/30/2026 12:43:45, LastErrorDetails: Container exited with exit code 1 during startup after 19.9s. Please inspect your container logs for more details., Details: Site stopped at 08/30/2026 12:43:46 (UTC), DetailsLevel: WARN
2026-08-30T12:44:46.7984501Z Site: app-devopsapp-task5 is unblocked.
2026-08-30T12:45:03.8074727Z State: Starting, Action: EstablishingSiteNetworks, LastError: ContainerStartupFailure, LastErrorTimestamp: 08/30/2026 12:43:45, LastErrorDetails: Container exited with exit code 1 during startup after 19.9s. Please inspect your container logs for more details., Details: Site stopped at 08/30/2026 12:43:46 (UTC), DetailsLevel: WARN
2026-08-30T12:45:05.7874049Z State: Starting, Action: StartingMsiContainer, LastError: ContainerStartupFailure, LastErrorTimestamp: 08/30/2026 12:43:45, LastErrorDetails: Container exited with exit code 1 during startup after 19.9s. Please inspect your container logs for more details., Details: Site stopped at 08/30/2026 12:43:46 (UTC), DetailsLevel: WARN
2026-08-30T12:45:15.1596452Z State: Starting, Action: StartingSiteContainers, LastError: ContainerStartupFailure, LastErrorTimestamp: 08/30/2026 12:43:45, LastErrorDetails: Container exited with exit code 1 during startup after 19.9s. Please inspect your container logs for more details., Details: Site stopped at 08/30/2026 12:43:46 (UTC), DetailsLevel: WARN
2026-08-30T12:45:15.1772278Z Container start method called.
2026-08-30T12:45:15.1780420Z State: Starting, Action: PullingImage, LastError: ContainerStartupFailure, LastErrorTimestamp: 08/30/2026 12:43:45, LastErrorDetails: Container exited with exit code 1 during startup after 19.9s. Please inspect your container logs for more details., Details: Pulling image 10.1.0.4:13209/appsvc/node:20-lts_20260710.8.tuxprod for app-devopsapp-task5., DetailsLevel: INFO
2026-08-30T12:45:15.1781512Z Establishing network.
2026-08-30T12:45:15.1782111Z Pulling image: appsvc/node:20-lts_20260710.8.tuxprod.
2026-08-30T12:45:15.3497612Z Container is starting.
2026-08-30T12:45:15.3498133Z State: Starting, Action: MountingVolumes, LastError: ContainerStartupFailure, LastErrorTimestamp: 08/30/2026 12:43:45, LastErrorDetails: Container exited with exit code 1 during startup after 19.9s. Please inspect your container logs for more details., Details: Mounting volumes for app-devopsapp-task5., DetailsLevel: INFO
2026-08-30T12:45:15.3498555Z Establishing user namespace if not established already.
2026-08-30T12:45:15.3498991Z Establishing network if not established already.
2026-08-30T12:45:15.3499476Z Mounting volumes.
2026-08-30T12:45:15.3500113Z Nested mountpoint site/wwwroot
2026-08-30T12:45:15.3704234Z Nested mountpoint volatile/logs
2026-08-30T12:45:15.4002775Z Nested mountpoint 
2026-08-30T12:45:15.4004824Z Nested mountpoint 
2026-08-30T12:45:15.4218258Z Nested mountpoint 
2026-08-30T12:45:15.4297668Z Nested mountpoint 
2026-08-30T12:45:15.4303865Z Nested mountpoint 
2026-08-30T12:45:15.9926404Z State: Starting, Action: CreatingContainer, LastError: ContainerStartupFailure, LastErrorTimestamp: 08/30/2026 12:43:45, LastErrorDetails: Container exited with exit code 1 during startup after 19.9s. Please inspect your container logs for more details., Details: Finished pulling container image and mounting volumes for app-devopsapp-task5. Allocatinng the rest of the container resources to finish container creation., DetailsLevel: INFO
2026-08-30T12:45:16.0004383Z Creating container.
2026-08-30T12:45:16.0004981Z Creating pipes for streaming container io.
2026-08-30T12:45:16.0005412Z Creating stdout named pipe at /podr/container/pipe/87a1a6462134_app-devopsapp-task5/stdout_88db03cecf4040bfbb42e2de72a39037.
2026-08-30T12:45:16.0006335Z Successfully created stdout named pipe at: /podr/container/pipe/87a1a6462134_app-devopsapp-task5/stdout_88db03cecf4040bfbb42e2de72a39037.
2026-08-30T12:45:16.0006776Z Opening named pipe /podr/container/pipe/87a1a6462134_app-devopsapp-task5/stdout_88db03cecf4040bfbb42e2de72a39037 for reading in non-blocking mode.
2026-08-30T12:45:16.0007265Z Successfully opened named pipe: /podr/container/pipe/87a1a6462134_app-devopsapp-task5/stdout_88db03cecf4040bfbb42e2de72a39037.
2026-08-30T12:45:16.0007658Z Successfully removed non-blocking flag from /podr/container/pipe/87a1a6462134_app-devopsapp-task5/stdout_88db03cecf4040bfbb42e2de72a39037.
2026-08-30T12:45:16.0015860Z Creating stderr named pipe at /podr/container/pipe/87a1a6462134_app-devopsapp-task5/stderr_d5fb50ec09684e16b956c7c1a1312c99.
2026-08-30T12:45:16.0016644Z Successfully created stderr named pipe at: /podr/container/pipe/87a1a6462134_app-devopsapp-task5/stderr_d5fb50ec09684e16b956c7c1a1312c99.
2026-08-30T12:45:16.0017162Z Opening named pipe /podr/container/pipe/87a1a6462134_app-devopsapp-task5/stderr_d5fb50ec09684e16b956c7c1a1312c99 for reading in non-blocking mode.
2026-08-30T12:45:16.0017648Z Successfully opened named pipe: /podr/container/pipe/87a1a6462134_app-devopsapp-task5/stderr_d5fb50ec09684e16b956c7c1a1312c99.
2026-08-30T12:45:16.0018080Z Successfully removed non-blocking flag from /podr/container/pipe/87a1a6462134_app-devopsapp-task5/stderr_d5fb50ec09684e16b956c7c1a1312c99.
2026-08-30T12:45:16.0019274Z Overriding PORT environment variable with pre-calculated port: 8080.
2026-08-30T12:45:16.0020246Z Setting value of PORT variable to 8080
2026-08-30T12:45:16.0021062Z Creating container with image: appsvc/node:20-lts_20260710.8.tuxprod from registry: 10.1.0.4:13209 and fully qualified image name: 10.1.0.4:13209/appsvc/node:20-lts_20260710.8.tuxprod
2026-08-30T12:45:16.3727454Z Starting container: 87a1a6462134_app-devopsapp-task5.
2026-08-30T12:45:16.6221877Z Starting watchers and probes.
2026-08-30T12:45:16.6228934Z Starting metrics collection.
2026-08-30T12:45:16.6307267Z Container is running.
2026-08-30T12:45:16.6307718Z State: Starting, Action: CreatingContainer, LastError: ContainerStartupFailure, LastErrorTimestamp: 08/30/2026 12:43:45, LastErrorDetails: Container exited with exit code 1 during startup after 19.9s. Please inspect your container logs for more details., Details: Container app-devopsapp-task5 successfully created and is running., DetailsLevel: INFO
2026-08-30T12:45:16.9953504Z Container start method finished after 1817 ms.
2026-08-30T12:45:17.0002878Z State: Starting, Action: InitiatingSiteWarmUpProbe, LastError: ContainerStartupFailure, LastErrorTimestamp: 08/30/2026 12:43:45, LastErrorDetails: Container exited with exit code 1 during startup after 19.9s. Please inspect your container logs for more details., Details: Container app-devopsapp-task5 successfully created and is running., DetailsLevel: INFO
2026-08-30T12:45:17.0004927Z State: Starting, Action: WaitingForSiteWarmUpProbeSuccess, LastError: ContainerStartupFailure, LastErrorTimestamp: 08/30/2026 12:43:45, LastErrorDetails: Container exited with exit code 1 during startup after 19.9s. Please inspect your container logs for more details., Details: Pinging warmup path to ensure container is ready to receive requests., DetailsLevel: INFO
2026-08-30T12:45:34.1604437Z Container has finished running with exit code: 1.
2026-08-30T12:45:34.1682838Z Container is terminating. Grace period: 5 seconds.
2026-08-30T12:45:34.1689084Z Stop and delete container. Retry count = 0
2026-08-30T12:45:34.1689671Z Stopping container: 87a1a6462134_app-devopsapp-task5.
2026-08-30T12:45:34.4541691Z Deleting container: 87a1a6462134_app-devopsapp-task5. Retry count = 0
2026-08-30T12:45:34.6138572Z Container spec TerminationMessagePolicy  path 
2026-08-30T12:45:34.6142085Z Container is terminated. Total time elapsed: 445 ms.
2026-08-30T12:45:34.6142649Z Site container: app-devopsapp-task5 terminated during site startup.
2026-08-30T12:45:34.6143313Z State: Stopping, Action: CancellingStartup, LastError: ContainerStartupFailure, LastErrorTimestamp: 08/30/2026 12:43:45, LastErrorDetails: Container exited with exit code 1 during startup after 19.9s. Please inspect your container logs for more details., Details: Site container: app-devopsapp-task5 terminated during site startup. Cancelling site startup., DetailsLevel: ERR
2026-08-30T12:45:34.6954456Z Site startup probe failed after 17.6943741 seconds.
2026-08-30T12:45:34.9160122Z State: Stopping, Action: CancellingStartup, LastError: ContainerStartupFailure, LastErrorTimestamp: 08/30/2026 12:45:34, LastErrorDetails: Container exited with exit code 1 during startup after 18.0s. Please inspect your container logs for more details., Details: Site container: app-devopsapp-task5 terminated during site startup. Cancelling site startup., DetailsLevel: ERR
2026-08-30T12:45:34.9355341Z Failed to start site. Revert by stopping site.
2026-08-30T12:45:34.9356686Z State: Stopping, Action: StoppingSite, LastError: ContainerStartupFailure, LastErrorTimestamp: 08/30/2026 12:45:34, LastErrorDetails: Container exited with exit code 1 during startup after 18.0s. Please inspect your container logs for more details., Details: Site container: app-devopsapp-task5 terminated during site startup. Cancelling site startup., DetailsLevel: ERR
2026-08-30T12:45:34.9360606Z State: Stopping, Action: StoppingSiteContainers, LastError: ContainerStartupFailure, LastErrorTimestamp: 08/30/2026 12:45:34, LastErrorDetails: Container exited with exit code 1 during startup after 18.0s. Please inspect your container logs for more details., Details: Site container: app-devopsapp-task5 terminated during site startup. Cancelling site startup., DetailsLevel: ERR
2026-08-30T12:45:35.2694126Z Site container: app-devopsapp-task5_managedIdentity terminated during site startup.
2026-08-30T12:45:35.2699447Z State: Stopping, Action: StoppingSiteContainers, LastError: ContainerStartupFailure, LastErrorTimestamp: 08/30/2026 12:45:34, LastErrorDetails: Container exited with exit code 1 during startup after 18.0s. Please inspect your container logs for more details., Details: Site container: app-devopsapp-task5 terminated during site startup. Cancelling site startup., DetailsLevel: ERR
2026-08-30T12:45:35.2703570Z Site: app-devopsapp-task5 stopped.
2026-08-30T12:45:35.2895260Z State: Stopping, Action: UnmountingVolumes, LastError: ContainerStartupFailure, LastErrorTimestamp: 08/30/2026 12:45:34, LastErrorDetails: Container exited with exit code 1 during startup after 18.0s. Please inspect your container logs for more details., Details: Site container: app-devopsapp-task5 terminated during site startup. Cancelling site startup., DetailsLevel: ERR
2026-08-30T12:45:35.7005788Z State: Stopping, Action: StoppingSiteNetworks, LastError: ContainerStartupFailure, LastErrorTimestamp: 08/30/2026 12:45:34, LastErrorDetails: Container exited with exit code 1 during startup after 18.0s. Please inspect your container logs for more details., Details: Site container: app-devopsapp-task5 terminated during site startup. Cancelling site startup., DetailsLevel: ERR
2026-08-30T12:45:35.9977846Z Site: app-devopsapp-task5 will be blocked for 1 minutes till 08/30/2026 12:46:35
2026-08-30T12:45:35.9981500Z State: Blocked, Action: StoppingSiteNetworks, LastError: ContainerStartupFailure, LastErrorTimestamp: 08/30/2026 12:45:34, LastErrorDetails: Container exited with exit code 1 during startup after 18.0s. Please inspect your container logs for more details., Details: Site: app-devopsapp-task5 will be blocked for 1 minutes till 08/30/2026 12:46:35, DetailsLevel: WARN
2026-08-30T12:45:35.9983031Z State: Stopped, Action: None, LastError: ContainerStartupFailure, LastErrorTimestamp: 08/30/2026 12:45:34, LastErrorDetails: Container exited with exit code 1 during startup after 18.0s. Please inspect your container logs for more details., Details: Site stopped at 08/30/2026 12:45:35 (UTC), DetailsLevel: WARN
2026-08-30T12:45:36.2404497Z State: Stopped, Action: None, LastError: ContainerStartupFailure, LastErrorTimestamp: 08/30/2026 12:45:34, LastErrorDetails: Container exited with exit code 1 during startup after 18.0s. Please inspect your container logs for more details., Details: Site stopped at 08/30/2026 12:45:35 (UTC), DetailsLevel: WARN
2026-08-30T12:45:45.1752554Z State: Blocked, Action: None, LastError: ContainerStartupFailure, LastErrorTimestamp: 08/30/2026 12:45:34, LastErrorDetails: Container exited with exit code 1 during startup after 18.0s. Please inspect your container logs for more details., Details: Site is blocked due to multiple, consecutive cold start failures. Site scheduled to be unblocked at 08/30/2026 12:46:35, DetailsLevel: WARN
2026-08-30T12:45:45.1759188Z Start site prohibitted because the site is being blocked.
2026-08-30T12:45:45.3490716Z State: Blocked, Action: None, LastError: ContainerStartupFailure, LastErrorTimestamp: 08/30/2026 12:45:34, LastErrorDetails: Container exited with exit code 1 during startup after 18.0s. Please inspect your container logs for more details., Details: Site is blocked due to multiple, consecutive cold start failures. Site scheduled to be unblocked at 08/30/2026 12:46:35, DetailsLevel: WARN
2026-08-30T12:45:45.3490898Z Start site prohibitted because the site is being blocked.
2026-08-30T12:46:35.9973420Z Site: app-devopsapp-task5 is unblocked.
2026-08-30T12:52:57.7256290Z State: Starting, Action: EstablishingSiteNetworks, LastError: ContainerStartupFailure, LastErrorTimestamp: 08/30/2026 12:45:34, LastErrorDetails: Container exited with exit code 1 during startup after 18.0s. Please inspect your container logs for more details., Details: Site is blocked due to multiple, consecutive cold start failures. Site scheduled to be unblocked at 08/30/2026 12:46:35, DetailsLevel: WARN
2026-08-30T12:53:00.1681490Z State: Starting, Action: StartingMsiContainer, LastError: ContainerStartupFailure, LastErrorTimestamp: 08/30/2026 12:45:34, LastErrorDetails: Container exited with exit code 1 during startup after 18.0s. Please inspect your container logs for more details., Details: Site is blocked due to multiple, consecutive cold start failures. Site scheduled to be unblocked at 08/30/2026 12:46:35, DetailsLevel: WARN
2026-08-30T12:53:10.3782276Z State: Starting, Action: StartingSiteContainers, LastError: ContainerStartupFailure, LastErrorTimestamp: 08/30/2026 12:45:34, LastErrorDetails: Container exited with exit code 1 during startup after 18.0s. Please inspect your container logs for more details., Details: Site is blocked due to multiple, consecutive cold start failures. Site scheduled to be unblocked at 08/30/2026 12:46:35, DetailsLevel: WARN
2026-08-30T12:53:10.3959894Z Container start method called.
2026-08-30T12:53:10.3962157Z State: Starting, Action: PullingImage, LastError: ContainerStartupFailure, LastErrorTimestamp: 08/30/2026 12:45:34, LastErrorDetails: Container exited with exit code 1 during startup after 18.0s. Please inspect your container logs for more details., Details: Pulling image 10.1.0.4:13209/appsvc/node:20-lts_20260710.8.tuxprod for app-devopsapp-task5., DetailsLevel: INFO
2026-08-30T12:53:10.3962972Z Establishing network.
2026-08-30T12:53:10.3965897Z Pulling image: appsvc/node:20-lts_20260710.8.tuxprod.
2026-08-30T12:53:10.6242513Z Container is starting.
2026-08-30T12:53:10.6243133Z State: Starting, Action: MountingVolumes, LastError: ContainerStartupFailure, LastErrorTimestamp: 08/30/2026 12:45:34, LastErrorDetails: Container exited with exit code 1 during startup after 18.0s. Please inspect your container logs for more details., Details: Mounting volumes for app-devopsapp-task5., DetailsLevel: INFO
2026-08-30T12:53:10.6243637Z Establishing user namespace if not established already.
2026-08-30T12:53:10.6244081Z Establishing network if not established already.
2026-08-30T12:53:10.6244587Z Mounting volumes.
2026-08-30T12:53:10.6245238Z Nested mountpoint site/wwwroot
2026-08-30T12:53:10.6404281Z Nested mountpoint volatile/logs
2026-08-30T12:53:10.6904818Z Nested mountpoint 
2026-08-30T12:53:10.6910453Z Nested mountpoint 
2026-08-30T12:53:10.7130421Z Nested mountpoint 
2026-08-30T12:53:10.7132729Z Nested mountpoint 
2026-08-30T12:53:10.7416149Z Nested mountpoint 
2026-08-30T12:53:11.3423908Z State: Starting, Action: CreatingContainer, LastError: ContainerStartupFailure, LastErrorTimestamp: 08/30/2026 12:45:34, LastErrorDetails: Container exited with exit code 1 during startup after 18.0s. Please inspect your container logs for more details., Details: Finished pulling container image and mounting volumes for app-devopsapp-task5. Allocatinng the rest of the container resources to finish container creation., DetailsLevel: INFO
2026-08-30T12:53:11.3424285Z Creating container.
2026-08-30T12:53:11.3424545Z Creating pipes for streaming container io.
2026-08-30T12:53:11.3424774Z Creating stdout named pipe at /podr/container/pipe/23c0101dda7c_app-devopsapp-task5/stdout_c1bba3343366439c8881f9645a24da70.
2026-08-30T12:53:11.3425615Z Successfully created stdout named pipe at: /podr/container/pipe/23c0101dda7c_app-devopsapp-task5/stdout_c1bba3343366439c8881f9645a24da70.
2026-08-30T12:53:11.3425871Z Opening named pipe /podr/container/pipe/23c0101dda7c_app-devopsapp-task5/stdout_c1bba3343366439c8881f9645a24da70 for reading in non-blocking mode.
2026-08-30T12:53:11.3426162Z Successfully opened named pipe: /podr/container/pipe/23c0101dda7c_app-devopsapp-task5/stdout_c1bba3343366439c8881f9645a24da70.
2026-08-30T12:53:11.3426388Z Successfully removed non-blocking flag from /podr/container/pipe/23c0101dda7c_app-devopsapp-task5/stdout_c1bba3343366439c8881f9645a24da70.
2026-08-30T12:53:11.3426821Z Creating stderr named pipe at /podr/container/pipe/23c0101dda7c_app-devopsapp-task5/stderr_1d4504f0bedb4062ac918002f93974bb.
2026-08-30T12:53:11.3427215Z Successfully created stderr named pipe at: /podr/container/pipe/23c0101dda7c_app-devopsapp-task5/stderr_1d4504f0bedb4062ac918002f93974bb.
2026-08-30T12:53:11.3427441Z Opening named pipe /podr/container/pipe/23c0101dda7c_app-devopsapp-task5/stderr_1d4504f0bedb4062ac918002f93974bb for reading in non-blocking mode.
2026-08-30T12:53:11.3427723Z Successfully opened named pipe: /podr/container/pipe/23c0101dda7c_app-devopsapp-task5/stderr_1d4504f0bedb4062ac918002f93974bb.
2026-08-30T12:53:11.3427965Z Successfully removed non-blocking flag from /podr/container/pipe/23c0101dda7c_app-devopsapp-task5/stderr_1d4504f0bedb4062ac918002f93974bb.
2026-08-30T12:53:11.3428284Z Overriding PORT environment variable with pre-calculated port: 8080.
2026-08-30T12:53:11.3428471Z Setting value of PORT variable to 8080
2026-08-30T12:53:11.3429020Z Creating container with image: appsvc/node:20-lts_20260710.8.tuxprod from registry: 10.1.0.4:13209 and fully qualified image name: 10.1.0.4:13209/appsvc/node:20-lts_20260710.8.tuxprod
2026-08-30T12:53:12.1391494Z Starting container: 23c0101dda7c_app-devopsapp-task5.
2026-08-30T12:53:12.1698267Z Starting watchers and probes.
2026-08-30T12:53:12.1699259Z Starting metrics collection.
2026-08-30T12:53:12.1704655Z Container is running.
2026-08-30T12:53:12.1798298Z State: Starting, Action: CreatingContainer, LastError: ContainerStartupFailure, LastErrorTimestamp: 08/30/2026 12:45:34, LastErrorDetails: Container exited with exit code 1 during startup after 18.0s. Please inspect your container logs for more details., Details: Container app-devopsapp-task5 successfully created and is running., DetailsLevel: INFO
2026-08-30T12:53:12.3283961Z Container start method finished after 1932 ms.
2026-08-30T12:53:12.3284807Z State: Starting, Action: InitiatingSiteWarmUpProbe, LastError: ContainerStartupFailure, LastErrorTimestamp: 08/30/2026 12:45:34, LastErrorDetails: Container exited with exit code 1 during startup after 18.0s. Please inspect your container logs for more details., Details: Container app-devopsapp-task5 successfully created and is running., DetailsLevel: INFO
2026-08-30T12:53:12.3284957Z State: Starting, Action: WaitingForSiteWarmUpProbeSuccess, LastError: ContainerStartupFailure, LastErrorTimestamp: 08/30/2026 12:45:34, LastErrorDetails: Container exited with exit code 1 during startup after 18.0s. Please inspect your container logs for more details., Details: Pinging warmup path to ensure container is ready to receive requests., DetailsLevel: INFO
2026-08-30T12:53:31.7851016Z Container has finished running with exit code: 1.
2026-08-30T12:53:31.7852262Z Container is terminating. Grace period: 5 seconds.
2026-08-30T12:53:31.8075215Z Stop and delete container. Retry count = 0
2026-08-30T12:53:31.8078968Z Stopping container: 23c0101dda7c_app-devopsapp-task5.
2026-08-30T12:53:31.8646188Z Deleting container: 23c0101dda7c_app-devopsapp-task5. Retry count = 0
2026-08-30T12:53:32.1038517Z Container spec TerminationMessagePolicy  path 
2026-08-30T12:53:32.1065787Z Container is terminated. Total time elapsed: 320 ms.
2026-08-30T12:53:32.1068599Z Site container: app-devopsapp-task5 terminated during site startup.
2026-08-30T12:53:32.1149187Z State: Stopping, Action: CancellingStartup, LastError: ContainerStartupFailure, LastErrorTimestamp: 08/30/2026 12:45:34, LastErrorDetails: Container exited with exit code 1 during startup after 18.0s. Please inspect your container logs for more details., Details: Site container: app-devopsapp-task5 terminated during site startup. Cancelling site startup., DetailsLevel: ERR
2026-08-30T12:53:32.1736069Z Site startup probe failed after 19.8064052 seconds.
2026-08-30T12:53:32.4651568Z State: Stopping, Action: CancellingStartup, LastError: ContainerStartupFailure, LastErrorTimestamp: 08/30/2026 12:53:32, LastErrorDetails: Container exited with exit code 1 during startup after 19.9s. Please inspect your container logs for more details., Details: Site container: app-devopsapp-task5 terminated during site startup. Cancelling site startup., DetailsLevel: ERR
2026-08-30T12:53:32.4937464Z Failed to start site. Revert by stopping site.
2026-08-30T12:53:32.4939420Z State: Stopping, Action: StoppingSite, LastError: ContainerStartupFailure, LastErrorTimestamp: 08/30/2026 12:53:32, LastErrorDetails: Container exited with exit code 1 during startup after 19.9s. Please inspect your container logs for more details., Details: Site container: app-devopsapp-task5 terminated during site startup. Cancelling site startup., DetailsLevel: ERR
2026-08-30T12:53:32.4941713Z State: Stopping, Action: StoppingSiteContainers, LastError: ContainerStartupFailure, LastErrorTimestamp: 08/30/2026 12:53:32, LastErrorDetails: Container exited with exit code 1 during startup after 19.9s. Please inspect your container logs for more details., Details: Site container: app-devopsapp-task5 terminated during site startup. Cancelling site startup., DetailsLevel: ERR
2026-08-30T12:53:32.7741611Z Site container: app-devopsapp-task5_managedIdentity terminated during site startup.
2026-08-30T12:53:32.7742310Z State: Stopping, Action: StoppingSiteContainers, LastError: ContainerStartupFailure, LastErrorTimestamp: 08/30/2026 12:53:32, LastErrorDetails: Container exited with exit code 1 during startup after 19.9s. Please inspect your container logs for more details., Details: Site container: app-devopsapp-task5 terminated during site startup. Cancelling site startup., DetailsLevel: ERR
2026-08-30T12:53:32.7742948Z Site: app-devopsapp-task5 stopped.
