========== New Cold Start Attempt (2026-08-30T06:46:09.6371236+00:00) ==========
2026-08-30T06:46:09.6371236+00:00 ContainerStatus: Site started.
2026-08-30T06:46:09.6378552+00:00 ContainerStatus: State: Started, Action: None, LastError: , LastErrorTimestamp: 01/01/0001 00:00:00, LastErrorDetails: , Details: Site started at 08/30/2026 06:46:09 (UTC), DetailsLevel: INFO
2026-08-30T06:46:09.7680343+00:00 ContainerStatus: Site is running with patch version NODE-20.20.2
2026-08-30T06:59:41.0504168+00:00 ContainerStatus: State: Starting, Action: EstablishingSiteNetworks, LastError: , LastErrorTimestamp: 01/01/0001 00:00:00, LastErrorDetails: , Details: , DetailsLevel: INFO
2026-08-30T06:59:52.7077000+00:00 ContainerStatus: State: Starting, Action: EstablishingSiteNetworks, LastError: VNETFailure, LastErrorTimestamp: 08/30/2026 06:59:52, LastErrorDetails: There was an issue setting up VNet., Details: , DetailsLevel: ERR
2026-08-30T06:59:52.7155605+00:00 ContainerStatus: Failed to start site. Revert by stopping site.
2026-08-30T06:59:52.7266719+00:00 ContainerStatus: State: Stopping, Action: StoppingSite, LastError: VNETFailure, LastErrorTimestamp: 08/30/2026 06:59:52, LastErrorDetails: There was an issue setting up VNet., Details: , DetailsLevel: ERR
2026-08-30T06:59:52.7356098+00:00 ContainerStatus: State: Stopping, Action: StoppingSiteContainers, LastError: VNETFailure, LastErrorTimestamp: 08/30/2026 06:59:52, LastErrorDetails: There was an issue setting up VNet., Details: , DetailsLevel: ERR
2026-08-30T06:59:52.7363569+00:00 ContainerStatus: Site: app-devopsapp-task5 stopped.
========== New Cold Start Attempt (2026-08-30T07:24:28.1116154+00:00) ==========
2026-08-30T07:24:28.1116154+00:00 ContainerStatus: State: Stopping, Action: StoppingSiteContainers, LastError: VNETFailure, LastErrorTimestamp: 08/30/2026 06:59:52, LastErrorDetails: There was an issue setting up VNet., Details: Site started at 08/30/2026 07:23:01 (UTC), DetailsLevel: INFO
2026-08-30T07:24:28.1119760+00:00 ContainerStatus: Container is terminating. Grace period: 5 seconds.
2026-08-30T07:24:28.1227241+00:00 ContainerStatus: Stop and delete container. Retry count = 0
2026-08-30T07:24:28.1229608+00:00 ContainerStatus: Stopping container: c84332349739_app-devopsapp-task5.
2026-08-30T07:24:33.2436196+00:00 ContainerStatus: Deleting container: c84332349739_app-devopsapp-task5. Retry count = 0
2026-08-30T07:24:33.4221509+00:00 ContainerStatus: Container spec TerminationMessagePolicy  path 
2026-08-30T07:24:33.4223126+00:00 ContainerStatus: Container is terminated. Total time elapsed: 5310 ms.
2026-08-30T07:24:33.7967251+00:00 ContainerStatus: Site: app-devopsapp-task5 stopped.
2026-08-30T07:36:23.7919862+00:00 ContainerStatus: State: Starting, Action: EstablishingSiteNetworks, LastError: , LastErrorTimestamp: 01/01/0001 00:00:00, LastErrorDetails: , Details: , DetailsLevel: INFO
2026-08-30T07:36:34.0803923+00:00 ContainerStatus: State: Starting, Action: EstablishingSiteNetworks, LastError: VNETFailure, LastErrorTimestamp: 08/30/2026 07:36:34, LastErrorDetails: There was an issue setting up VNet., Details: , DetailsLevel: ERR
2026-08-30T07:36:34.1007934+00:00 ContainerStatus: Failed to start site. Revert by stopping site.
2026-08-30T07:36:34.1008886+00:00 ContainerStatus: State: Stopping, Action: StoppingSite, LastError: VNETFailure, LastErrorTimestamp: 08/30/2026 07:36:34, LastErrorDetails: There was an issue setting up VNet., Details: , DetailsLevel: ERR
2026-08-30T07:36:34.1012595+00:00 ContainerStatus: State: Stopping, Action: StoppingSiteContainers, LastError: VNETFailure, LastErrorTimestamp: 08/30/2026 07:36:34, LastErrorDetails: There was an issue setting up VNet., Details: , DetailsLevel: ERR
2026-08-30T07:36:34.1012751+00:00 ContainerStatus: Site: app-devopsapp-task5 stopped.
========== New Cold Start Attempt (2026-08-30T09:35:50.1720698+00:00) ==========
2026-08-30T09:35:50.1720698+00:00 ContainerStatus: State: Stopping, Action: StoppingSite, LastError: VNETFailure, LastErrorTimestamp: 08/30/2026 07:36:34, LastErrorDetails: There was an issue setting up VNet., Details: Site started at 08/30/2026 07:42:07 (UTC), DetailsLevel: INFO
2026-08-30T09:35:50.1786599+00:00 ContainerStatus: State: Stopping, Action: StoppingSiteContainers, LastError: VNETFailure, LastErrorTimestamp: 08/30/2026 07:36:34, LastErrorDetails: There was an issue setting up VNet., Details: Site started at 08/30/2026 07:42:07 (UTC), DetailsLevel: INFO
2026-08-30T09:35:50.1792023+00:00 ContainerStatus: Container is terminating. Grace period: 5 seconds.
2026-08-30T09:35:50.1918564+00:00 ContainerStatus: Stop and delete container. Retry count = 0
2026-08-30T09:35:50.1923628+00:00 ContainerStatus: Stopping container: 60cdf73d4fa0_app-devopsapp-task5.
2026-08-30T09:35:55.3008731+00:00 ContainerStatus: Deleting container: 60cdf73d4fa0_app-devopsapp-task5. Retry count = 0
2026-08-30T09:35:55.4987682+00:00 ContainerStatus: Container spec TerminationMessagePolicy  path 
2026-08-30T09:35:55.4992823+00:00 ContainerStatus: Container is terminated. Total time elapsed: 5319 ms.
2026-08-30T09:35:55.8008862+00:00 ContainerStatus: Site: app-devopsapp-task5 stopped.
2026-08-30T09:41:53.6551725+00:00 ContainerStatus: State: Starting, Action: EstablishingSiteNetworks, LastError: , LastErrorTimestamp: 01/01/0001 00:00:00, LastErrorDetails: , Details: , DetailsLevel: INFO
2026-08-30T09:42:04.3274775+00:00 ContainerStatus: State: Starting, Action: EstablishingSiteNetworks, LastError: VNETFailure, LastErrorTimestamp: 08/30/2026 09:42:04, LastErrorDetails: There was an issue setting up VNet., Details: , DetailsLevel: ERR
2026-08-30T09:42:04.3370504+00:00 ContainerStatus: Failed to start site. Revert by stopping site.
2026-08-30T09:42:04.3373317+00:00 ContainerStatus: State: Stopping, Action: StoppingSite, LastError: VNETFailure, LastErrorTimestamp: 08/30/2026 09:42:04, LastErrorDetails: There was an issue setting up VNet., Details: , DetailsLevel: ERR
2026-08-30T09:42:04.3380408+00:00 ContainerStatus: State: Stopping, Action: StoppingSiteContainers, LastError: VNETFailure, LastErrorTimestamp: 08/30/2026 09:42:04, LastErrorDetails: There was an issue setting up VNet., Details: , DetailsLevel: ERR
2026-08-30T09:42:04.3380573+00:00 ContainerStatus: Site: app-devopsapp-task5 stopped.
========== New Cold Start Attempt (2026-08-30T09:48:52.8081239+00:00) ==========
2026-08-30T09:48:52.8081239+00:00 ContainerStatus: State: Stopping, Action: StoppingSite, LastError: VNETFailure, LastErrorTimestamp: 08/30/2026 09:42:04, LastErrorDetails: There was an issue setting up VNet., Details: Site started at 08/30/2026 09:47:39 (UTC), DetailsLevel: INFO
2026-08-30T09:48:52.8092600+00:00 ContainerStatus: State: Stopping, Action: StoppingSiteContainers, LastError: VNETFailure, LastErrorTimestamp: 08/30/2026 09:42:04, LastErrorDetails: There was an issue setting up VNet., Details: Site started at 08/30/2026 09:47:39 (UTC), DetailsLevel: INFO
2026-08-30T09:48:52.8097274+00:00 ContainerStatus: Container is terminating. Grace period: 5 seconds.
2026-08-30T09:48:52.8480163+00:00 ContainerStatus: Stop and delete container. Retry count = 0
2026-08-30T09:48:52.8482745+00:00 ContainerStatus: Stopping container: ddebe2928b80_app-devopsapp-task5.
2026-08-30T09:48:57.9788995+00:00 ContainerStatus: Deleting container: ddebe2928b80_app-devopsapp-task5. Retry count = 0
2026-08-30T09:48:58.1761171+00:00 ContainerStatus: Container spec TerminationMessagePolicy  path 
2026-08-30T09:48:58.1852457+00:00 ContainerStatus: Container is terminated. Total time elapsed: 5371 ms.
2026-08-30T09:48:58.6278934+00:00 ContainerStatus: Site: app-devopsapp-task5 stopped.
2026-08-30T10:04:25.5619099+00:00 ContainerStatus: State: Starting, Action: EstablishingSiteNetworks, LastError: , LastErrorTimestamp: 01/01/0001 00:00:00, LastErrorDetails: , Details: , DetailsLevel: INFO
2026-08-30T10:04:36.4011921+00:00 ContainerStatus: State: Starting, Action: EstablishingSiteNetworks, LastError: VNETFailure, LastErrorTimestamp: 08/30/2026 10:04:36, LastErrorDetails: There was an issue setting up VNet., Details: , DetailsLevel: ERR
2026-08-30T10:04:36.4111640+00:00 ContainerStatus: Failed to start site. Revert by stopping site.
2026-08-30T10:04:36.4123997+00:00 ContainerStatus: State: Stopping, Action: StoppingSite, LastError: VNETFailure, LastErrorTimestamp: 08/30/2026 10:04:36, LastErrorDetails: There was an issue setting up VNet., Details: , DetailsLevel: ERR
2026-08-30T10:04:36.4205957+00:00 ContainerStatus: State: Stopping, Action: StoppingSiteContainers, LastError: VNETFailure, LastErrorTimestamp: 08/30/2026 10:04:36, LastErrorDetails: There was an issue setting up VNet., Details: , DetailsLevel: ERR
2026-08-30T10:04:36.4206105+00:00 ContainerStatus: Site: app-devopsapp-task5 stopped.
========== New Cold Start Attempt (2026-08-30T10:04:56.9267050+00:00) ==========
2026-08-30T10:04:56.9267050+00:00 ContainerStatus: State: Stopping, Action: StoppingSiteContainers, LastError: VNETFailure, LastErrorTimestamp: 08/30/2026 09:42:04, LastErrorDetails: There was an issue setting up VNet., Details: Site started at 08/30/2026 09:48:32 (UTC), DetailsLevel: INFO
2026-08-30T10:04:56.9267475+00:00 ContainerStatus: Container is terminating. Grace period: 5 seconds.
2026-08-30T10:04:56.9510580+00:00 ContainerStatus: Stop and delete container. Retry count = 0
2026-08-30T10:04:56.9510940+00:00 ContainerStatus: Stopping container: 7a1978865fbc_app-devopsapp-task5.
2026-08-30T10:05:02.2419109+00:00 ContainerStatus: Deleting container: 7a1978865fbc_app-devopsapp-task5. Retry count = 0
2026-08-30T10:05:02.5901955+00:00 ContainerStatus: Container spec TerminationMessagePolicy  path 
2026-08-30T10:05:02.5904706+00:00 ContainerStatus: Container is terminated. Total time elapsed: 5663 ms.
2026-08-30T10:05:02.9540842+00:00 ContainerStatus: Site: app-devopsapp-task5 stopped.
2026-08-30T10:04:36.4402889+00:00 ContainerStatus: State: Stopping, Action: UnmountingVolumes, LastError: VNETFailure, LastErrorTimestamp: 08/30/2026 10:04:36, LastErrorDetails: There was an issue setting up VNet., Details: , DetailsLevel: ERR
2026-08-30T10:04:36.5916613+00:00 ContainerStatus: State: Stopping, Action: StoppingSiteNetworks, LastError: VNETFailure, LastErrorTimestamp: 08/30/2026 10:04:36, LastErrorDetails: There was an issue setting up VNet., Details: , DetailsLevel: ERR
2026-08-30T10:04:36.7129552+00:00 ContainerStatus: State: Stopped, Action: None, LastError: VNETFailure, LastErrorTimestamp: 08/30/2026 10:04:36, LastErrorDetails: There was an issue setting up VNet., Details: Site stopped at 08/30/2026 10:04:36 (UTC), DetailsLevel: ERR
2026-08-30T10:07:28.5288918+00:00 ContainerStatus: State: Starting, Action: EstablishingSiteNetworks, LastError: VNETFailure, LastErrorTimestamp: 08/30/2026 10:04:36, LastErrorDetails: There was an issue setting up VNet., Details: Site stopped at 08/30/2026 10:04:36 (UTC), DetailsLevel: ERR
2026-08-30T10:07:32.7326636+00:00 ContainerStatus: State: Starting, Action: EstablishingSiteNetworks, LastError: VNETFailure, LastErrorTimestamp: 08/30/2026 10:07:32, LastErrorDetails: There was an issue setting up VNet., Details: Site stopped at 08/30/2026 10:04:36 (UTC), DetailsLevel: ERR
2026-08-30T10:07:32.7334215+00:00 ContainerStatus: Failed to start site. Revert by stopping site.
2026-08-30T10:07:32.7416941+00:00 ContainerStatus: State: Stopping, Action: StoppingSite, LastError: VNETFailure, LastErrorTimestamp: 08/30/2026 10:07:32, LastErrorDetails: There was an issue setting up VNet., Details: Site stopped at 08/30/2026 10:04:36 (UTC), DetailsLevel: ERR
2026-08-30T10:07:32.7419193+00:00 ContainerStatus: State: Stopping, Action: StoppingSiteContainers, LastError: VNETFailure, LastErrorTimestamp: 08/30/2026 10:07:32, LastErrorDetails: There was an issue setting up VNet., Details: Site stopped at 08/30/2026 10:04:36 (UTC), DetailsLevel: ERR
2026-08-30T10:07:32.7419330+00:00 ContainerStatus: Site: app-devopsapp-task5 stopped.
========== New Cold Start Attempt (2026-08-30T10:35:38.0247835+00:00) ==========
2026-08-30T10:35:38.0247835+00:00 ContainerStatus: State: Starting, Action: EstablishingSiteNetworks, LastError: , LastErrorTimestamp: 01/01/0001 00:00:00, LastErrorDetails: , Details: , DetailsLevel: INFO
2026-08-30T10:35:48.7104163+00:00 ContainerStatus: State: Starting, Action: EstablishingSiteNetworks, LastError: VNETFailure, LastErrorTimestamp: 08/30/2026 10:35:48, LastErrorDetails: There was an issue setting up VNet., Details: , DetailsLevel: ERR
2026-08-30T10:35:48.7128017+00:00 ContainerStatus: Failed to start site. Revert by stopping site.
2026-08-30T10:35:48.7301081+00:00 ContainerStatus: State: Stopping, Action: StoppingSite, LastError: VNETFailure, LastErrorTimestamp: 08/30/2026 10:35:48, LastErrorDetails: There was an issue setting up VNet., Details: , DetailsLevel: ERR
2026-08-30T10:35:48.7305997+00:00 ContainerStatus: State: Stopping, Action: StoppingSiteContainers, LastError: VNETFailure, LastErrorTimestamp: 08/30/2026 10:35:48, LastErrorDetails: There was an issue setting up VNet., Details: , DetailsLevel: ERR
2026-08-30T10:35:48.7308247+00:00 ContainerStatus: Site: app-devopsapp-task5 stopped.
========== New Cold Start Attempt (2026-08-30T11:38:24.5293706+00:00) ==========
2026-08-30T11:38:24.5293706+00:00 ContainerStatus: State: Starting, Action: EstablishingSiteNetworks, LastError: , LastErrorTimestamp: 01/01/0001 00:00:00, LastErrorDetails: , Details: , DetailsLevel: INFO
2026-08-30T11:38:26.5701080+00:00 ContainerStatus: Update mount on running container.
2026-08-30T11:38:27.7106744+00:00 ContainerStatus: State: Starting, Action: StartingMsiContainer, LastError: , LastErrorTimestamp: 01/01/0001 00:00:00, LastErrorDetails: , Details: , DetailsLevel: INFO
2026-08-30T11:38:27.9713340+00:00 ContainerStatus: Container failed to remount volume. Terminate.
2026-08-30T11:38:27.9794972+00:00 ContainerStatus: Container is terminating. Grace period: 5 seconds.
2026-08-30T11:38:28.0198562+00:00 ContainerStatus: Stop and delete container. Retry count = 0
2026-08-30T11:38:28.0202318+00:00 ContainerStatus: Stopping container: 481e23922844_app-devopsapp-task5.
2026-08-30T11:38:34.2327607+00:00 ContainerStatus: Deleting container: 481e23922844_app-devopsapp-task5. Retry count = 0
2026-08-30T11:38:34.8333071+00:00 ContainerStatus: Container spec TerminationMessagePolicy  path 
2026-08-30T11:38:34.8735944+00:00 ContainerStatus: Container is terminated. Total time elapsed: 6884 ms.
2026-08-30T11:38:34.9041659+00:00 ContainerStatus: Site container: app-devopsapp-task5 terminated. Stopping the entire site.
2026-08-30T11:38:34.9051447+00:00 ContainerStatus: State: Stopping, Action: StoppingSite, LastError: VNETFailure, LastErrorTimestamp: 08/30/2026 10:35:48, LastErrorDetails: There was an issue setting up VNet., Details: Site started at 08/30/2026 10:41:22 (UTC), DetailsLevel: INFO
2026-08-30T11:38:34.9333871+00:00 ContainerStatus: State: Stopping, Action: StoppingSiteContainers, LastError: VNETFailure, LastErrorTimestamp: 08/30/2026 10:35:48, LastErrorDetails: There was an issue setting up VNet., Details: Site started at 08/30/2026 10:41:22 (UTC), DetailsLevel: INFO
2026-08-30T11:38:35.5234403+00:00 ContainerStatus: Site: app-devopsapp-task5 stopped.
2026-08-30T11:38:41.0050027+00:00 ContainerStatus: State: Starting, Action: StartingSiteContainers, LastError: , LastErrorTimestamp: 01/01/0001 00:00:00, LastErrorDetails: , Details: , DetailsLevel: INFO
2026-08-30T11:38:41.0050735+00:00 ContainerStatus: Container start method called.
2026-08-30T11:38:41.0050959+00:00 ContainerStatus: State: Starting, Action: PullingImage, LastError: , LastErrorTimestamp: 01/01/0001 00:00:00, LastErrorDetails: , Details: Pulling image 10.1.0.6:13209/appsvc/node:20-lts_20260710.8.tuxprod for app-devopsapp-task5., DetailsLevel: INFO
2026-08-30T11:38:41.0051229+00:00 ContainerStatus: Establishing network.
2026-08-30T11:38:41.0051530+00:00 ContainerStatus: Pulling image: appsvc/node:20-lts_20260710.8.tuxprod.
2026-08-30T11:38:41.2068514+00:00 ContainerStatus: Container is starting.
2026-08-30T11:38:41.2068894+00:00 ContainerStatus: State: Starting, Action: MountingVolumes, LastError: , LastErrorTimestamp: 01/01/0001 00:00:00, LastErrorDetails: , Details: Mounting volumes for app-devopsapp-task5., DetailsLevel: INFO
2026-08-30T11:38:41.2069178+00:00 ContainerStatus: Establishing user namespace if not established already.
2026-08-30T11:38:41.2069430+00:00 ContainerStatus: Establishing network if not established already.
2026-08-30T11:38:41.2069855+00:00 ContainerStatus: Mounting volumes.
2026-08-30T11:38:41.2070450+00:00 ContainerStatus: Nested mountpoint site/wwwroot
2026-08-30T11:38:41.2270124+00:00 ContainerStatus: Nested mountpoint volatile/logs
2026-08-30T11:38:41.2567437+00:00 ContainerStatus: Nested mountpoint 
2026-08-30T11:38:41.2880182+00:00 ContainerStatus: Nested mountpoint 
2026-08-30T11:38:41.3391275+00:00 ContainerStatus: Nested mountpoint 
2026-08-30T11:38:41.3675729+00:00 ContainerStatus: Nested mountpoint 
2026-08-30T11:38:41.3683038+00:00 ContainerStatus: Nested mountpoint 
2026-08-30T11:38:41.7891317+00:00 ContainerStatus: State: Starting, Action: CreatingContainer, LastError: , LastErrorTimestamp: 01/01/0001 00:00:00, LastErrorDetails: , Details: Finished pulling container image and mounting volumes for app-devopsapp-task5. Allocatinng the rest of the container resources to finish container creation., DetailsLevel: INFO
2026-08-30T11:38:41.7892064+00:00 ContainerStatus: Creating container.
2026-08-30T11:38:41.7894279+00:00 ContainerStatus: Creating pipes for streaming container io.
2026-08-30T11:38:41.7979225+00:00 ContainerStatus: Creating stdout named pipe at /podr/container/pipe/4d7542da9223_app-devopsapp-task5/stdout_75f38e5fd3e24f6282f9914bf0d22860.
2026-08-30T11:38:41.7982266+00:00 ContainerStatus: Successfully created stdout named pipe at: /podr/container/pipe/4d7542da9223_app-devopsapp-task5/stdout_75f38e5fd3e24f6282f9914bf0d22860.
2026-08-30T11:38:41.7984459+00:00 ContainerStatus: Opening named pipe /podr/container/pipe/4d7542da9223_app-devopsapp-task5/stdout_75f38e5fd3e24f6282f9914bf0d22860 for reading in non-blocking mode.
2026-08-30T11:38:41.7988139+00:00 ContainerStatus: Successfully opened named pipe: /podr/container/pipe/4d7542da9223_app-devopsapp-task5/stdout_75f38e5fd3e24f6282f9914bf0d22860.
2026-08-30T11:38:41.7990969+00:00 ContainerStatus: Successfully removed non-blocking flag from /podr/container/pipe/4d7542da9223_app-devopsapp-task5/stdout_75f38e5fd3e24f6282f9914bf0d22860.
2026-08-30T11:38:41.8066035+00:00 ContainerStatus: Creating stderr named pipe at /podr/container/pipe/4d7542da9223_app-devopsapp-task5/stderr_4c7e5c3bb1034fafacb562d291ab4b44.
2026-08-30T11:38:41.8068801+00:00 ContainerStatus: Successfully created stderr named pipe at: /podr/container/pipe/4d7542da9223_app-devopsapp-task5/stderr_4c7e5c3bb1034fafacb562d291ab4b44.
2026-08-30T11:38:41.8071083+00:00 ContainerStatus: Opening named pipe /podr/container/pipe/4d7542da9223_app-devopsapp-task5/stderr_4c7e5c3bb1034fafacb562d291ab4b44 for reading in non-blocking mode.
2026-08-30T11:38:41.8076712+00:00 ContainerStatus: Successfully opened named pipe: /podr/container/pipe/4d7542da9223_app-devopsapp-task5/stderr_4c7e5c3bb1034fafacb562d291ab4b44.
2026-08-30T11:38:41.8079726+00:00 ContainerStatus: Successfully removed non-blocking flag from /podr/container/pipe/4d7542da9223_app-devopsapp-task5/stderr_4c7e5c3bb1034fafacb562d291ab4b44.
2026-08-30T11:38:41.8083888+00:00 ContainerStatus: Overriding PORT environment variable with pre-calculated port: 8080.
2026-08-30T11:38:41.8084956+00:00 ContainerStatus: Setting value of PORT variable to 8080
2026-08-30T11:38:41.8085605+00:00 ContainerStatus: Creating container with image: appsvc/node:20-lts_20260710.8.tuxprod from registry: 10.1.0.6:13209 and fully qualified image name: 10.1.0.6:13209/appsvc/node:20-lts_20260710.8.tuxprod
2026-08-30T11:38:42.0563896+00:00 ContainerStatus: Starting container: 4d7542da9223_app-devopsapp-task5.
2026-08-30T11:38:42.1071838+00:00 ContainerStatus: Starting watchers and probes.
2026-08-30T11:38:42.1073428+00:00 ContainerStatus: Starting metrics collection.
2026-08-30T11:38:42.1075507+00:00 ContainerStatus: Container is running.
2026-08-30T11:38:42.1078178+00:00 ContainerStatus: State: Starting, Action: CreatingContainer, LastError: , LastErrorTimestamp: 01/01/0001 00:00:00, LastErrorDetails: , Details: Container app-devopsapp-task5 successfully created and is running., DetailsLevel: INFO
2026-08-30T11:38:42.1281943+00:00 ContainerStatus: Container start method finished after 1123 ms.
2026-08-30T11:38:42.1282954+00:00 ContainerStatus: State: Starting, Action: InitiatingSiteWarmUpProbe, LastError: , LastErrorTimestamp: 01/01/0001 00:00:00, LastErrorDetails: , Details: Container app-devopsapp-task5 successfully created and is running., DetailsLevel: INFO
2026-08-30T11:38:42.1286511+00:00 ContainerStatus: State: Starting, Action: WaitingForSiteWarmUpProbeSuccess, LastError: , LastErrorTimestamp: 01/01/0001 00:00:00, LastErrorDetails: , Details: Pinging warmup path to ensure container is ready to receive requests., DetailsLevel: INFO
2026-08-30T11:38:42.3585638+00:00 ContainerStream:    _____                               
2026-08-30T11:38:42.3586393+00:00 ContainerStream:   /  _  \ __________ _________   ____  
2026-08-30T11:38:42.3586419+00:00 ContainerStream:  /  /_\  \\___   /  |  \_  __ \_/ __ \ 
2026-08-30T11:38:42.3586433+00:00 ContainerStream: /    |    \/    /|  |  /|  | \/\  ___/ 
2026-08-30T11:38:42.3586479+00:00 ContainerStream: \____|__  /_____ \____/ |__|    \___  >
2026-08-30T11:38:42.3586498+00:00 ContainerStream:         \/      \/                  \/ 
2026-08-30T11:38:42.3586512+00:00 ContainerStream: A P P   S E R V I C E   O N   L I N U X
2026-08-30T11:38:42.3586527+00:00 ContainerStream: 
2026-08-30T11:38:42.3586546+00:00 ContainerStream: Documentation    : http://aka.ms/webapp-linux
2026-08-30T11:38:42.3586564+00:00 ContainerStream: NodeJS quickstart: https://aka.ms/node-qs
2026-08-30T11:38:42.3586578+00:00 ContainerStream: NodeJS Version   : v20.20.2
2026-08-30T11:38:42.3586604+00:00 ContainerStream: Instance Name    : lw0sdlwk0000PM
2026-08-30T11:38:42.3586623+00:00 ContainerStream: Instance Id      : a9cebb550e254ba9270d015acd372767c78fa4f3f79fc353fb793f2912e673b3
2026-08-30T11:38:42.3586636+00:00 ContainerStream: 
2026-08-30T11:38:42.3586651+00:00 ContainerStream: Note: Any data outside '/home' is not persisted
2026-08-30T11:38:45.4998714+00:00 ContainerStream: Starting OpenBSD Secure Shell server: sshd.
2026-08-30T11:38:45.5108289+00:00 ContainerStream: WEBSITES_INCLUDE_CLOUD_CERTS is not set to true.
2026-08-30T11:38:45.6098893+00:00 ContainerStream: Updating certificates in /etc/ssl/certs...
2026-08-30T11:38:57.3265312+00:00 ContainerStream: rehash: warning: skipping duplicate certificate in azl_SSL.com_TLS_ECC_Root_CA_2022.pem
2026-08-30T11:38:57.3273611+00:00 ContainerStream: rehash: warning: skipping duplicate certificate in azl_SSL.com_TLS_RSA_Root_CA_2022.pem
2026-08-30T11:38:57.4969394+00:00 ContainerStream: rehash: warning: skipping ca-certificates.crt,it does not contain exactly one certificate or CRL
2026-08-30T11:38:57.5277277+00:00 ContainerStream: 4 added, 0 removed; done.
2026-08-30T11:38:57.5353945+00:00 ContainerStream: Running hooks in /etc/ca-certificates/update.d...
2026-08-30T11:38:57.5375487+00:00 ContainerStream: done.
2026-08-30T11:38:57.5574844+00:00 ContainerStream: CA certificates copied and updated successfully.
2026-08-30T11:38:57.8558039+00:00 ContainerStream: Starting periodic command scheduler: cron.
2026-08-30T11:38:58.0768068+00:00 ContainerStream: Could not find build manifest file at '/home/site/wwwroot/oryx-manifest.toml'
2026-08-30T11:38:58.0774176+00:00 ContainerStream: Could not find operation ID in manifest. Generating an operation id...
2026-08-30T11:38:58.0871723+00:00 ContainerStream: Build Operation ID: 4e9ffa56-dea9-4588-8b2b-12cc5a390811
2026-08-30T11:38:58.8869373+00:00 ContainerStream: Environment Variables for Application Insight's IPA Codeless Configuration exists..
2026-08-30T11:38:59.0454073+00:00 ContainerStream: Writing output script to '/opt/startup/startup.sh'
2026-08-30T11:38:59.2256034+00:00 ContainerStream: Running #!/bin/sh
2026-08-30T11:38:59.2256325+00:00 ContainerStream: 
2026-08-30T11:38:59.2256394+00:00 ContainerStream: # Enter the source directory to make sure the script runs where the user expects
2026-08-30T11:38:59.2256415+00:00 ContainerStream: cd "/home/site/wwwroot"
2026-08-30T11:38:59.2256429+00:00 ContainerStream: 
2026-08-30T11:38:59.2256445+00:00 ContainerStream: export NODE_PATH=/usr/local/lib/node_modules:$NODE_PATH
2026-08-30T11:38:59.2256461+00:00 ContainerStream: if [ -z "$PORT" ]; then
2026-08-30T11:38:59.2256474+00:00 ContainerStream: 		export PORT=8080
2026-08-30T11:38:59.2256537+00:00 ContainerStream: fi
2026-08-30T11:38:59.2256551+00:00 ContainerStream: 
2026-08-30T11:38:59.2264083+00:00 ContainerStream: npm start
2026-08-30T11:39:01.1074332+00:00 ContainerStream: npm info using npm@10.9.2
2026-08-30T11:39:01.1079785+00:00 ContainerStream: npm info using node@v20.20.2
2026-08-30T11:39:02.5396870+00:00 ContainerStream: 
2026-08-30T11:39:02.5397216+00:00 ContainerStream: > task5-app@1.0.0 start
2026-08-30T11:39:02.5397239+00:00 ContainerStream: > node server.js
2026-08-30T11:39:02.5397253+00:00 ContainerStream: 
2026-08-30T11:39:02.7373079+00:00 ContainerStream: node:internal/modules/cjs/loader:1210
2026-08-30T11:39:02.7373388+00:00 ContainerStream:   throw err;
2026-08-30T11:39:02.7373411+00:00 ContainerStream:   ^
2026-08-30T11:39:02.7373426+00:00 ContainerStream: 
2026-08-30T11:39:02.7373444+00:00 ContainerStream: Error: Cannot find module 'express'
2026-08-30T11:39:02.7373459+00:00 ContainerStream: Require stack:
2026-08-30T11:39:02.7373473+00:00 ContainerStream: - /home/site/wwwroot/server.js
2026-08-30T11:39:02.7373489+00:00 ContainerStream:     at Module._resolveFilename (node:internal/modules/cjs/loader:1207:15)
2026-08-30T11:39:02.7373507+00:00 ContainerStream:     at Module._load (node:internal/modules/cjs/loader:1038:27)
2026-08-30T11:39:02.7373538+00:00 ContainerStream:     at Module.require (node:internal/modules/cjs/loader:1289:19)
2026-08-30T11:39:02.7373554+00:00 ContainerStream:     at require (node:internal/modules/helpers:182:18)
2026-08-30T11:39:02.7373570+00:00 ContainerStream:     at Object.<anonymous> (/home/site/wwwroot/server.js:1:17)
2026-08-30T11:39:02.7373586+00:00 ContainerStream:     at Module._compile (node:internal/modules/cjs/loader:1521:14)
2026-08-30T11:39:02.7373601+00:00 ContainerStream:     at Module._extensions..js (node:internal/modules/cjs/loader:1623:10)
2026-08-30T11:39:02.7373615+00:00 ContainerStream:     at Module.load (node:internal/modules/cjs/loader:1266:32)
2026-08-30T11:39:02.7373632+00:00 ContainerStream:     at Module._load (node:internal/modules/cjs/loader:1091:12)
2026-08-30T11:39:02.7373660+00:00 ContainerStream:     at Function.executeUserEntryPoint [as runMain] (node:internal/modules/run_main:164:12) {
2026-08-30T11:39:02.7373689+00:00 ContainerStream:   code: 'MODULE_NOT_FOUND',
2026-08-30T11:39:02.7373705+00:00 ContainerStream:   requireStack: [ '/home/site/wwwroot/server.js' ]
2026-08-30T11:39:02.7373717+00:00 ContainerStream: }
2026-08-30T11:39:02.7380993+00:00 ContainerStream: 
2026-08-30T11:39:02.7381080+00:00 ContainerStream: Node.js v20.20.2
2026-08-30T11:39:02.8383101+00:00 ContainerStatus: Container has finished running with exit code: 1.
2026-08-30T11:39:02.8389374+00:00 ContainerStatus: Container is terminating. Grace period: 5 seconds.
2026-08-30T11:39:02.8400687+00:00 ContainerStatus: Stop and delete container. Retry count = 0
2026-08-30T11:39:02.8403861+00:00 ContainerStatus: Stopping container: 4d7542da9223_app-devopsapp-task5.
2026-08-30T11:39:02.8898279+00:00 ContainerStatus: Deleting container: 4d7542da9223_app-devopsapp-task5. Retry count = 0
2026-08-30T11:39:03.0305658+00:00 ContainerStatus: Container spec TerminationMessagePolicy  path 
2026-08-30T11:39:03.0383432+00:00 ContainerStatus: Container is terminated. Total time elapsed: 191 ms.
2026-08-30T11:39:03.0388052+00:00 ContainerStatus: Site container: app-devopsapp-task5 terminated during site startup.
2026-08-30T11:39:03.0934241+00:00 ContainerStatus: State: Stopping, Action: CancellingStartup, LastError: , LastErrorTimestamp: 01/01/0001 00:00:00, LastErrorDetails: , Details: Site container: app-devopsapp-task5 terminated during site startup. Cancelling site startup., DetailsLevel: ERR
2026-08-30T11:39:03.1106508+00:00 ContainerStatus: Site startup probe failed after 20.9710412 seconds.
2026-08-30T11:39:03.2882228+00:00 ContainerStatus: State: Stopping, Action: CancellingStartup, LastError: ContainerStartupFailure, LastErrorTimestamp: 08/30/2026 11:39:03, LastErrorDetails: Container exited with exit code 1 during startup after 20.9s. Please inspect your container logs for more details., Details: Site container: app-devopsapp-task5 terminated during site startup. Cancelling site startup., DetailsLevel: ERR
2026-08-30T11:39:03.2899418+00:00 ContainerStatus: Failed to start site. Revert by stopping site.
2026-08-30T11:39:03.2902354+00:00 ContainerStatus: State: Stopping, Action: StoppingSite, LastError: ContainerStartupFailure, LastErrorTimestamp: 08/30/2026 11:39:03, LastErrorDetails: Container exited with exit code 1 during startup after 20.9s. Please inspect your container logs for more details., Details: Site container: app-devopsapp-task5 terminated during site startup. Cancelling site startup., DetailsLevel: ERR
2026-08-30T11:39:03.2907785+00:00 ContainerStatus: State: Stopping, Action: StoppingSiteContainers, LastError: ContainerStartupFailure, LastErrorTimestamp: 08/30/2026 11:39:03, LastErrorDetails: Container exited with exit code 1 during startup after 20.9s. Please inspect your container logs for more details., Details: Site container: app-devopsapp-task5 terminated during site startup. Cancelling site startup., DetailsLevel: ERR
2026-08-30T11:39:03.5383070+00:00 ContainerStatus: Site container: app-devopsapp-task5_managedIdentity terminated during site startup.
2026-08-30T11:39:03.5387486+00:00 ContainerStatus: State: Stopping, Action: StoppingSiteContainers, LastError: ContainerStartupFailure, LastErrorTimestamp: 08/30/2026 11:39:03, LastErrorDetails: Container exited with exit code 1 during startup after 20.9s. Please inspect your container logs for more details., Details: Site container: app-devopsapp-task5 terminated during site startup. Cancelling site startup., DetailsLevel: ERR
2026-08-30T11:39:03.5388455+00:00 ContainerStatus: Site: app-devopsapp-task5 stopped.
========== New Cold Start Attempt (2026-08-30T11:39:03.5485989+00:00) ==========
2026-08-30T11:39:03.5485989+00:00 ContainerStatus: State: Stopping, Action: UnmountingVolumes, LastError: ContainerStartupFailure, LastErrorTimestamp: 08/30/2026 11:39:03, LastErrorDetails: Container exited with exit code 1 during startup after 20.9s. Please inspect your container logs for more details., Details: Site container: app-devopsapp-task5 terminated during site startup. Cancelling site startup., DetailsLevel: ERR
2026-08-30T11:39:03.8310137+00:00 ContainerStatus: State: Stopping, Action: StoppingSiteNetworks, LastError: ContainerStartupFailure, LastErrorTimestamp: 08/30/2026 11:39:03, LastErrorDetails: Container exited with exit code 1 during startup after 20.9s. Please inspect your container logs for more details., Details: Site container: app-devopsapp-task5 terminated during site startup. Cancelling site startup., DetailsLevel: ERR
2026-08-30T11:39:04.1913072+00:00 ContainerStatus: State: Stopped, Action: None, LastError: ContainerStartupFailure, LastErrorTimestamp: 08/30/2026 11:39:03, LastErrorDetails: Container exited with exit code 1 during startup after 20.9s. Please inspect your container logs for more details., Details: Site stopped at 08/30/2026 11:39:04 (UTC), DetailsLevel: ERR
2026-08-30T11:39:04.5022532+00:00 ContainerStatus: State: Stopped, Action: None, LastError: ContainerStartupFailure, LastErrorTimestamp: 08/30/2026 11:39:03, LastErrorDetails: Container exited with exit code 1 during startup after 20.9s. Please inspect your container logs for more details., Details: Site stopped at 08/30/2026 11:39:04 (UTC), DetailsLevel: ERR
2026-08-30T11:40:53.2342361+00:00 ContainerStatus: State: Starting, Action: EstablishingSiteNetworks, LastError: ContainerStartupFailure, LastErrorTimestamp: 08/30/2026 11:39:03, LastErrorDetails: Container exited with exit code 1 during startup after 20.9s. Please inspect your container logs for more details., Details: Site stopped at 08/30/2026 11:39:04 (UTC), DetailsLevel: ERR
2026-08-30T11:40:55.1168366+00:00 ContainerStatus: State: Starting, Action: StartingMsiContainer, LastError: ContainerStartupFailure, LastErrorTimestamp: 08/30/2026 11:39:03, LastErrorDetails: Container exited with exit code 1 during startup after 20.9s. Please inspect your container logs for more details., Details: Site stopped at 08/30/2026 11:39:04 (UTC), DetailsLevel: ERR
2026-08-30T11:41:04.3556236+00:00 ContainerStatus: State: Starting, Action: StartingSiteContainers, LastError: ContainerStartupFailure, LastErrorTimestamp: 08/30/2026 11:39:03, LastErrorDetails: Container exited with exit code 1 during startup after 20.9s. Please inspect your container logs for more details., Details: Site stopped at 08/30/2026 11:39:04 (UTC), DetailsLevel: ERR
2026-08-30T11:41:04.3556683+00:00 ContainerStatus: Container start method called.
2026-08-30T11:41:04.3556873+00:00 ContainerStatus: State: Starting, Action: PullingImage, LastError: ContainerStartupFailure, LastErrorTimestamp: 08/30/2026 11:39:03, LastErrorDetails: Container exited with exit code 1 during startup after 20.9s. Please inspect your container logs for more details., Details: Pulling image 10.1.0.6:13209/appsvc/node:20-lts_20260710.8.tuxprod for app-devopsapp-task5., DetailsLevel: INFO
2026-08-30T11:41:04.3557107+00:00 ContainerStatus: Establishing network.
2026-08-30T11:41:04.3557438+00:00 ContainerStatus: Pulling image: appsvc/node:20-lts_20260710.8.tuxprod.
2026-08-30T11:41:04.5384441+00:00 ContainerStatus: Container is starting.
2026-08-30T11:41:04.5385030+00:00 ContainerStatus: State: Starting, Action: MountingVolumes, LastError: ContainerStartupFailure, LastErrorTimestamp: 08/30/2026 11:39:03, LastErrorDetails: Container exited with exit code 1 during startup after 20.9s. Please inspect your container logs for more details., Details: Mounting volumes for app-devopsapp-task5., DetailsLevel: INFO
2026-08-30T11:41:04.5385481+00:00 ContainerStatus: Establishing user namespace if not established already.
2026-08-30T11:41:04.5385890+00:00 ContainerStatus: Establishing network if not established already.
2026-08-30T11:41:04.5386373+00:00 ContainerStatus: Mounting volumes.
2026-08-30T11:41:04.5387093+00:00 ContainerStatus: Nested mountpoint site/wwwroot
2026-08-30T11:41:04.5480291+00:00 ContainerStatus: Nested mountpoint volatile/logs
2026-08-30T11:41:04.5798159+00:00 ContainerStatus: Nested mountpoint 
2026-08-30T11:41:04.5874953+00:00 ContainerStatus: Nested mountpoint 
2026-08-30T11:41:04.5983303+00:00 ContainerStatus: Nested mountpoint 
2026-08-30T11:41:04.6481007+00:00 ContainerStatus: Nested mountpoint 
2026-08-30T11:41:04.6983378+00:00 ContainerStatus: Nested mountpoint 
2026-08-30T11:41:05.1622178+00:00 ContainerStatus: State: Starting, Action: CreatingContainer, LastError: ContainerStartupFailure, LastErrorTimestamp: 08/30/2026 11:39:03, LastErrorDetails: Container exited with exit code 1 during startup after 20.9s. Please inspect your container logs for more details., Details: Finished pulling container image and mounting volumes for app-devopsapp-task5. Allocatinng the rest of the container resources to finish container creation., DetailsLevel: INFO
2026-08-30T11:41:05.1625047+00:00 ContainerStatus: Creating container.
2026-08-30T11:41:05.1627461+00:00 ContainerStatus: Creating pipes for streaming container io.
2026-08-30T11:41:05.1628044+00:00 ContainerStatus: Creating stdout named pipe at /podr/container/pipe/c68abda0b6fe_app-devopsapp-task5/stdout_cd0cd6b9e4174ddb8d8a516dda1dafe3.
2026-08-30T11:41:05.1631897+00:00 ContainerStatus: Successfully created stdout named pipe at: /podr/container/pipe/c68abda0b6fe_app-devopsapp-task5/stdout_cd0cd6b9e4174ddb8d8a516dda1dafe3.
2026-08-30T11:41:05.1710505+00:00 ContainerStatus: Opening named pipe /podr/container/pipe/c68abda0b6fe_app-devopsapp-task5/stdout_cd0cd6b9e4174ddb8d8a516dda1dafe3 for reading in non-blocking mode.
2026-08-30T11:41:05.1711287+00:00 ContainerStatus: Successfully opened named pipe: /podr/container/pipe/c68abda0b6fe_app-devopsapp-task5/stdout_cd0cd6b9e4174ddb8d8a516dda1dafe3.
2026-08-30T11:41:05.1711925+00:00 ContainerStatus: Successfully removed non-blocking flag from /podr/container/pipe/c68abda0b6fe_app-devopsapp-task5/stdout_cd0cd6b9e4174ddb8d8a516dda1dafe3.
2026-08-30T11:41:05.1725477+00:00 ContainerStatus: Creating stderr named pipe at /podr/container/pipe/c68abda0b6fe_app-devopsapp-task5/stderr_0b5f187266cc428a92ed4ebe25733655.
2026-08-30T11:41:05.1728632+00:00 ContainerStatus: Successfully created stderr named pipe at: /podr/container/pipe/c68abda0b6fe_app-devopsapp-task5/stderr_0b5f187266cc428a92ed4ebe25733655.
2026-08-30T11:41:05.1729185+00:00 ContainerStatus: Opening named pipe /podr/container/pipe/c68abda0b6fe_app-devopsapp-task5/stderr_0b5f187266cc428a92ed4ebe25733655 for reading in non-blocking mode.
2026-08-30T11:41:05.1731229+00:00 ContainerStatus: Successfully opened named pipe: /podr/container/pipe/c68abda0b6fe_app-devopsapp-task5/stderr_0b5f187266cc428a92ed4ebe25733655.
2026-08-30T11:41:05.1733656+00:00 ContainerStatus: Successfully removed non-blocking flag from /podr/container/pipe/c68abda0b6fe_app-devopsapp-task5/stderr_0b5f187266cc428a92ed4ebe25733655.
2026-08-30T11:41:05.1810716+00:00 ContainerStatus: Overriding PORT environment variable with pre-calculated port: 8080.
2026-08-30T11:41:05.1815236+00:00 ContainerStatus: Setting value of PORT variable to 8080
2026-08-30T11:41:05.1818344+00:00 ContainerStatus: Creating container with image: appsvc/node:20-lts_20260710.8.tuxprod from registry: 10.1.0.6:13209 and fully qualified image name: 10.1.0.6:13209/appsvc/node:20-lts_20260710.8.tuxprod
2026-08-30T11:41:05.5228951+00:00 ContainerStatus: Starting container: c68abda0b6fe_app-devopsapp-task5.
2026-08-30T11:41:05.6421105+00:00 ContainerStatus: Starting watchers and probes.
2026-08-30T11:41:05.6422773+00:00 ContainerStatus: Starting metrics collection.
2026-08-30T11:41:05.6423265+00:00 ContainerStatus: Container is running.
2026-08-30T11:41:05.6423743+00:00 ContainerStatus: State: Starting, Action: CreatingContainer, LastError: ContainerStartupFailure, LastErrorTimestamp: 08/30/2026 11:39:03, LastErrorDetails: Container exited with exit code 1 during startup after 20.9s. Please inspect your container logs for more details., Details: Container app-devopsapp-task5 successfully created and is running., DetailsLevel: INFO
2026-08-30T11:41:05.8898024+00:00 ContainerStream:    _____                               
2026-08-30T11:41:05.8898175+00:00 ContainerStream:   /  _  \ __________ _________   ____  
2026-08-30T11:41:05.8898191+00:00 ContainerStream:  /  /_\  \\___   /  |  \_  __ \_/ __ \ 
2026-08-30T11:41:05.8898203+00:00 ContainerStream: /    |    \/    /|  |  /|  | \/\  ___/ 
2026-08-30T11:41:05.8898214+00:00 ContainerStream: \____|__  /_____ \____/ |__|    \___  >
2026-08-30T11:41:05.8898227+00:00 ContainerStream:         \/      \/                  \/ 
2026-08-30T11:41:05.8898238+00:00 ContainerStream: A P P   S E R V I C E   O N   L I N U X
2026-08-30T11:41:05.8898277+00:00 ContainerStream: 
2026-08-30T11:41:05.8898292+00:00 ContainerStream: Documentation    : http://aka.ms/webapp-linux
2026-08-30T11:41:05.8898304+00:00 ContainerStream: NodeJS quickstart: https://aka.ms/node-qs
2026-08-30T11:41:05.8898315+00:00 ContainerStream: NodeJS Version   : v20.20.2
2026-08-30T11:41:05.8898326+00:00 ContainerStream: Instance Name    : lw0sdlwk0000PM
2026-08-30T11:41:05.8898342+00:00 ContainerStream: Instance Id      : a9cebb550e254ba9270d015acd372767c78fa4f3f79fc353fb793f2912e673b3
2026-08-30T11:41:05.8898351+00:00 ContainerStream: 
2026-08-30T11:41:05.8898364+00:00 ContainerStream: Note: Any data outside '/home' is not persisted
2026-08-30T11:41:06.0521374+00:00 ContainerStatus: Container start method finished after 1696 ms.
2026-08-30T11:41:06.0604224+00:00 ContainerStatus: State: Starting, Action: InitiatingSiteWarmUpProbe, LastError: ContainerStartupFailure, LastErrorTimestamp: 08/30/2026 11:39:03, LastErrorDetails: Container exited with exit code 1 during startup after 20.9s. Please inspect your container logs for more details., Details: Container app-devopsapp-task5 successfully created and is running., DetailsLevel: INFO
2026-08-30T11:41:06.0604411+00:00 ContainerStatus: State: Starting, Action: WaitingForSiteWarmUpProbeSuccess, LastError: ContainerStartupFailure, LastErrorTimestamp: 08/30/2026 11:39:03, LastErrorDetails: Container exited with exit code 1 during startup after 20.9s. Please inspect your container logs for more details., Details: Pinging warmup path to ensure container is ready to receive requests., DetailsLevel: INFO
2026-08-30T11:41:07.4912167+00:00 ContainerStream: Starting OpenBSD Secure Shell server: sshd.
2026-08-30T11:41:07.5013864+00:00 ContainerStream: WEBSITES_INCLUDE_CLOUD_CERTS is not set to true.
2026-08-30T11:41:07.5333431+00:00 ContainerStream: Updating certificates in /etc/ssl/certs...
2026-08-30T11:41:18.9967890+00:00 ContainerStream: rehash: warning: skipping duplicate certificate in azl_SSL.com_TLS_ECC_Root_CA_2022.pem
2026-08-30T11:41:19.0054164+00:00 ContainerStream: rehash: warning: skipping duplicate certificate in azl_SSL.com_TLS_RSA_Root_CA_2022.pem
2026-08-30T11:41:19.2256452+00:00 ContainerStream: rehash: warning: skipping ca-certificates.crt,it does not contain exactly one certificate or CRL
2026-08-30T11:41:19.2666745+00:00 ContainerStream: 4 added, 0 removed; done.
2026-08-30T11:41:19.2745208+00:00 ContainerStream: Running hooks in /etc/ca-certificates/update.d...
2026-08-30T11:41:19.2764597+00:00 ContainerStream: done.
2026-08-30T11:41:19.2954173+00:00 ContainerStream: CA certificates copied and updated successfully.
2026-08-30T11:41:19.4646207+00:00 ContainerStream: Starting periodic command scheduler: cron.
2026-08-30T11:41:19.7950841+00:00 ContainerStream: Could not find build manifest file at '/home/site/wwwroot/oryx-manifest.toml'
2026-08-30T11:41:19.7956450+00:00 ContainerStream: Could not find operation ID in manifest. Generating an operation id...
2026-08-30T11:41:19.8042777+00:00 ContainerStream: Build Operation ID: 62687bd7-3ca4-43ee-a5da-6fe6a7f5acb7
2026-08-30T11:41:20.6248270+00:00 ContainerStream: Environment Variables for Application Insight's IPA Codeless Configuration exists..
2026-08-30T11:41:20.7655796+00:00 ContainerStream: Writing output script to '/opt/startup/startup.sh'
2026-08-30T11:41:20.9251234+00:00 ContainerStream: Running #!/bin/sh
2026-08-30T11:41:20.9251433+00:00 ContainerStream: 
2026-08-30T11:41:20.9251453+00:00 ContainerStream: # Enter the source directory to make sure the script runs where the user expects
2026-08-30T11:41:20.9251466+00:00 ContainerStream: cd "/home/site/wwwroot"
2026-08-30T11:41:20.9251476+00:00 ContainerStream: 
2026-08-30T11:41:20.9251490+00:00 ContainerStream: export NODE_PATH=/usr/local/lib/node_modules:$NODE_PATH
2026-08-30T11:41:20.9251540+00:00 ContainerStream: if [ -z "$PORT" ]; then
2026-08-30T11:41:20.9251559+00:00 ContainerStream: 		export PORT=8080
2026-08-30T11:41:20.9251569+00:00 ContainerStream: fi
2026-08-30T11:41:20.9251578+00:00 ContainerStream: 
2026-08-30T11:41:20.9256860+00:00 ContainerStream: npm start
2026-08-30T11:41:21.9260497+00:00 ContainerStream: npm info using npm@10.9.2
2026-08-30T11:41:21.9268229+00:00 ContainerStream: npm info using node@v20.20.2
2026-08-30T11:41:22.9361011+00:00 ContainerStream: 
2026-08-30T11:41:22.9361292+00:00 ContainerStream: > task5-app@1.0.0 start
2026-08-30T11:41:22.9361308+00:00 ContainerStream: > node server.js
2026-08-30T11:41:22.9361318+00:00 ContainerStream: 
2026-08-30T11:41:23.3473443+00:00 ContainerStream: node:internal/modules/cjs/loader:1210
2026-08-30T11:41:23.3473726+00:00 ContainerStream:   throw err;
2026-08-30T11:41:23.3473741+00:00 ContainerStream:   ^
2026-08-30T11:41:23.3473752+00:00 ContainerStream: 
2026-08-30T11:41:23.3473766+00:00 ContainerStream: Error: Cannot find module 'express'
2026-08-30T11:41:23.3473784+00:00 ContainerStream: Require stack:
2026-08-30T11:41:23.3473833+00:00 ContainerStream: - /home/site/wwwroot/server.js
2026-08-30T11:41:23.3473848+00:00 ContainerStream:     at Module._resolveFilename (node:internal/modules/cjs/loader:1207:15)
2026-08-30T11:41:23.3473861+00:00 ContainerStream:     at Module._load (node:internal/modules/cjs/loader:1038:27)
2026-08-30T11:41:23.3473875+00:00 ContainerStream:     at Module.require (node:internal/modules/cjs/loader:1289:19)
2026-08-30T11:41:23.3473948+00:00 ContainerStream:     at require (node:internal/modules/helpers:182:18)
2026-08-30T11:41:23.3473962+00:00 ContainerStream:     at Object.<anonymous> (/home/site/wwwroot/server.js:1:17)
2026-08-30T11:41:23.3473974+00:00 ContainerStream:     at Module._compile (node:internal/modules/cjs/loader:1521:14)
2026-08-30T11:41:23.3473986+00:00 ContainerStream:     at Module._extensions..js (node:internal/modules/cjs/loader:1623:10)
2026-08-30T11:41:23.3473999+00:00 ContainerStream:     at Module.load (node:internal/modules/cjs/loader:1266:32)
2026-08-30T11:41:23.3474012+00:00 ContainerStream:     at Module._load (node:internal/modules/cjs/loader:1091:12)
2026-08-30T11:41:23.3474026+00:00 ContainerStream:     at Function.executeUserEntryPoint [as runMain] (node:internal/modules/run_main:164:12) {
2026-08-30T11:41:23.3474038+00:00 ContainerStream:   code: 'MODULE_NOT_FOUND',
2026-08-30T11:41:23.3474061+00:00 ContainerStream:   requireStack: [ '/home/site/wwwroot/server.js' ]
2026-08-30T11:41:23.3474072+00:00 ContainerStream: }
2026-08-30T11:41:23.3575733+00:00 ContainerStream: 
2026-08-30T11:41:23.3575914+00:00 ContainerStream: Node.js v20.20.2
2026-08-30T11:41:23.4361764+00:00 ContainerStream: npm http fetch GET 200 https://registry.npmjs.org/npm 551ms
2026-08-30T11:41:23.4468004+00:00 ContainerStream: npm notice
2026-08-30T11:41:23.4468170+00:00 ContainerStream: npm notice New major version of npm available! 10.9.2 -> 12.0.2
2026-08-30T11:41:23.4468188+00:00 ContainerStream: npm notice Changelog: https://github.com/npm/cli/releases/tag/v12.0.2
2026-08-30T11:41:23.4468200+00:00 ContainerStream: npm notice To update run: npm install -g npm@12.0.2
2026-08-30T11:41:23.4468215+00:00 ContainerStream: npm notice
2026-08-30T11:41:23.5651732+00:00 ContainerStatus: Container has finished running with exit code: 1.
2026-08-30T11:41:23.5652422+00:00 ContainerStatus: Container is terminating. Grace period: 5 seconds.
2026-08-30T11:41:23.5655870+00:00 ContainerStatus: Stop and delete container. Retry count = 0
2026-08-30T11:41:23.5656941+00:00 ContainerStatus: Stopping container: c68abda0b6fe_app-devopsapp-task5.
2026-08-30T11:41:23.6161678+00:00 ContainerStatus: Deleting container: c68abda0b6fe_app-devopsapp-task5. Retry count = 0
2026-08-30T11:41:23.8943649+00:00 ContainerStatus: Container spec TerminationMessagePolicy  path 
2026-08-30T11:41:23.8947031+00:00 ContainerStatus: Container is terminated. Total time elapsed: 329 ms.
2026-08-30T11:41:23.8947546+00:00 ContainerStatus: Site container: app-devopsapp-task5 terminated during site startup.
2026-08-30T11:41:23.8948212+00:00 ContainerStatus: State: Stopping, Action: CancellingStartup, LastError: ContainerStartupFailure, LastErrorTimestamp: 08/30/2026 11:39:03, LastErrorDetails: Container exited with exit code 1 during startup after 20.9s. Please inspect your container logs for more details., Details: Site container: app-devopsapp-task5 terminated during site startup. Cancelling site startup., DetailsLevel: ERR
2026-08-30T11:41:23.9147990+00:00 ContainerStatus: Site startup probe failed after 17.8540969 seconds.
2026-08-30T11:41:24.0437367+00:00 ContainerStatus: State: Stopping, Action: CancellingStartup, LastError: ContainerStartupFailure, LastErrorTimestamp: 08/30/2026 11:41:24, LastErrorDetails: Container exited with exit code 1 during startup after 18.3s. Please inspect your container logs for more details., Details: Site container: app-devopsapp-task5 terminated during site startup. Cancelling site startup., DetailsLevel: ERR
2026-08-30T11:41:24.0444687+00:00 ContainerStatus: Failed to start site. Revert by stopping site.
2026-08-30T11:41:24.0445973+00:00 ContainerStatus: State: Stopping, Action: StoppingSite, LastError: ContainerStartupFailure, LastErrorTimestamp: 08/30/2026 11:41:24, LastErrorDetails: Container exited with exit code 1 during startup after 18.3s. Please inspect your container logs for more details., Details: Site container: app-devopsapp-task5 terminated during site startup. Cancelling site startup., DetailsLevel: ERR
2026-08-30T11:41:24.0447232+00:00 ContainerStatus: State: Stopping, Action: StoppingSiteContainers, LastError: ContainerStartupFailure, LastErrorTimestamp: 08/30/2026 11:41:24, LastErrorDetails: Container exited with exit code 1 during startup after 18.3s. Please inspect your container logs for more details., Details: Site container: app-devopsapp-task5 terminated during site startup. Cancelling site startup., DetailsLevel: ERR
2026-08-30T11:41:24.3459891+00:00 ContainerStatus: Site container: app-devopsapp-task5_managedIdentity terminated during site startup.
2026-08-30T11:41:24.3461777+00:00 ContainerStatus: State: Stopping, Action: StoppingSiteContainers, LastError: ContainerStartupFailure, LastErrorTimestamp: 08/30/2026 11:41:24, LastErrorDetails: Container exited with exit code 1 during startup after 18.3s. Please inspect your container logs for more details., Details: Site container: app-devopsapp-task5 terminated during site startup. Cancelling site startup., DetailsLevel: ERR
2026-08-30T11:41:24.3462563+00:00 ContainerStatus: Site: app-devopsapp-task5 stopped.
========== New Cold Start Attempt (2026-08-30T11:41:24.3644825+00:00) ==========
2026-08-30T11:41:24.3644825+00:00 ContainerStatus: State: Stopping, Action: UnmountingVolumes, LastError: ContainerStartupFailure, LastErrorTimestamp: 08/30/2026 11:41:24, LastErrorDetails: Container exited with exit code 1 during startup after 18.3s. Please inspect your container logs for more details., Details: Site container: app-devopsapp-task5 terminated during site startup. Cancelling site startup., DetailsLevel: ERR
2026-08-30T11:41:24.6253391+00:00 ContainerStatus: State: Stopping, Action: StoppingSiteNetworks, LastError: ContainerStartupFailure, LastErrorTimestamp: 08/30/2026 11:41:24, LastErrorDetails: Container exited with exit code 1 during startup after 18.3s. Please inspect your container logs for more details., Details: Site container: app-devopsapp-task5 terminated during site startup. Cancelling site startup., DetailsLevel: ERR
2026-08-30T11:41:25.0147367+00:00 ContainerStatus: Site: app-devopsapp-task5 will be blocked for 1 minutes till 08/30/2026 11:42:25
2026-08-30T11:41:25.0147859+00:00 ContainerStatus: State: Blocked, Action: StoppingSiteNetworks, LastError: ContainerStartupFailure, LastErrorTimestamp: 08/30/2026 11:41:24, LastErrorDetails: Container exited with exit code 1 during startup after 18.3s. Please inspect your container logs for more details., Details: Site: app-devopsapp-task5 will be blocked for 1 minutes till 08/30/2026 11:42:25, DetailsLevel: WARN
2026-08-30T11:41:25.0350565+00:00 ContainerStatus: State: Stopped, Action: None, LastError: ContainerStartupFailure, LastErrorTimestamp: 08/30/2026 11:41:24, LastErrorDetails: Container exited with exit code 1 during startup after 18.3s. Please inspect your container logs for more details., Details: Site stopped at 08/30/2026 11:41:25 (UTC), DetailsLevel: WARN
2026-08-30T11:41:25.3055510+00:00 ContainerStatus: State: Stopped, Action: None, LastError: ContainerStartupFailure, LastErrorTimestamp: 08/30/2026 11:41:24, LastErrorDetails: Container exited with exit code 1 during startup after 18.3s. Please inspect your container logs for more details., Details: Site stopped at 08/30/2026 11:41:25 (UTC), DetailsLevel: WARN
2026-08-30T11:42:25.0149827+00:00 ContainerStatus: Site: app-devopsapp-task5 is unblocked.
2026-08-30T11:43:52.4569929+00:00 ContainerStatus: State: Starting, Action: EstablishingSiteNetworks, LastError: ContainerStartupFailure, LastErrorTimestamp: 08/30/2026 11:41:24, LastErrorDetails: Container exited with exit code 1 during startup after 18.3s. Please inspect your container logs for more details., Details: Site stopped at 08/30/2026 11:41:25 (UTC), DetailsLevel: WARN
2026-08-30T11:43:54.5979095+00:00 ContainerStatus: State: Starting, Action: StartingMsiContainer, LastError: ContainerStartupFailure, LastErrorTimestamp: 08/30/2026 11:41:24, LastErrorDetails: Container exited with exit code 1 during startup after 18.3s. Please inspect your container logs for more details., Details: Site stopped at 08/30/2026 11:41:25 (UTC), DetailsLevel: WARN
2026-08-30T11:44:04.6857118+00:00 ContainerStatus: State: Starting, Action: StartingSiteContainers, LastError: ContainerStartupFailure, LastErrorTimestamp: 08/30/2026 11:41:24, LastErrorDetails: Container exited with exit code 1 during startup after 18.3s. Please inspect your container logs for more details., Details: Site stopped at 08/30/2026 11:41:25 (UTC), DetailsLevel: WARN
2026-08-30T11:44:04.6859449+00:00 ContainerStatus: Container start method called.
2026-08-30T11:44:04.6861413+00:00 ContainerStatus: State: Starting, Action: PullingImage, LastError: ContainerStartupFailure, LastErrorTimestamp: 08/30/2026 11:41:24, LastErrorDetails: Container exited with exit code 1 during startup after 18.3s. Please inspect your container logs for more details., Details: Pulling image 10.1.0.6:13209/appsvc/node:20-lts_20260710.8.tuxprod for app-devopsapp-task5., DetailsLevel: INFO
2026-08-30T11:44:04.6863092+00:00 ContainerStatus: Establishing network.
2026-08-30T11:44:04.6865467+00:00 ContainerStatus: Pulling image: appsvc/node:20-lts_20260710.8.tuxprod.
2026-08-30T11:44:04.8872819+00:00 ContainerStatus: Container is starting.
2026-08-30T11:44:04.8874701+00:00 ContainerStatus: State: Starting, Action: MountingVolumes, LastError: ContainerStartupFailure, LastErrorTimestamp: 08/30/2026 11:41:24, LastErrorDetails: Container exited with exit code 1 during startup after 18.3s. Please inspect your container logs for more details., Details: Mounting volumes for app-devopsapp-task5., DetailsLevel: INFO
2026-08-30T11:44:04.8875416+00:00 ContainerStatus: Establishing user namespace if not established already.
2026-08-30T11:44:04.8875840+00:00 ContainerStatus: Establishing network if not established already.
2026-08-30T11:44:04.8879579+00:00 ContainerStatus: Mounting volumes.
2026-08-30T11:44:04.8880409+00:00 ContainerStatus: Nested mountpoint site/wwwroot
2026-08-30T11:44:04.8988630+00:00 ContainerStatus: Nested mountpoint volatile/logs
2026-08-30T11:44:04.9479911+00:00 ContainerStatus: Nested mountpoint 
2026-08-30T11:44:04.9587610+00:00 ContainerStatus: Nested mountpoint 
2026-08-30T11:44:05.0075860+00:00 ContainerStatus: Nested mountpoint 
2026-08-30T11:44:05.0276703+00:00 ContainerStatus: Nested mountpoint 
2026-08-30T11:44:05.0297161+00:00 ContainerStatus: Nested mountpoint 
2026-08-30T11:44:05.5699348+00:00 ContainerStatus: State: Starting, Action: CreatingContainer, LastError: ContainerStartupFailure, LastErrorTimestamp: 08/30/2026 11:41:24, LastErrorDetails: Container exited with exit code 1 during startup after 18.3s. Please inspect your container logs for more details., Details: Finished pulling container image and mounting volumes for app-devopsapp-task5. Allocatinng the rest of the container resources to finish container creation., DetailsLevel: INFO
2026-08-30T11:44:05.5700758+00:00 ContainerStatus: Creating container.
2026-08-30T11:44:05.5877154+00:00 ContainerStatus: Creating pipes for streaming container io.
2026-08-30T11:44:05.5879867+00:00 ContainerStatus: Creating stdout named pipe at /podr/container/pipe/1b9f48592aae_app-devopsapp-task5/stdout_40c5f09d1d6042f292e0d91a00748c38.
2026-08-30T11:44:05.5882560+00:00 ContainerStatus: Successfully created stdout named pipe at: /podr/container/pipe/1b9f48592aae_app-devopsapp-task5/stdout_40c5f09d1d6042f292e0d91a00748c38.
2026-08-30T11:44:05.5883336+00:00 ContainerStatus: Opening named pipe /podr/container/pipe/1b9f48592aae_app-devopsapp-task5/stdout_40c5f09d1d6042f292e0d91a00748c38 for reading in non-blocking mode.
2026-08-30T11:44:05.5883956+00:00 ContainerStatus: Successfully opened named pipe: /podr/container/pipe/1b9f48592aae_app-devopsapp-task5/stdout_40c5f09d1d6042f292e0d91a00748c38.
2026-08-30T11:44:05.5884666+00:00 ContainerStatus: Successfully removed non-blocking flag from /podr/container/pipe/1b9f48592aae_app-devopsapp-task5/stdout_40c5f09d1d6042f292e0d91a00748c38.
2026-08-30T11:44:05.5898232+00:00 ContainerStatus: Creating stderr named pipe at /podr/container/pipe/1b9f48592aae_app-devopsapp-task5/stderr_f820ec54f7bc4804886fa5ba81c99843.
2026-08-30T11:44:05.5899428+00:00 ContainerStatus: Successfully created stderr named pipe at: /podr/container/pipe/1b9f48592aae_app-devopsapp-task5/stderr_f820ec54f7bc4804886fa5ba81c99843.
2026-08-30T11:44:05.5900127+00:00 ContainerStatus: Opening named pipe /podr/container/pipe/1b9f48592aae_app-devopsapp-task5/stderr_f820ec54f7bc4804886fa5ba81c99843 for reading in non-blocking mode.
2026-08-30T11:44:05.6069618+00:00 ContainerStatus: Successfully opened named pipe: /podr/container/pipe/1b9f48592aae_app-devopsapp-task5/stderr_f820ec54f7bc4804886fa5ba81c99843.
2026-08-30T11:44:05.6075057+00:00 ContainerStatus: Successfully removed non-blocking flag from /podr/container/pipe/1b9f48592aae_app-devopsapp-task5/stderr_f820ec54f7bc4804886fa5ba81c99843.
2026-08-30T11:44:05.6075910+00:00 ContainerStatus: Overriding PORT environment variable with pre-calculated port: 8080.
2026-08-30T11:44:05.6076203+00:00 ContainerStatus: Setting value of PORT variable to 8080
2026-08-30T11:44:05.6076818+00:00 ContainerStatus: Creating container with image: appsvc/node:20-lts_20260710.8.tuxprod from registry: 10.1.0.6:13209 and fully qualified image name: 10.1.0.6:13209/appsvc/node:20-lts_20260710.8.tuxprod
2026-08-30T11:44:06.2591404+00:00 ContainerStatus: Starting container: 1b9f48592aae_app-devopsapp-task5.
2026-08-30T11:44:06.3670114+00:00 ContainerStatus: Starting watchers and probes.
2026-08-30T11:44:06.3671426+00:00 ContainerStatus: Starting metrics collection.
2026-08-30T11:44:06.3671898+00:00 ContainerStatus: Container is running.
2026-08-30T11:44:06.3672944+00:00 ContainerStatus: State: Starting, Action: CreatingContainer, LastError: ContainerStartupFailure, LastErrorTimestamp: 08/30/2026 11:41:24, LastErrorDetails: Container exited with exit code 1 during startup after 18.3s. Please inspect your container logs for more details., Details: Container app-devopsapp-task5 successfully created and is running., DetailsLevel: INFO
2026-08-30T11:44:06.5698148+00:00 ContainerStatus: Container start method finished after 1883 ms.
2026-08-30T11:44:06.5885076+00:00 ContainerStatus: State: Starting, Action: InitiatingSiteWarmUpProbe, LastError: ContainerStartupFailure, LastErrorTimestamp: 08/30/2026 11:41:24, LastErrorDetails: Container exited with exit code 1 during startup after 18.3s. Please inspect your container logs for more details., Details: Container app-devopsapp-task5 successfully created and is running., DetailsLevel: INFO
2026-08-30T11:44:06.5885573+00:00 ContainerStatus: State: Starting, Action: WaitingForSiteWarmUpProbeSuccess, LastError: ContainerStartupFailure, LastErrorTimestamp: 08/30/2026 11:41:24, LastErrorDetails: Container exited with exit code 1 during startup after 18.3s. Please inspect your container logs for more details., Details: Pinging warmup path to ensure container is ready to receive requests., DetailsLevel: INFO
2026-08-30T11:44:06.8179741+00:00 ContainerStream:    _____                               
2026-08-30T11:44:06.8179946+00:00 ContainerStream:   /  _  \ __________ _________   ____  
2026-08-30T11:44:06.8179962+00:00 ContainerStream:  /  /_\  \\___   /  |  \_  __ \_/ __ \ 
2026-08-30T11:44:06.8180006+00:00 ContainerStream: /    |    \/    /|  |  /|  | \/\  ___/ 
2026-08-30T11:44:06.8180017+00:00 ContainerStream: \____|__  /_____ \____/ |__|    \___  >
2026-08-30T11:44:06.8180028+00:00 ContainerStream:         \/      \/                  \/ 
2026-08-30T11:44:06.8180039+00:00 ContainerStream: A P P   S E R V I C E   O N   L I N U X
2026-08-30T11:44:06.8180050+00:00 ContainerStream: 
2026-08-30T11:44:06.8180062+00:00 ContainerStream: Documentation    : http://aka.ms/webapp-linux
2026-08-30T11:44:06.8180074+00:00 ContainerStream: NodeJS quickstart: https://aka.ms/node-qs
2026-08-30T11:44:06.8180086+00:00 ContainerStream: NodeJS Version   : v20.20.2
2026-08-30T11:44:06.8180097+00:00 ContainerStream: Instance Name    : lw0sdlwk0000PM
2026-08-30T11:44:06.8180113+00:00 ContainerStream: Instance Id      : a9cebb550e254ba9270d015acd372767c78fa4f3f79fc353fb793f2912e673b3
2026-08-30T11:44:06.8180124+00:00 ContainerStream: 
2026-08-30T11:44:06.8180136+00:00 ContainerStream: Note: Any data outside '/home' is not persisted
2026-08-30T11:44:10.3978583+00:00 ContainerStream: Starting OpenBSD Secure Shell server: sshd.
2026-08-30T11:44:10.4169531+00:00 ContainerStream: WEBSITES_INCLUDE_CLOUD_CERTS is not set to true.
2026-08-30T11:44:10.5158482+00:00 ContainerStream: Updating certificates in /etc/ssl/certs...
2026-08-30T11:44:21.8462417+00:00 ContainerStream: rehash: warning: skipping duplicate certificate in azl_SSL.com_TLS_ECC_Root_CA_2022.pem
2026-08-30T11:44:21.8549111+00:00 ContainerStream: rehash: warning: skipping duplicate certificate in azl_SSL.com_TLS_RSA_Root_CA_2022.pem
2026-08-30T11:44:22.0257758+00:00 ContainerStream: rehash: warning: skipping ca-certificates.crt,it does not contain exactly one certificate or CRL
2026-08-30T11:44:22.0561167+00:00 ContainerStream: 4 added, 0 removed; done.
2026-08-30T11:44:22.0568138+00:00 ContainerStream: Running hooks in /etc/ca-certificates/update.d...
2026-08-30T11:44:22.0845425+00:00 ContainerStream: done.
2026-08-30T11:44:22.0959526+00:00 ContainerStream: CA certificates copied and updated successfully.
2026-08-30T11:44:22.2057232+00:00 ContainerStream: Starting periodic command scheduler: cron.
2026-08-30T11:44:22.3456630+00:00 ContainerStream: Could not find build manifest file at '/home/site/wwwroot/oryx-manifest.toml'
2026-08-30T11:44:22.3461485+00:00 ContainerStream: Could not find operation ID in manifest. Generating an operation id...
2026-08-30T11:44:22.3636643+00:00 ContainerStream: Build Operation ID: 74e56e33-e921-4de3-b805-de069304b499
2026-08-30T11:44:23.1030243+00:00 ContainerStream: Environment Variables for Application Insight's IPA Codeless Configuration exists..
2026-08-30T11:44:23.2431137+00:00 ContainerStream: Writing output script to '/opt/startup/startup.sh'
2026-08-30T11:44:23.4252141+00:00 ContainerStream: Running #!/bin/sh
2026-08-30T11:44:23.4252364+00:00 ContainerStream: 
2026-08-30T11:44:23.4252383+00:00 ContainerStream: # Enter the source directory to make sure the script runs where the user expects
2026-08-30T11:44:23.4252397+00:00 ContainerStream: cd "/home/site/wwwroot"
2026-08-30T11:44:23.4252409+00:00 ContainerStream: 
2026-08-30T11:44:23.4252422+00:00 ContainerStream: export NODE_PATH=/usr/local/lib/node_modules:$NODE_PATH
2026-08-30T11:44:23.4252485+00:00 ContainerStream: if [ -z "$PORT" ]; then
2026-08-30T11:44:23.4252497+00:00 ContainerStream: 		export PORT=8080
2026-08-30T11:44:23.4252509+00:00 ContainerStream: fi
2026-08-30T11:44:23.4252518+00:00 ContainerStream: 
2026-08-30T11:44:23.4256297+00:00 ContainerStream: npm start
2026-08-30T11:44:25.0044106+00:00 ContainerStream: npm info using npm@10.9.2
2026-08-30T11:44:25.0051432+00:00 ContainerStream: npm info using node@v20.20.2
2026-08-30T11:44:26.1977518+00:00 ContainerStream: 
2026-08-30T11:44:26.1977774+00:00 ContainerStream: > task5-app@1.0.0 start
2026-08-30T11:44:26.1977789+00:00 ContainerStream: > node server.js
2026-08-30T11:44:26.1977800+00:00 ContainerStream: 
2026-08-30T11:44:26.3858298+00:00 ContainerStream: node:internal/modules/cjs/loader:1210
2026-08-30T11:44:26.3858544+00:00 ContainerStream:   throw err;
2026-08-30T11:44:26.3858558+00:00 ContainerStream:   ^
2026-08-30T11:44:26.3858568+00:00 ContainerStream: 
2026-08-30T11:44:26.3858581+00:00 ContainerStream: Error: Cannot find module 'express'
2026-08-30T11:44:26.3858593+00:00 ContainerStream: Require stack:
2026-08-30T11:44:26.3858604+00:00 ContainerStream: - /home/site/wwwroot/server.js
2026-08-30T11:44:26.3858621+00:00 ContainerStream:     at Module._resolveFilename (node:internal/modules/cjs/loader:1207:15)
2026-08-30T11:44:26.3858633+00:00 ContainerStream:     at Module._load (node:internal/modules/cjs/loader:1038:27)
2026-08-30T11:44:26.3858646+00:00 ContainerStream:     at Module.require (node:internal/modules/cjs/loader:1289:19)
2026-08-30T11:44:26.3858659+00:00 ContainerStream:     at require (node:internal/modules/helpers:182:18)
2026-08-30T11:44:26.3858672+00:00 ContainerStream:     at Object.<anonymous> (/home/site/wwwroot/server.js:1:17)
2026-08-30T11:44:26.3858685+00:00 ContainerStream:     at Module._compile (node:internal/modules/cjs/loader:1521:14)
2026-08-30T11:44:26.3858698+00:00 ContainerStream:     at Module._extensions..js (node:internal/modules/cjs/loader:1623:10)
2026-08-30T11:44:26.3858728+00:00 ContainerStream:     at Module.load (node:internal/modules/cjs/loader:1266:32)
2026-08-30T11:44:26.3858741+00:00 ContainerStream:     at Module._load (node:internal/modules/cjs/loader:1091:12)
2026-08-30T11:44:26.3858755+00:00 ContainerStream:     at Function.executeUserEntryPoint [as runMain] (node:internal/modules/run_main:164:12) {
2026-08-30T11:44:26.3858766+00:00 ContainerStream:   code: 'MODULE_NOT_FOUND',
2026-08-30T11:44:26.3858778+00:00 ContainerStream:   requireStack: [ '/home/site/wwwroot/server.js' ]
2026-08-30T11:44:26.3858850+00:00 ContainerStream: }
2026-08-30T11:44:26.3935052+00:00 ContainerStream: 
2026-08-30T11:44:26.3935161+00:00 ContainerStream: Node.js v20.20.2
2026-08-30T11:44:26.4754247+00:00 ContainerStream: npm http fetch GET 200 https://registry.npmjs.org/npm 510ms
2026-08-30T11:44:26.5636494+00:00 ContainerStream: npm notice
2026-08-30T11:44:26.5636667+00:00 ContainerStream: npm notice New major version of npm available! 10.9.2 -> 12.0.2
2026-08-30T11:44:26.5636685+00:00 ContainerStream: npm notice Changelog: https://github.com/npm/cli/releases/tag/v12.0.2
2026-08-30T11:44:26.5636741+00:00 ContainerStream: npm notice To update run: npm install -g npm@12.0.2
2026-08-30T11:44:26.5636752+00:00 ContainerStream: npm notice
2026-08-30T11:44:26.6446715+00:00 ContainerStatus: Container has finished running with exit code: 1.
2026-08-30T11:44:26.6449227+00:00 ContainerStatus: Container is terminating. Grace period: 5 seconds.
2026-08-30T11:44:26.6455916+00:00 ContainerStatus: Stop and delete container. Retry count = 0
2026-08-30T11:44:26.6458236+00:00 ContainerStatus: Stopping container: 1b9f48592aae_app-devopsapp-task5.
2026-08-30T11:44:26.7065526+00:00 ContainerStatus: Deleting container: 1b9f48592aae_app-devopsapp-task5. Retry count = 0
2026-08-30T11:44:26.8851270+00:00 ContainerStatus: Container spec TerminationMessagePolicy  path 
2026-08-30T11:44:26.8945041+00:00 ContainerStatus: Container is terminated. Total time elapsed: 249 ms.
2026-08-30T11:44:26.8947175+00:00 ContainerStatus: Site container: app-devopsapp-task5 terminated during site startup.
2026-08-30T11:44:26.9238573+00:00 ContainerStatus: State: Stopping, Action: CancellingStartup, LastError: ContainerStartupFailure, LastErrorTimestamp: 08/30/2026 11:41:24, LastErrorDetails: Container exited with exit code 1 during startup after 18.3s. Please inspect your container logs for more details., Details: Site container: app-devopsapp-task5 terminated during site startup. Cancelling site startup., DetailsLevel: ERR
2026-08-30T11:44:26.9658892+00:00 ContainerStatus: Site startup probe failed after 20.3770629 seconds.
2026-08-30T11:44:27.1876673+00:00 ContainerStatus: State: Stopping, Action: CancellingStartup, LastError: ContainerStartupFailure, LastErrorTimestamp: 08/30/2026 11:44:27, LastErrorDetails: Container exited with exit code 1 during startup after 20.5s. Please inspect your container logs for more details., Details: Site container: app-devopsapp-task5 terminated during site startup. Cancelling site startup., DetailsLevel: ERR
2026-08-30T11:44:27.2259538+00:00 ContainerStatus: Failed to start site. Revert by stopping site.
2026-08-30T11:44:27.2260788+00:00 ContainerStatus: State: Stopping, Action: StoppingSite, LastError: ContainerStartupFailure, LastErrorTimestamp: 08/30/2026 11:44:27, LastErrorDetails: Container exited with exit code 1 during startup after 20.5s. Please inspect your container logs for more details., Details: Site container: app-devopsapp-task5 terminated during site startup. Cancelling site startup., DetailsLevel: ERR
2026-08-30T11:44:27.2262749+00:00 ContainerStatus: State: Stopping, Action: StoppingSiteContainers, LastError: ContainerStartupFailure, LastErrorTimestamp: 08/30/2026 11:44:27, LastErrorDetails: Container exited with exit code 1 during startup after 20.5s. Please inspect your container logs for more details., Details: Site container: app-devopsapp-task5 terminated during site startup. Cancelling site startup., DetailsLevel: ERR
2026-08-30T11:44:27.4983751+00:00 ContainerStatus: Site container: app-devopsapp-task5_managedIdentity terminated during site startup.
2026-08-30T11:44:27.4988607+00:00 ContainerStatus: State: Stopping, Action: StoppingSiteContainers, LastError: ContainerStartupFailure, LastErrorTimestamp: 08/30/2026 11:44:27, LastErrorDetails: Container exited with exit code 1 during startup after 20.5s. Please inspect your container logs for more details., Details: Site container: app-devopsapp-task5 terminated during site startup. Cancelling site startup., DetailsLevel: ERR
2026-08-30T11:44:27.4990965+00:00 ContainerStatus: Site: app-devopsapp-task5 stopped.
========== New Cold Start Attempt (2026-08-30T11:44:27.5081539+00:00) ==========
2026-08-30T11:44:27.5081539+00:00 ContainerStatus: State: Stopping, Action: UnmountingVolumes, LastError: ContainerStartupFailure, LastErrorTimestamp: 08/30/2026 11:44:27, LastErrorDetails: Container exited with exit code 1 during startup after 20.5s. Please inspect your container logs for more details., Details: Site container: app-devopsapp-task5 terminated during site startup. Cancelling site startup., DetailsLevel: ERR
2026-08-30T11:44:27.8079985+00:00 ContainerStatus: State: Stopping, Action: StoppingSiteNetworks, LastError: ContainerStartupFailure, LastErrorTimestamp: 08/30/2026 11:44:27, LastErrorDetails: Container exited with exit code 1 during startup after 20.5s. Please inspect your container logs for more details., Details: Site container: app-devopsapp-task5 terminated during site startup. Cancelling site startup., DetailsLevel: ERR
2026-08-30T11:44:28.2975759+00:00 ContainerStatus: Site: app-devopsapp-task5 will be blocked for 1 minutes till 08/30/2026 11:45:28
2026-08-30T11:44:28.2976601+00:00 ContainerStatus: State: Blocked, Action: StoppingSiteNetworks, LastError: ContainerStartupFailure, LastErrorTimestamp: 08/30/2026 11:44:27, LastErrorDetails: Container exited with exit code 1 during startup after 20.5s. Please inspect your container logs for more details., Details: Site: app-devopsapp-task5 will be blocked for 1 minutes till 08/30/2026 11:45:28, DetailsLevel: WARN
2026-08-30T11:44:28.2978396+00:00 ContainerStatus: State: Stopped, Action: None, LastError: ContainerStartupFailure, LastErrorTimestamp: 08/30/2026 11:44:27, LastErrorDetails: Container exited with exit code 1 during startup after 20.5s. Please inspect your container logs for more details., Details: Site stopped at 08/30/2026 11:44:28 (UTC), DetailsLevel: WARN
2026-08-30T11:44:28.5187662+00:00 ContainerStatus: State: Stopped, Action: None, LastError: ContainerStartupFailure, LastErrorTimestamp: 08/30/2026 11:44:27, LastErrorDetails: Container exited with exit code 1 during startup after 20.5s. Please inspect your container logs for more details., Details: Site stopped at 08/30/2026 11:44:28 (UTC), DetailsLevel: WARN
2026-08-30T11:45:28.2972038+00:00 ContainerStatus: Site: app-devopsapp-task5 is unblocked.
2026-08-30T11:45:53.4694088+00:00 ContainerStatus: State: Starting, Action: EstablishingSiteNetworks, LastError: ContainerStartupFailure, LastErrorTimestamp: 08/30/2026 11:44:27, LastErrorDetails: Container exited with exit code 1 during startup after 20.5s. Please inspect your container logs for more details., Details: Site stopped at 08/30/2026 11:44:28 (UTC), DetailsLevel: WARN
2026-08-30T11:45:55.3413872+00:00 ContainerStatus: State: Starting, Action: StartingMsiContainer, LastError: ContainerStartupFailure, LastErrorTimestamp: 08/30/2026 11:44:27, LastErrorDetails: Container exited with exit code 1 during startup after 20.5s. Please inspect your container logs for more details., Details: Site stopped at 08/30/2026 11:44:28 (UTC), DetailsLevel: WARN
2026-08-30T11:46:05.7552527+00:00 ContainerStatus: State: Starting, Action: StartingSiteContainers, LastError: ContainerStartupFailure, LastErrorTimestamp: 08/30/2026 11:44:27, LastErrorDetails: Container exited with exit code 1 during startup after 20.5s. Please inspect your container logs for more details., Details: Site stopped at 08/30/2026 11:44:28 (UTC), DetailsLevel: WARN
2026-08-30T11:46:05.7553015+00:00 ContainerStatus: Container start method called.
2026-08-30T11:46:05.7553244+00:00 ContainerStatus: State: Starting, Action: PullingImage, LastError: ContainerStartupFailure, LastErrorTimestamp: 08/30/2026 11:44:27, LastErrorDetails: Container exited with exit code 1 during startup after 20.5s. Please inspect your container logs for more details., Details: Pulling image 10.1.0.6:13209/appsvc/node:20-lts_20260710.8.tuxprod for app-devopsapp-task5., DetailsLevel: INFO
2026-08-30T11:46:05.7553481+00:00 ContainerStatus: Establishing network.
2026-08-30T11:46:05.7553807+00:00 ContainerStatus: Pulling image: appsvc/node:20-lts_20260710.8.tuxprod.
2026-08-30T11:46:05.9970042+00:00 ContainerStatus: Container is starting.
2026-08-30T11:46:05.9970635+00:00 ContainerStatus: State: Starting, Action: MountingVolumes, LastError: ContainerStartupFailure, LastErrorTimestamp: 08/30/2026 11:44:27, LastErrorDetails: Container exited with exit code 1 during startup after 20.5s. Please inspect your container logs for more details., Details: Mounting volumes for app-devopsapp-task5., DetailsLevel: INFO
2026-08-30T11:46:05.9971097+00:00 ContainerStatus: Establishing user namespace if not established already.
2026-08-30T11:46:05.9971350+00:00 ContainerStatus: Establishing network if not established already.
2026-08-30T11:46:05.9971711+00:00 ContainerStatus: Mounting volumes.
2026-08-30T11:46:05.9972285+00:00 ContainerStatus: Nested mountpoint site/wwwroot
2026-08-30T11:46:06.0065111+00:00 ContainerStatus: Nested mountpoint volatile/logs
2026-08-30T11:46:06.0854373+00:00 ContainerStatus: Nested mountpoint 
2026-08-30T11:46:06.0857373+00:00 ContainerStatus: Nested mountpoint 
2026-08-30T11:46:06.1175969+00:00 ContainerStatus: Nested mountpoint 
2026-08-30T11:46:06.1178849+00:00 ContainerStatus: Nested mountpoint 
2026-08-30T11:46:06.2485495+00:00 ContainerStatus: Nested mountpoint 
2026-08-30T11:46:06.6557374+00:00 ContainerStatus: State: Starting, Action: CreatingContainer, LastError: ContainerStartupFailure, LastErrorTimestamp: 08/30/2026 11:44:27, LastErrorDetails: Container exited with exit code 1 during startup after 20.5s. Please inspect your container logs for more details., Details: Finished pulling container image and mounting volumes for app-devopsapp-task5. Allocatinng the rest of the container resources to finish container creation., DetailsLevel: INFO
2026-08-30T11:46:06.6558118+00:00 ContainerStatus: Creating container.
2026-08-30T11:46:06.6558381+00:00 ContainerStatus: Creating pipes for streaming container io.
2026-08-30T11:46:06.6558703+00:00 ContainerStatus: Creating stdout named pipe at /podr/container/pipe/ff659876ca12_app-devopsapp-task5/stdout_c7c82b11547d4291a4c3ae8ec7e87357.
2026-08-30T11:46:06.6559505+00:00 ContainerStatus: Successfully created stdout named pipe at: /podr/container/pipe/ff659876ca12_app-devopsapp-task5/stdout_c7c82b11547d4291a4c3ae8ec7e87357.
2026-08-30T11:46:06.6559731+00:00 ContainerStatus: Opening named pipe /podr/container/pipe/ff659876ca12_app-devopsapp-task5/stdout_c7c82b11547d4291a4c3ae8ec7e87357 for reading in non-blocking mode.
2026-08-30T11:46:06.6560047+00:00 ContainerStatus: Successfully opened named pipe: /podr/container/pipe/ff659876ca12_app-devopsapp-task5/stdout_c7c82b11547d4291a4c3ae8ec7e87357.
2026-08-30T11:46:06.6560288+00:00 ContainerStatus: Successfully removed non-blocking flag from /podr/container/pipe/ff659876ca12_app-devopsapp-task5/stdout_c7c82b11547d4291a4c3ae8ec7e87357.
2026-08-30T11:46:06.6560754+00:00 ContainerStatus: Creating stderr named pipe at /podr/container/pipe/ff659876ca12_app-devopsapp-task5/stderr_2b4b6cf4768448cc9a15cd9bdaffb746.
2026-08-30T11:46:06.6561168+00:00 ContainerStatus: Successfully created stderr named pipe at: /podr/container/pipe/ff659876ca12_app-devopsapp-task5/stderr_2b4b6cf4768448cc9a15cd9bdaffb746.
2026-08-30T11:46:06.6561371+00:00 ContainerStatus: Opening named pipe /podr/container/pipe/ff659876ca12_app-devopsapp-task5/stderr_2b4b6cf4768448cc9a15cd9bdaffb746 for reading in non-blocking mode.
2026-08-30T11:46:06.6561668+00:00 ContainerStatus: Successfully opened named pipe: /podr/container/pipe/ff659876ca12_app-devopsapp-task5/stderr_2b4b6cf4768448cc9a15cd9bdaffb746.
2026-08-30T11:46:06.6561887+00:00 ContainerStatus: Successfully removed non-blocking flag from /podr/container/pipe/ff659876ca12_app-devopsapp-task5/stderr_2b4b6cf4768448cc9a15cd9bdaffb746.
2026-08-30T11:46:06.6562245+00:00 ContainerStatus: Overriding PORT environment variable with pre-calculated port: 8080.
2026-08-30T11:46:06.6562443+00:00 ContainerStatus: Setting value of PORT variable to 8080
2026-08-30T11:46:06.6563030+00:00 ContainerStatus: Creating container with image: appsvc/node:20-lts_20260710.8.tuxprod from registry: 10.1.0.6:13209 and fully qualified image name: 10.1.0.6:13209/appsvc/node:20-lts_20260710.8.tuxprod
2026-08-30T11:46:06.9563105+00:00 ContainerStatus: Starting container: ff659876ca12_app-devopsapp-task5.
2026-08-30T11:46:07.0259305+00:00 ContainerStatus: Starting watchers and probes.
2026-08-30T11:46:07.0267368+00:00 ContainerStatus: Starting metrics collection.
2026-08-30T11:46:07.0271455+00:00 ContainerStatus: Container is running.
2026-08-30T11:46:07.0281065+00:00 ContainerStatus: State: Starting, Action: CreatingContainer, LastError: ContainerStartupFailure, LastErrorTimestamp: 08/30/2026 11:44:27, LastErrorDetails: Container exited with exit code 1 during startup after 20.5s. Please inspect your container logs for more details., Details: Container app-devopsapp-task5 successfully created and is running., DetailsLevel: INFO
2026-08-30T11:46:07.2374917+00:00 ContainerStatus: Container start method finished after 1482 ms.
2026-08-30T11:46:07.2375696+00:00 ContainerStatus: State: Starting, Action: InitiatingSiteWarmUpProbe, LastError: ContainerStartupFailure, LastErrorTimestamp: 08/30/2026 11:44:27, LastErrorDetails: Container exited with exit code 1 during startup after 20.5s. Please inspect your container logs for more details., Details: Container app-devopsapp-task5 successfully created and is running., DetailsLevel: INFO
2026-08-30T11:46:07.2375813+00:00 ContainerStatus: State: Starting, Action: WaitingForSiteWarmUpProbeSuccess, LastError: ContainerStartupFailure, LastErrorTimestamp: 08/30/2026 11:44:27, LastErrorDetails: Container exited with exit code 1 during startup after 20.5s. Please inspect your container logs for more details., Details: Pinging warmup path to ensure container is ready to receive requests., DetailsLevel: INFO
2026-08-30T11:46:07.3476495+00:00 ContainerStream:    _____                               
2026-08-30T11:46:07.3476719+00:00 ContainerStream:   /  _  \ __________ _________   ____  
2026-08-30T11:46:07.3476735+00:00 ContainerStream:  /  /_\  \\___   /  |  \_  __ \_/ __ \ 
2026-08-30T11:46:07.3476748+00:00 ContainerStream: /    |    \/    /|  |  /|  | \/\  ___/ 
2026-08-30T11:46:07.3476758+00:00 ContainerStream: \____|__  /_____ \____/ |__|    \___  >
2026-08-30T11:46:07.3476769+00:00 ContainerStream:         \/      \/                  \/ 
2026-08-30T11:46:07.3476783+00:00 ContainerStream: A P P   S E R V I C E   O N   L I N U X
2026-08-30T11:46:07.3476794+00:00 ContainerStream: 
2026-08-30T11:46:07.3476807+00:00 ContainerStream: Documentation    : http://aka.ms/webapp-linux
2026-08-30T11:46:07.3476821+00:00 ContainerStream: NodeJS quickstart: https://aka.ms/node-qs
2026-08-30T11:46:07.3476832+00:00 ContainerStream: NodeJS Version   : v20.20.2
2026-08-30T11:46:07.3476845+00:00 ContainerStream: Instance Name    : lw0sdlwk0000PM
2026-08-30T11:46:07.3476891+00:00 ContainerStream: Instance Id      : a9cebb550e254ba9270d015acd372767c78fa4f3f79fc353fb793f2912e673b3
2026-08-30T11:46:07.3479949+00:00 ContainerStream: 
2026-08-30T11:46:07.3479989+00:00 ContainerStream: Note: Any data outside '/home' is not persisted
2026-08-30T11:46:10.0999194+00:00 ContainerStream: Starting OpenBSD Secure Shell server: sshd.
2026-08-30T11:46:10.1493557+00:00 ContainerStream: WEBSITES_INCLUDE_CLOUD_CERTS is not set to true.
2026-08-30T11:46:10.2109027+00:00 ContainerStream: Updating certificates in /etc/ssl/certs...
2026-08-30T11:46:21.0520610+00:00 ContainerStream: rehash: warning: skipping duplicate certificate in azl_SSL.com_TLS_ECC_Root_CA_2022.pem
2026-08-30T11:46:21.0530729+00:00 ContainerStream: rehash: warning: skipping duplicate certificate in azl_SSL.com_TLS_RSA_Root_CA_2022.pem
2026-08-30T11:46:21.2706147+00:00 ContainerStream: rehash: warning: skipping ca-certificates.crt,it does not contain exactly one certificate or CRL
2026-08-30T11:46:21.3121967+00:00 ContainerStream: 4 added, 0 removed; done.
2026-08-30T11:46:21.3126394+00:00 ContainerStream: Running hooks in /etc/ca-certificates/update.d...
2026-08-30T11:46:21.3215602+00:00 ContainerStream: done.
2026-08-30T11:46:21.3330156+00:00 ContainerStream: CA certificates copied and updated successfully.
2026-08-30T11:46:21.5117389+00:00 ContainerStream: Starting periodic command scheduler: cron.
2026-08-30T11:46:21.7605763+00:00 ContainerStream: Could not find build manifest file at '/home/site/wwwroot/oryx-manifest.toml'
2026-08-30T11:46:21.7611715+00:00 ContainerStream: Could not find operation ID in manifest. Generating an operation id...
2026-08-30T11:46:21.7616763+00:00 ContainerStream: Build Operation ID: b701ffd5-7743-4261-be06-8c5dd063a573
2026-08-30T11:46:22.5624561+00:00 ContainerStream: Environment Variables for Application Insight's IPA Codeless Configuration exists..
2026-08-30T11:46:22.7022597+00:00 ContainerStream: Writing output script to '/opt/startup/startup.sh'
2026-08-30T11:46:22.8526006+00:00 ContainerStream: Running #!/bin/sh
2026-08-30T11:46:22.8526292+00:00 ContainerStream: 
2026-08-30T11:46:22.8526377+00:00 ContainerStream: # Enter the source directory to make sure the script runs where the user expects
2026-08-30T11:46:22.8526389+00:00 ContainerStream: cd "/home/site/wwwroot"
2026-08-30T11:46:22.8526400+00:00 ContainerStream: 
2026-08-30T11:46:22.8526412+00:00 ContainerStream: export NODE_PATH=/usr/local/lib/node_modules:$NODE_PATH
2026-08-30T11:46:22.8526423+00:00 ContainerStream: if [ -z "$PORT" ]; then
2026-08-30T11:46:22.8526435+00:00 ContainerStream: 		export PORT=8080
2026-08-30T11:46:22.8526445+00:00 ContainerStream: fi
2026-08-30T11:46:22.8526454+00:00 ContainerStream: 
2026-08-30T11:46:22.8532940+00:00 ContainerStream: npm start
2026-08-30T11:46:23.7931536+00:00 ContainerStream: npm info using npm@10.9.2
2026-08-30T11:46:23.7940005+00:00 ContainerStream: npm info using node@v20.20.2
2026-08-30T11:46:24.7841808+00:00 ContainerStream: 
2026-08-30T11:46:24.7841970+00:00 ContainerStream: > task5-app@1.0.0 start
2026-08-30T11:46:24.7841987+00:00 ContainerStream: > node server.js
2026-08-30T11:46:24.7841998+00:00 ContainerStream: 
2026-08-30T11:46:25.0528489+00:00 ContainerStream: node:internal/modules/cjs/loader:1210
2026-08-30T11:46:25.0528793+00:00 ContainerStream:   throw err;
2026-08-30T11:46:25.0528874+00:00 ContainerStream:   ^
2026-08-30T11:46:25.0528887+00:00 ContainerStream: 
2026-08-30T11:46:25.0528899+00:00 ContainerStream: Error: Cannot find module 'express'
2026-08-30T11:46:25.0528910+00:00 ContainerStream: Require stack:
2026-08-30T11:46:25.0528922+00:00 ContainerStream: - /home/site/wwwroot/server.js
2026-08-30T11:46:25.0528939+00:00 ContainerStream:     at Module._resolveFilename (node:internal/modules/cjs/loader:1207:15)
2026-08-30T11:46:25.0528951+00:00 ContainerStream:     at Module._load (node:internal/modules/cjs/loader:1038:27)
2026-08-30T11:46:25.0528964+00:00 ContainerStream:     at Module.require (node:internal/modules/cjs/loader:1289:19)
2026-08-30T11:46:25.0528976+00:00 ContainerStream:     at require (node:internal/modules/helpers:182:18)
2026-08-30T11:46:25.0528990+00:00 ContainerStream:     at Object.<anonymous> (/home/site/wwwroot/server.js:1:17)
2026-08-30T11:46:25.0529003+00:00 ContainerStream:     at Module._compile (node:internal/modules/cjs/loader:1521:14)
2026-08-30T11:46:25.0529016+00:00 ContainerStream:     at Module._extensions..js (node:internal/modules/cjs/loader:1623:10)
2026-08-30T11:46:25.0529029+00:00 ContainerStream:     at Module.load (node:internal/modules/cjs/loader:1266:32)
2026-08-30T11:46:25.0529054+00:00 ContainerStream:     at Module._load (node:internal/modules/cjs/loader:1091:12)
2026-08-30T11:46:25.0529068+00:00 ContainerStream:     at Function.executeUserEntryPoint [as runMain] (node:internal/modules/run_main:164:12) {
2026-08-30T11:46:25.0529080+00:00 ContainerStream:   code: 'MODULE_NOT_FOUND',
2026-08-30T11:46:25.0529092+00:00 ContainerStream:   requireStack: [ '/home/site/wwwroot/server.js' ]
2026-08-30T11:46:25.0529102+00:00 ContainerStream: }
2026-08-30T11:46:25.0536035+00:00 ContainerStream: 
2026-08-30T11:46:25.0536125+00:00 ContainerStream: Node.js v20.20.2
2026-08-30T11:46:25.1844040+00:00 ContainerStream: npm http fetch GET 200 https://registry.npmjs.org/npm 541ms
2026-08-30T11:46:25.1952076+00:00 ContainerStream: npm notice
2026-08-30T11:46:25.1952232+00:00 ContainerStream: npm notice New major version of npm available! 10.9.2 -> 12.0.2
2026-08-30T11:46:25.1952255+00:00 ContainerStream: npm notice Changelog: https://github.com/npm/cli/releases/tag/v12.0.2
2026-08-30T11:46:25.1952269+00:00 ContainerStream: npm notice To update run: npm install -g npm@12.0.2
2026-08-30T11:46:25.1952311+00:00 ContainerStream: npm notice
2026-08-30T11:46:25.2668504+00:00 ContainerStatus: Container has finished running with exit code: 1.
2026-08-30T11:46:25.2729916+00:00 ContainerStatus: Container is terminating. Grace period: 5 seconds.
2026-08-30T11:46:25.2756816+00:00 ContainerStatus: Stop and delete container. Retry count = 0
2026-08-30T11:46:25.2757225+00:00 ContainerStatus: Stopping container: ff659876ca12_app-devopsapp-task5.
2026-08-30T11:46:25.3581537+00:00 ContainerStatus: Deleting container: ff659876ca12_app-devopsapp-task5. Retry count = 0
2026-08-30T11:46:25.5089576+00:00 ContainerStatus: Container spec TerminationMessagePolicy  path 
2026-08-30T11:46:25.5175393+00:00 ContainerStatus: Container is terminated. Total time elapsed: 243 ms.
2026-08-30T11:46:25.5178795+00:00 ContainerStatus: Site container: app-devopsapp-task5 terminated during site startup.
2026-08-30T11:46:25.5183442+00:00 ContainerStatus: State: Stopping, Action: CancellingStartup, LastError: ContainerStartupFailure, LastErrorTimestamp: 08/30/2026 11:44:27, LastErrorDetails: Container exited with exit code 1 during startup after 20.5s. Please inspect your container logs for more details., Details: Site container: app-devopsapp-task5 terminated during site startup. Cancelling site startup., DetailsLevel: ERR
2026-08-30T11:46:25.5465904+00:00 ContainerStatus: Site startup probe failed after 18.2711434 seconds.
2026-08-30T11:46:25.6979294+00:00 ContainerStatus: State: Stopping, Action: CancellingStartup, LastError: ContainerStartupFailure, LastErrorTimestamp: 08/30/2026 11:46:25, LastErrorDetails: Container exited with exit code 1 during startup after 18.5s. Please inspect your container logs for more details., Details: Site container: app-devopsapp-task5 terminated during site startup. Cancelling site startup., DetailsLevel: ERR
2026-08-30T11:46:25.7095078+00:00 ContainerStatus: Failed to start site. Revert by stopping site.
2026-08-30T11:46:25.7193564+00:00 ContainerStatus: State: Stopping, Action: StoppingSite, LastError: ContainerStartupFailure, LastErrorTimestamp: 08/30/2026 11:46:25, LastErrorDetails: Container exited with exit code 1 during startup after 18.5s. Please inspect your container logs for more details., Details: Site container: app-devopsapp-task5 terminated during site startup. Cancelling site startup., DetailsLevel: ERR
2026-08-30T11:46:25.7492744+00:00 ContainerStatus: State: Stopping, Action: StoppingSiteContainers, LastError: ContainerStartupFailure, LastErrorTimestamp: 08/30/2026 11:46:25, LastErrorDetails: Container exited with exit code 1 during startup after 18.5s. Please inspect your container logs for more details., Details: Site container: app-devopsapp-task5 terminated during site startup. Cancelling site startup., DetailsLevel: ERR
2026-08-30T11:46:26.0002885+00:00 ContainerStatus: Site container: app-devopsapp-task5_managedIdentity terminated during site startup.
2026-08-30T11:46:26.0009508+00:00 ContainerStatus: State: Stopping, Action: StoppingSiteContainers, LastError: ContainerStartupFailure, LastErrorTimestamp: 08/30/2026 11:46:25, LastErrorDetails: Container exited with exit code 1 during startup after 18.5s. Please inspect your container logs for more details., Details: Site container: app-devopsapp-task5 terminated during site startup. Cancelling site startup., DetailsLevel: ERR
2026-08-30T11:46:26.0011795+00:00 ContainerStatus: Site: app-devopsapp-task5 stopped.
========== New Cold Start Attempt (2026-08-30T11:46:26.0187856+00:00) ==========
2026-08-30T11:46:26.0187856+00:00 ContainerStatus: State: Stopping, Action: UnmountingVolumes, LastError: ContainerStartupFailure, LastErrorTimestamp: 08/30/2026 11:46:25, LastErrorDetails: Container exited with exit code 1 during startup after 18.5s. Please inspect your container logs for more details., Details: Site container: app-devopsapp-task5 terminated during site startup. Cancelling site startup., DetailsLevel: ERR
2026-08-30T11:46:26.2804359+00:00 ContainerStatus: State: Stopping, Action: StoppingSiteNetworks, LastError: ContainerStartupFailure, LastErrorTimestamp: 08/30/2026 11:46:25, LastErrorDetails: Container exited with exit code 1 during startup after 18.5s. Please inspect your container logs for more details., Details: Site container: app-devopsapp-task5 terminated during site startup. Cancelling site startup., DetailsLevel: ERR
2026-08-30T11:46:26.5905954+00:00 ContainerStatus: Site: app-devopsapp-task5 will be blocked for 2 minutes till 08/30/2026 11:48:26
2026-08-30T11:46:26.5911413+00:00 ContainerStatus: State: Blocked, Action: StoppingSiteNetworks, LastError: ContainerStartupFailure, LastErrorTimestamp: 08/30/2026 11:46:25, LastErrorDetails: Container exited with exit code 1 during startup after 18.5s. Please inspect your container logs for more details., Details: Site: app-devopsapp-task5 will be blocked for 2 minutes till 08/30/2026 11:48:26, DetailsLevel: WARN
2026-08-30T11:46:26.5913329+00:00 ContainerStatus: State: Stopped, Action: None, LastError: ContainerStartupFailure, LastErrorTimestamp: 08/30/2026 11:46:25, LastErrorDetails: Container exited with exit code 1 during startup after 18.5s. Please inspect your container logs for more details., Details: Site stopped at 08/30/2026 11:46:26 (UTC), DetailsLevel: WARN
2026-08-30T11:46:26.8306689+00:00 ContainerStatus: State: Stopped, Action: None, LastError: ContainerStartupFailure, LastErrorTimestamp: 08/30/2026 11:46:25, LastErrorDetails: Container exited with exit code 1 during startup after 18.5s. Please inspect your container logs for more details., Details: Site stopped at 08/30/2026 11:46:26 (UTC), DetailsLevel: WARN
2026-08-30T11:48:26.5895246+00:00 ContainerStatus: Site: app-devopsapp-task5 is unblocked.
2026-08-30T11:50:53.9487364+00:00 ContainerStatus: State: Starting, Action: EstablishingSiteNetworks, LastError: ContainerStartupFailure, LastErrorTimestamp: 08/30/2026 11:46:25, LastErrorDetails: Container exited with exit code 1 during startup after 18.5s. Please inspect your container logs for more details., Details: Site stopped at 08/30/2026 11:46:26 (UTC), DetailsLevel: WARN
2026-08-30T11:50:57.0633770+00:00 ContainerStatus: State: Starting, Action: StartingMsiContainer, LastError: ContainerStartupFailure, LastErrorTimestamp: 08/30/2026 11:46:25, LastErrorDetails: Container exited with exit code 1 during startup after 18.5s. Please inspect your container logs for more details., Details: Site stopped at 08/30/2026 11:46:26 (UTC), DetailsLevel: WARN
2026-08-30T11:51:07.9303807+00:00 ContainerStatus: State: Starting, Action: StartingSiteContainers, LastError: ContainerStartupFailure, LastErrorTimestamp: 08/30/2026 11:46:25, LastErrorDetails: Container exited with exit code 1 during startup after 18.5s. Please inspect your container logs for more details., Details: Site stopped at 08/30/2026 11:46:26 (UTC), DetailsLevel: WARN
2026-08-30T11:51:07.9304574+00:00 ContainerStatus: Container start method called.
2026-08-30T11:51:07.9304833+00:00 ContainerStatus: State: Starting, Action: PullingImage, LastError: ContainerStartupFailure, LastErrorTimestamp: 08/30/2026 11:46:25, LastErrorDetails: Container exited with exit code 1 during startup after 18.5s. Please inspect your container logs for more details., Details: Pulling image 10.1.0.6:13209/appsvc/node:20-lts_20260710.8.tuxprod for app-devopsapp-task5., DetailsLevel: INFO
2026-08-30T11:51:07.9305088+00:00 ContainerStatus: Establishing network.
2026-08-30T11:51:07.9305419+00:00 ContainerStatus: Pulling image: appsvc/node:20-lts_20260710.8.tuxprod.
2026-08-30T11:51:08.1308925+00:00 ContainerStatus: Container is starting.
2026-08-30T11:51:08.1311178+00:00 ContainerStatus: State: Starting, Action: MountingVolumes, LastError: ContainerStartupFailure, LastErrorTimestamp: 08/30/2026 11:46:25, LastErrorDetails: Container exited with exit code 1 during startup after 18.5s. Please inspect your container logs for more details., Details: Mounting volumes for app-devopsapp-task5., DetailsLevel: INFO
2026-08-30T11:51:08.1314428+00:00 ContainerStatus: Establishing user namespace if not established already.
2026-08-30T11:51:08.1316669+00:00 ContainerStatus: Establishing network if not established already.
2026-08-30T11:51:08.1318507+00:00 ContainerStatus: Mounting volumes.
2026-08-30T11:51:08.1322608+00:00 ContainerStatus: Nested mountpoint site/wwwroot
2026-08-30T11:51:08.1519802+00:00 ContainerStatus: Nested mountpoint volatile/logs
2026-08-30T11:51:08.2014489+00:00 ContainerStatus: Nested mountpoint 
2026-08-30T11:51:08.2020532+00:00 ContainerStatus: Nested mountpoint 
2026-08-30T11:51:08.2898649+00:00 ContainerStatus: Nested mountpoint 
2026-08-30T11:51:08.2901018+00:00 ContainerStatus: Nested mountpoint 
2026-08-30T11:51:08.2906827+00:00 ContainerStatus: Nested mountpoint 
2026-08-30T11:51:08.7127770+00:00 ContainerStatus: State: Starting, Action: CreatingContainer, LastError: ContainerStartupFailure, LastErrorTimestamp: 08/30/2026 11:46:25, LastErrorDetails: Container exited with exit code 1 during startup after 18.5s. Please inspect your container logs for more details., Details: Finished pulling container image and mounting volumes for app-devopsapp-task5. Allocatinng the rest of the container resources to finish container creation., DetailsLevel: INFO
2026-08-30T11:51:08.7128329+00:00 ContainerStatus: Creating container.
2026-08-30T11:51:08.7128778+00:00 ContainerStatus: Creating pipes for streaming container io.
2026-08-30T11:51:08.7129222+00:00 ContainerStatus: Creating stdout named pipe at /podr/container/pipe/1ef702d54537_app-devopsapp-task5/stdout_c6654d5eee314ac9926c025e8129a837.
2026-08-30T11:51:08.7130130+00:00 ContainerStatus: Successfully created stdout named pipe at: /podr/container/pipe/1ef702d54537_app-devopsapp-task5/stdout_c6654d5eee314ac9926c025e8129a837.
2026-08-30T11:51:08.7130526+00:00 ContainerStatus: Opening named pipe /podr/container/pipe/1ef702d54537_app-devopsapp-task5/stdout_c6654d5eee314ac9926c025e8129a837 for reading in non-blocking mode.
2026-08-30T11:51:08.7131019+00:00 ContainerStatus: Successfully opened named pipe: /podr/container/pipe/1ef702d54537_app-devopsapp-task5/stdout_c6654d5eee314ac9926c025e8129a837.
2026-08-30T11:51:08.7131534+00:00 ContainerStatus: Successfully removed non-blocking flag from /podr/container/pipe/1ef702d54537_app-devopsapp-task5/stdout_c6654d5eee314ac9926c025e8129a837.
2026-08-30T11:51:08.7139684+00:00 ContainerStatus: Creating stderr named pipe at /podr/container/pipe/1ef702d54537_app-devopsapp-task5/stderr_4bba8394cafb4ba991f6bab19d5ae167.
2026-08-30T11:51:08.7140536+00:00 ContainerStatus: Successfully created stderr named pipe at: /podr/container/pipe/1ef702d54537_app-devopsapp-task5/stderr_4bba8394cafb4ba991f6bab19d5ae167.
2026-08-30T11:51:08.7140930+00:00 ContainerStatus: Opening named pipe /podr/container/pipe/1ef702d54537_app-devopsapp-task5/stderr_4bba8394cafb4ba991f6bab19d5ae167 for reading in non-blocking mode.
2026-08-30T11:51:08.7141442+00:00 ContainerStatus: Successfully opened named pipe: /podr/container/pipe/1ef702d54537_app-devopsapp-task5/stderr_4bba8394cafb4ba991f6bab19d5ae167.
2026-08-30T11:51:08.7141852+00:00 ContainerStatus: Successfully removed non-blocking flag from /podr/container/pipe/1ef702d54537_app-devopsapp-task5/stderr_4bba8394cafb4ba991f6bab19d5ae167.
2026-08-30T11:51:08.7143870+00:00 ContainerStatus: Overriding PORT environment variable with pre-calculated port: 8080.
2026-08-30T11:51:08.7144535+00:00 ContainerStatus: Setting value of PORT variable to 8080
2026-08-30T11:51:08.7146226+00:00 ContainerStatus: Creating container with image: appsvc/node:20-lts_20260710.8.tuxprod from registry: 10.1.0.6:13209 and fully qualified image name: 10.1.0.6:13209/appsvc/node:20-lts_20260710.8.tuxprod
2026-08-30T11:51:09.3924005+00:00 ContainerStatus: Starting container: 1ef702d54537_app-devopsapp-task5.
2026-08-30T11:51:09.4738780+00:00 ContainerStatus: Starting watchers and probes.
2026-08-30T11:51:09.4740083+00:00 ContainerStatus: Starting metrics collection.
2026-08-30T11:51:09.4740489+00:00 ContainerStatus: Container is running.
2026-08-30T11:51:09.4740929+00:00 ContainerStatus: State: Starting, Action: CreatingContainer, LastError: ContainerStartupFailure, LastErrorTimestamp: 08/30/2026 11:46:25, LastErrorDetails: Container exited with exit code 1 during startup after 18.5s. Please inspect your container logs for more details., Details: Container app-devopsapp-task5 successfully created and is running., DetailsLevel: INFO
2026-08-30T11:51:09.7426940+00:00 ContainerStatus: Container start method finished after 1792 ms.
2026-08-30T11:51:09.7427723+00:00 ContainerStatus: State: Starting, Action: InitiatingSiteWarmUpProbe, LastError: ContainerStartupFailure, LastErrorTimestamp: 08/30/2026 11:46:25, LastErrorDetails: Container exited with exit code 1 during startup after 18.5s. Please inspect your container logs for more details., Details: Container app-devopsapp-task5 successfully created and is running., DetailsLevel: INFO
2026-08-30T11:51:09.7427850+00:00 ContainerStatus: State: Starting, Action: WaitingForSiteWarmUpProbeSuccess, LastError: ContainerStartupFailure, LastErrorTimestamp: 08/30/2026 11:46:25, LastErrorDetails: Container exited with exit code 1 during startup after 18.5s. Please inspect your container logs for more details., Details: Pinging warmup path to ensure container is ready to receive requests., DetailsLevel: INFO
2026-08-30T11:51:09.9232545+00:00 ContainerStream:    _____                               
2026-08-30T11:51:09.9232742+00:00 ContainerStream:   /  _  \ __________ _________   ____  
2026-08-30T11:51:09.9232760+00:00 ContainerStream:  /  /_\  \\___   /  |  \_  __ \_/ __ \ 
2026-08-30T11:51:09.9232776+00:00 ContainerStream: /    |    \/    /|  |  /|  | \/\  ___/ 
2026-08-30T11:51:09.9232791+00:00 ContainerStream: \____|__  /_____ \____/ |__|    \___  >
2026-08-30T11:51:09.9232802+00:00 ContainerStream:         \/      \/                  \/ 
2026-08-30T11:51:09.9232813+00:00 ContainerStream: A P P   S E R V I C E   O N   L I N U X
2026-08-30T11:51:09.9232824+00:00 ContainerStream: 
2026-08-30T11:51:09.9232869+00:00 ContainerStream: Documentation    : http://aka.ms/webapp-linux
2026-08-30T11:51:09.9232882+00:00 ContainerStream: NodeJS quickstart: https://aka.ms/node-qs
2026-08-30T11:51:09.9232894+00:00 ContainerStream: NodeJS Version   : v20.20.2
2026-08-30T11:51:09.9232907+00:00 ContainerStream: Instance Name    : lw0sdlwk0000PM
2026-08-30T11:51:09.9232924+00:00 ContainerStream: Instance Id      : a9cebb550e254ba9270d015acd372767c78fa4f3f79fc353fb793f2912e673b3
2026-08-30T11:51:09.9232934+00:00 ContainerStream: 
2026-08-30T11:51:09.9232948+00:00 ContainerStream: Note: Any data outside '/home' is not persisted
2026-08-30T11:51:12.4546213+00:00 ContainerStream: Starting OpenBSD Secure Shell server: sshd.
2026-08-30T11:51:12.4644191+00:00 ContainerStream: WEBSITES_INCLUDE_CLOUD_CERTS is not set to true.
2026-08-30T11:51:12.4965436+00:00 ContainerStream: Updating certificates in /etc/ssl/certs...
2026-08-30T11:51:24.2735398+00:00 ContainerStream: rehash: warning: skipping duplicate certificate in azl_SSL.com_TLS_ECC_Root_CA_2022.pem
2026-08-30T11:51:24.2743550+00:00 ContainerStream: rehash: warning: skipping duplicate certificate in azl_SSL.com_TLS_RSA_Root_CA_2022.pem
2026-08-30T11:51:24.5628535+00:00 ContainerStream: rehash: warning: skipping ca-certificates.crt,it does not contain exactly one certificate or CRL
2026-08-30T11:51:24.5937611+00:00 ContainerStream: 4 added, 0 removed; done.
2026-08-30T11:51:24.5942526+00:00 ContainerStream: Running hooks in /etc/ca-certificates/update.d...
2026-08-30T11:51:24.6036810+00:00 ContainerStream: done.
2026-08-30T11:51:24.6223731+00:00 ContainerStream: CA certificates copied and updated successfully.
2026-08-30T11:51:24.7539370+00:00 ContainerStream: Starting periodic command scheduler: cron.
2026-08-30T11:51:24.9932167+00:00 ContainerStream: Could not find build manifest file at '/home/site/wwwroot/oryx-manifest.toml'
2026-08-30T11:51:24.9935807+00:00 ContainerStream: Could not find operation ID in manifest. Generating an operation id...
2026-08-30T11:51:24.9938625+00:00 ContainerStream: Build Operation ID: 39ff795c-38e4-40c8-beb5-63d88e86ce0f
2026-08-30T11:51:25.9356408+00:00 ContainerStream: Environment Variables for Application Insight's IPA Codeless Configuration exists..
2026-08-30T11:51:26.0762235+00:00 ContainerStream: Writing output script to '/opt/startup/startup.sh'
2026-08-30T11:51:26.2557183+00:00 ContainerStream: Running #!/bin/sh
2026-08-30T11:51:26.2557446+00:00 ContainerStream: 
2026-08-30T11:51:26.2557467+00:00 ContainerStream: # Enter the source directory to make sure the script runs where the user expects
2026-08-30T11:51:26.2557478+00:00 ContainerStream: cd "/home/site/wwwroot"
2026-08-30T11:51:26.2557491+00:00 ContainerStream: 
2026-08-30T11:51:26.2561158+00:00 ContainerStream: export NODE_PATH=/usr/local/lib/node_modules:$NODE_PATH
2026-08-30T11:51:26.2561196+00:00 ContainerStream: if [ -z "$PORT" ]; then
2026-08-30T11:51:26.2561209+00:00 ContainerStream: 		export PORT=8080
2026-08-30T11:51:26.2561219+00:00 ContainerStream: fi
2026-08-30T11:51:26.2561229+00:00 ContainerStream: 
2026-08-30T11:51:26.2567097+00:00 ContainerStream: npm start
2026-08-30T11:51:27.2787840+00:00 ContainerStream: npm info using npm@10.9.2
2026-08-30T11:51:27.2865712+00:00 ContainerStream: npm info using node@v20.20.2
2026-08-30T11:51:28.8370194+00:00 ContainerStream: 
2026-08-30T11:51:28.8370414+00:00 ContainerStream: > task5-app@1.0.0 start
2026-08-30T11:51:28.8370429+00:00 ContainerStream: > node server.js
2026-08-30T11:51:28.8370440+00:00 ContainerStream: 
2026-08-30T11:51:29.0992479+00:00 ContainerStream: node:internal/modules/cjs/loader:1210
2026-08-30T11:51:29.1161414+00:00 ContainerStream:   throw err;
2026-08-30T11:51:29.1161453+00:00 ContainerStream:   ^
2026-08-30T11:51:29.1161468+00:00 ContainerStream: 
2026-08-30T11:51:29.1161483+00:00 ContainerStream: Error: Cannot find module 'express'
2026-08-30T11:51:29.1161494+00:00 ContainerStream: Require stack:
2026-08-30T11:51:29.1161568+00:00 ContainerStream: - /home/site/wwwroot/server.js
2026-08-30T11:51:29.1161584+00:00 ContainerStream:     at Module._resolveFilename (node:internal/modules/cjs/loader:1207:15)
2026-08-30T11:51:29.1161596+00:00 ContainerStream:     at Module._load (node:internal/modules/cjs/loader:1038:27)
2026-08-30T11:51:29.1161609+00:00 ContainerStream:     at Module.require (node:internal/modules/cjs/loader:1289:19)
2026-08-30T11:51:29.1161622+00:00 ContainerStream:     at require (node:internal/modules/helpers:182:18)
2026-08-30T11:51:29.1161634+00:00 ContainerStream:     at Object.<anonymous> (/home/site/wwwroot/server.js:1:17)
2026-08-30T11:51:29.1161646+00:00 ContainerStream:     at Module._compile (node:internal/modules/cjs/loader:1521:14)
2026-08-30T11:51:29.1161659+00:00 ContainerStream:     at Module._extensions..js (node:internal/modules/cjs/loader:1623:10)
2026-08-30T11:51:29.1161672+00:00 ContainerStream:     at Module.load (node:internal/modules/cjs/loader:1266:32)
2026-08-30T11:51:29.1161685+00:00 ContainerStream:     at Module._load (node:internal/modules/cjs/loader:1091:12)
2026-08-30T11:51:29.1161699+00:00 ContainerStream:     at Function.executeUserEntryPoint [as runMain] (node:internal/modules/run_main:164:12) {
2026-08-30T11:51:29.1161711+00:00 ContainerStream:   code: 'MODULE_NOT_FOUND',
2026-08-30T11:51:29.1161735+00:00 ContainerStream:   requireStack: [ '/home/site/wwwroot/server.js' ]
2026-08-30T11:51:29.1161745+00:00 ContainerStream: }
2026-08-30T11:51:29.1173018+00:00 ContainerStream: 
2026-08-30T11:51:29.1173130+00:00 ContainerStream: Node.js v20.20.2
2026-08-30T11:51:29.2232031+00:00 ContainerStatus: Container has finished running with exit code: 1.
2026-08-30T11:51:29.2236345+00:00 ContainerStatus: Container is terminating. Grace period: 5 seconds.
2026-08-30T11:51:29.2241139+00:00 ContainerStatus: Stop and delete container. Retry count = 0
2026-08-30T11:51:29.2275084+00:00 ContainerStatus: Stopping container: 1ef702d54537_app-devopsapp-task5.
2026-08-30T11:51:29.3190206+00:00 ContainerStatus: Deleting container: 1ef702d54537_app-devopsapp-task5. Retry count = 0
2026-08-30T11:51:29.4901063+00:00 ContainerStatus: Container spec TerminationMessagePolicy  path 
2026-08-30T11:51:29.4977849+00:00 ContainerStatus: Container is terminated. Total time elapsed: 274 ms.
2026-08-30T11:51:29.4978228+00:00 ContainerStatus: Site container: app-devopsapp-task5 terminated during site startup.
2026-08-30T11:51:29.5042855+00:00 ContainerStatus: State: Stopping, Action: CancellingStartup, LastError: ContainerStartupFailure, LastErrorTimestamp: 08/30/2026 11:46:25, LastErrorDetails: Container exited with exit code 1 during startup after 18.5s. Please inspect your container logs for more details., Details: Site container: app-devopsapp-task5 terminated during site startup. Cancelling site startup., DetailsLevel: ERR
2026-08-30T11:51:29.5489027+00:00 ContainerStatus: Site startup probe failed after 19.805871 seconds.
2026-08-30T11:51:29.7431213+00:00 ContainerStatus: State: Stopping, Action: CancellingStartup, LastError: ContainerStartupFailure, LastErrorTimestamp: 08/30/2026 11:51:29, LastErrorDetails: Container exited with exit code 1 during startup after 20.0s. Please inspect your container logs for more details., Details: Site container: app-devopsapp-task5 terminated during site startup. Cancelling site startup., DetailsLevel: ERR
2026-08-30T11:51:29.8100799+00:00 ContainerStatus: Failed to start site. Revert by stopping site.
2026-08-30T11:51:29.8101682+00:00 ContainerStatus: State: Stopping, Action: StoppingSite, LastError: ContainerStartupFailure, LastErrorTimestamp: 08/30/2026 11:51:29, LastErrorDetails: Container exited with exit code 1 during startup after 20.0s. Please inspect your container logs for more details., Details: Site container: app-devopsapp-task5 terminated during site startup. Cancelling site startup., DetailsLevel: ERR
2026-08-30T11:51:29.8427101+00:00 ContainerStatus: State: Stopping, Action: StoppingSiteContainers, LastError: ContainerStartupFailure, LastErrorTimestamp: 08/30/2026 11:51:29, LastErrorDetails: Container exited with exit code 1 during startup after 20.0s. Please inspect your container logs for more details., Details: Site container: app-devopsapp-task5 terminated during site startup. Cancelling site startup., DetailsLevel: ERR
2026-08-30T11:51:30.1077751+00:00 ContainerStatus: Site container: app-devopsapp-task5_managedIdentity terminated during site startup.
2026-08-30T11:51:30.1131738+00:00 ContainerStatus: State: Stopping, Action: StoppingSiteContainers, LastError: ContainerStartupFailure, LastErrorTimestamp: 08/30/2026 11:51:29, LastErrorDetails: Container exited with exit code 1 during startup after 20.0s. Please inspect your container logs for more details., Details: Site container: app-devopsapp-task5 terminated during site startup. Cancelling site startup., DetailsLevel: ERR
2026-08-30T11:51:30.1132507+00:00 ContainerStatus: Site: app-devopsapp-task5 stopped.
========== New Cold Start Attempt (2026-08-30T11:54:24.8017869+00:00) ==========
2026-08-30T11:54:24.8017869+00:00 ContainerStatus: State: Starting, Action: EstablishingSiteNetworks, LastError: ContainerStartupFailure, LastErrorTimestamp: 08/30/2026 11:51:29, LastErrorDetails: Container exited with exit code 1 during startup after 20.0s. Please inspect your container logs for more details., Details: Site stopped at 08/30/2026 11:51:30 (UTC), DetailsLevel: WARN
2026-08-30T11:54:26.7050853+00:00 ContainerStatus: State: Starting, Action: StartingMsiContainer, LastError: ContainerStartupFailure, LastErrorTimestamp: 08/30/2026 11:51:29, LastErrorDetails: Container exited with exit code 1 during startup after 20.0s. Please inspect your container logs for more details., Details: Site stopped at 08/30/2026 11:51:30 (UTC), DetailsLevel: WARN
2026-08-30T11:54:35.7529599+00:00 ContainerStatus: State: Starting, Action: StartingSiteContainers, LastError: ContainerStartupFailure, LastErrorTimestamp: 08/30/2026 11:51:29, LastErrorDetails: Container exited with exit code 1 during startup after 20.0s. Please inspect your container logs for more details., Details: Site stopped at 08/30/2026 11:51:30 (UTC), DetailsLevel: WARN
2026-08-30T11:54:35.7531968+00:00 ContainerStatus: Container start method called.
2026-08-30T11:54:35.7715917+00:00 ContainerStatus: State: Starting, Action: PullingImage, LastError: ContainerStartupFailure, LastErrorTimestamp: 08/30/2026 11:51:29, LastErrorDetails: Container exited with exit code 1 during startup after 20.0s. Please inspect your container logs for more details., Details: Pulling image 10.1.0.4:13209/appsvc/node:20-lts_20260710.8.tuxprod for app-devopsapp-task5., DetailsLevel: INFO
2026-08-30T11:54:35.7723711+00:00 ContainerStatus: Establishing network.
2026-08-30T11:54:35.7724409+00:00 ContainerStatus: Pulling image: appsvc/node:20-lts_20260710.8.tuxprod.
2026-08-30T11:54:36.0032009+00:00 ContainerStatus: Container is starting.
2026-08-30T11:54:36.0032378+00:00 ContainerStatus: State: Starting, Action: MountingVolumes, LastError: ContainerStartupFailure, LastErrorTimestamp: 08/30/2026 11:51:29, LastErrorDetails: Container exited with exit code 1 during startup after 20.0s. Please inspect your container logs for more details., Details: Mounting volumes for app-devopsapp-task5., DetailsLevel: INFO
2026-08-30T11:54:36.0032705+00:00 ContainerStatus: Establishing user namespace if not established already.
2026-08-30T11:54:36.0032952+00:00 ContainerStatus: Establishing network if not established already.
2026-08-30T11:54:36.0042700+00:00 ContainerStatus: Mounting volumes.
2026-08-30T11:54:36.0118400+00:00 ContainerStatus: Nested mountpoint site/wwwroot
2026-08-30T11:54:36.0317490+00:00 ContainerStatus: Nested mountpoint volatile/logs
2026-08-30T11:54:36.0722696+00:00 ContainerStatus: Nested mountpoint 
2026-08-30T11:54:36.0725294+00:00 ContainerStatus: Nested mountpoint 
2026-08-30T11:54:36.0912561+00:00 ContainerStatus: Nested mountpoint 
2026-08-30T11:54:36.0915562+00:00 ContainerStatus: Nested mountpoint 
2026-08-30T11:54:36.1524782+00:00 ContainerStatus: Nested mountpoint 
2026-08-30T11:54:36.8821456+00:00 ContainerStatus: State: Starting, Action: CreatingContainer, LastError: ContainerStartupFailure, LastErrorTimestamp: 08/30/2026 11:51:29, LastErrorDetails: Container exited with exit code 1 during startup after 20.0s. Please inspect your container logs for more details., Details: Finished pulling container image and mounting volumes for app-devopsapp-task5. Allocatinng the rest of the container resources to finish container creation., DetailsLevel: INFO
2026-08-30T11:54:36.8833060+00:00 ContainerStatus: Creating container.
2026-08-30T11:54:36.9029728+00:00 ContainerStatus: Creating pipes for streaming container io.
2026-08-30T11:54:36.9103293+00:00 ContainerStatus: Creating stdout named pipe at /podr/container/pipe/dda890086d76_app-devopsapp-task5/stdout_212dc8806154423ab9deca570356f7ad.
2026-08-30T11:54:36.9105146+00:00 ContainerStatus: Successfully created stdout named pipe at: /podr/container/pipe/dda890086d76_app-devopsapp-task5/stdout_212dc8806154423ab9deca570356f7ad.
2026-08-30T11:54:36.9105734+00:00 ContainerStatus: Opening named pipe /podr/container/pipe/dda890086d76_app-devopsapp-task5/stdout_212dc8806154423ab9deca570356f7ad for reading in non-blocking mode.
2026-08-30T11:54:36.9106316+00:00 ContainerStatus: Successfully opened named pipe: /podr/container/pipe/dda890086d76_app-devopsapp-task5/stdout_212dc8806154423ab9deca570356f7ad.
2026-08-30T11:54:36.9106732+00:00 ContainerStatus: Successfully removed non-blocking flag from /podr/container/pipe/dda890086d76_app-devopsapp-task5/stdout_212dc8806154423ab9deca570356f7ad.
2026-08-30T11:54:36.9115015+00:00 ContainerStatus: Creating stderr named pipe at /podr/container/pipe/dda890086d76_app-devopsapp-task5/stderr_087bffe91c754f11bc41b6eb10a61ee6.
2026-08-30T11:54:36.9115778+00:00 ContainerStatus: Successfully created stderr named pipe at: /podr/container/pipe/dda890086d76_app-devopsapp-task5/stderr_087bffe91c754f11bc41b6eb10a61ee6.
2026-08-30T11:54:36.9116220+00:00 ContainerStatus: Opening named pipe /podr/container/pipe/dda890086d76_app-devopsapp-task5/stderr_087bffe91c754f11bc41b6eb10a61ee6 for reading in non-blocking mode.
2026-08-30T11:54:36.9116715+00:00 ContainerStatus: Successfully opened named pipe: /podr/container/pipe/dda890086d76_app-devopsapp-task5/stderr_087bffe91c754f11bc41b6eb10a61ee6.
2026-08-30T11:54:36.9117098+00:00 ContainerStatus: Successfully removed non-blocking flag from /podr/container/pipe/dda890086d76_app-devopsapp-task5/stderr_087bffe91c754f11bc41b6eb10a61ee6.
2026-08-30T11:54:36.9121074+00:00 ContainerStatus: Overriding PORT environment variable with pre-calculated port: 8080.
2026-08-30T11:54:36.9121593+00:00 ContainerStatus: Setting value of PORT variable to 8080
2026-08-30T11:54:36.9127783+00:00 ContainerStatus: Creating container with image: appsvc/node:20-lts_20260710.8.tuxprod from registry: 10.1.0.4:13209 and fully qualified image name: 10.1.0.4:13209/appsvc/node:20-lts_20260710.8.tuxprod
2026-08-30T11:54:37.8649506+00:00 ContainerStatus: Starting container: dda890086d76_app-devopsapp-task5.
2026-08-30T11:54:37.9340015+00:00 ContainerStatus: Starting watchers and probes.
2026-08-30T11:54:37.9344510+00:00 ContainerStatus: Starting metrics collection.
2026-08-30T11:54:37.9347724+00:00 ContainerStatus: Container is running.
2026-08-30T11:54:37.9348471+00:00 ContainerStatus: State: Starting, Action: CreatingContainer, LastError: ContainerStartupFailure, LastErrorTimestamp: 08/30/2026 11:51:29, LastErrorDetails: Container exited with exit code 1 during startup after 20.0s. Please inspect your container logs for more details., Details: Container app-devopsapp-task5 successfully created and is running., DetailsLevel: INFO
2026-08-30T11:54:38.2748483+00:00 ContainerStatus: Container start method finished after 2521 ms.
2026-08-30T11:54:38.2749648+00:00 ContainerStatus: State: Starting, Action: InitiatingSiteWarmUpProbe, LastError: ContainerStartupFailure, LastErrorTimestamp: 08/30/2026 11:51:29, LastErrorDetails: Container exited with exit code 1 during startup after 20.0s. Please inspect your container logs for more details., Details: Container app-devopsapp-task5 successfully created and is running., DetailsLevel: INFO
2026-08-30T11:54:38.2749995+00:00 ContainerStatus: State: Starting, Action: WaitingForSiteWarmUpProbeSuccess, LastError: ContainerStartupFailure, LastErrorTimestamp: 08/30/2026 11:51:29, LastErrorDetails: Container exited with exit code 1 during startup after 20.0s. Please inspect your container logs for more details., Details: Pinging warmup path to ensure container is ready to receive requests., DetailsLevel: INFO
2026-08-30T11:54:38.6028304+00:00 ContainerStream:    _____                               
2026-08-30T11:54:38.6029128+00:00 ContainerStream:   /  _  \ __________ _________   ____  
2026-08-30T11:54:38.6029154+00:00 ContainerStream:  /  /_\  \\___   /  |  \_  __ \_/ __ \ 
2026-08-30T11:54:38.6029198+00:00 ContainerStream: /    |    \/    /|  |  /|  | \/\  ___/ 
2026-08-30T11:54:38.6029214+00:00 ContainerStream: \____|__  /_____ \____/ |__|    \___  >
2026-08-30T11:54:38.6029230+00:00 ContainerStream:         \/      \/                  \/ 
2026-08-30T11:54:38.6029245+00:00 ContainerStream: A P P   S E R V I C E   O N   L I N U X
2026-08-30T11:54:38.6029261+00:00 ContainerStream: 
2026-08-30T11:54:38.6029280+00:00 ContainerStream: Documentation    : http://aka.ms/webapp-linux
2026-08-30T11:54:38.6029297+00:00 ContainerStream: NodeJS quickstart: https://aka.ms/node-qs
2026-08-30T11:54:38.6029322+00:00 ContainerStream: NodeJS Version   : v20.20.2
2026-08-30T11:54:38.6029337+00:00 ContainerStream: Instance Name    : lw0sdlwk0000PM
2026-08-30T11:54:38.6029356+00:00 ContainerStream: Instance Id      : a9cebb550e254ba9270d015acd372767c78fa4f3f79fc353fb793f2912e673b3
2026-08-30T11:54:38.6029369+00:00 ContainerStream: 
2026-08-30T11:54:38.6029384+00:00 ContainerStream: Note: Any data outside '/home' is not persisted
2026-08-30T11:54:41.0934897+00:00 ContainerStream: Starting OpenBSD Secure Shell server: sshd.
2026-08-30T11:54:41.1045421+00:00 ContainerStream: WEBSITES_INCLUDE_CLOUD_CERTS is not set to true.
2026-08-30T11:54:41.1526868+00:00 ContainerStream: Updating certificates in /etc/ssl/certs...
2026-08-30T11:54:52.8596803+00:00 ContainerStream: rehash: warning: skipping duplicate certificate in azl_SSL.com_TLS_ECC_Root_CA_2022.pem
2026-08-30T11:54:52.8603524+00:00 ContainerStream: rehash: warning: skipping duplicate certificate in azl_SSL.com_TLS_RSA_Root_CA_2022.pem
2026-08-30T11:54:53.0897021+00:00 ContainerStream: rehash: warning: skipping ca-certificates.crt,it does not contain exactly one certificate or CRL
2026-08-30T11:54:53.1295346+00:00 ContainerStream: 4 added, 0 removed; done.
2026-08-30T11:54:53.1300020+00:00 ContainerStream: Running hooks in /etc/ca-certificates/update.d...
2026-08-30T11:54:53.1484797+00:00 ContainerStream: done.
2026-08-30T11:54:53.1597420+00:00 ContainerStream: CA certificates copied and updated successfully.
2026-08-30T11:54:53.4090965+00:00 ContainerStream: Starting periodic command scheduler: cron.
2026-08-30T11:54:53.7699394+00:00 ContainerStream: Could not find build manifest file at '/home/site/wwwroot/oryx-manifest.toml'
2026-08-30T11:54:53.7704196+00:00 ContainerStream: Could not find operation ID in manifest. Generating an operation id...
2026-08-30T11:54:53.7781674+00:00 ContainerStream: Build Operation ID: 9387b570-7ebe-4ee6-8072-439744125da4
2026-08-30T11:54:54.5679819+00:00 ContainerStream: Environment Variables for Application Insight's IPA Codeless Configuration exists..
2026-08-30T11:54:54.7072272+00:00 ContainerStream: Writing output script to '/opt/startup/startup.sh'
2026-08-30T11:54:54.8675704+00:00 ContainerStream: Running #!/bin/sh
2026-08-30T11:54:54.8675908+00:00 ContainerStream: 
2026-08-30T11:54:54.8675938+00:00 ContainerStream: # Enter the source directory to make sure the script runs where the user expects
2026-08-30T11:54:54.8675996+00:00 ContainerStream: cd "/home/site/wwwroot"
2026-08-30T11:54:54.8676010+00:00 ContainerStream: 
2026-08-30T11:54:54.8676026+00:00 ContainerStream: export NODE_PATH=/usr/local/lib/node_modules:$NODE_PATH
2026-08-30T11:54:54.8676040+00:00 ContainerStream: if [ -z "$PORT" ]; then
2026-08-30T11:54:54.8676053+00:00 ContainerStream: 		export PORT=8080
2026-08-30T11:54:54.8676065+00:00 ContainerStream: fi
2026-08-30T11:54:54.8676077+00:00 ContainerStream: 
2026-08-30T11:54:54.8682908+00:00 ContainerStream: PATH="$PATH:/home/site/wwwroot" npm start
2026-08-30T11:54:56.0567009+00:00 ContainerStream: npm info using npm@10.9.2
2026-08-30T11:54:56.0572020+00:00 ContainerStream: npm info using node@v20.20.2
2026-08-30T11:54:57.4180729+00:00 ContainerStream: 
2026-08-30T11:54:57.4180999+00:00 ContainerStream: > task5-app@1.0.0 start
2026-08-30T11:54:57.4181022+00:00 ContainerStream: > node server.js
2026-08-30T11:54:57.4181036+00:00 ContainerStream: 
2026-08-30T11:54:57.6086754+00:00 ContainerStream: node:internal/modules/cjs/loader:1210
2026-08-30T11:54:57.6087107+00:00 ContainerStream:   throw err;
2026-08-30T11:54:57.6087130+00:00 ContainerStream:   ^
2026-08-30T11:54:57.6087145+00:00 ContainerStream: 
2026-08-30T11:54:57.6087165+00:00 ContainerStream: Error: Cannot find module 'express'
2026-08-30T11:54:57.6087180+00:00 ContainerStream: Require stack:
2026-08-30T11:54:57.6087197+00:00 ContainerStream: - /home/site/wwwroot/server.js
2026-08-30T11:54:57.6087271+00:00 ContainerStream:     at Module._resolveFilename (node:internal/modules/cjs/loader:1207:15)
2026-08-30T11:54:57.6087289+00:00 ContainerStream:     at Module._load (node:internal/modules/cjs/loader:1038:27)
2026-08-30T11:54:57.6087318+00:00 ContainerStream:     at Module.require (node:internal/modules/cjs/loader:1289:19)
2026-08-30T11:54:57.6087335+00:00 ContainerStream:     at require (node:internal/modules/helpers:182:18)
2026-08-30T11:54:57.6087351+00:00 ContainerStream:     at Object.<anonymous> (/home/site/wwwroot/server.js:1:17)
2026-08-30T11:54:57.6087367+00:00 ContainerStream:     at Module._compile (node:internal/modules/cjs/loader:1521:14)
2026-08-30T11:54:57.6087383+00:00 ContainerStream:     at Module._extensions..js (node:internal/modules/cjs/loader:1623:10)
2026-08-30T11:54:57.6087400+00:00 ContainerStream:     at Module.load (node:internal/modules/cjs/loader:1266:32)
2026-08-30T11:54:57.6087414+00:00 ContainerStream:     at Module._load (node:internal/modules/cjs/loader:1091:12)
2026-08-30T11:54:57.6087447+00:00 ContainerStream:     at Function.executeUserEntryPoint [as runMain] (node:internal/modules/run_main:164:12) {
2026-08-30T11:54:57.6087473+00:00 ContainerStream:   code: 'MODULE_NOT_FOUND',
2026-08-30T11:54:57.6087488+00:00 ContainerStream:   requireStack: [ '/home/site/wwwroot/server.js' ]
2026-08-30T11:54:57.6087501+00:00 ContainerStream: }
2026-08-30T11:54:57.6095590+00:00 ContainerStream: 
2026-08-30T11:54:57.6095664+00:00 ContainerStream: Node.js v20.20.2
2026-08-30T11:54:57.7875989+00:00 ContainerStatus: Container has finished running with exit code: 1.
2026-08-30T11:54:57.7878632+00:00 ContainerStatus: Container is terminating. Grace period: 5 seconds.
2026-08-30T11:54:57.7882614+00:00 ContainerStatus: Stop and delete container. Retry count = 0
2026-08-30T11:54:57.7885611+00:00 ContainerStatus: Stopping container: dda890086d76_app-devopsapp-task5.
2026-08-30T11:54:57.8589237+00:00 ContainerStatus: Deleting container: dda890086d76_app-devopsapp-task5. Retry count = 0
2026-08-30T11:54:58.0509646+00:00 ContainerStatus: Container spec TerminationMessagePolicy  path 
2026-08-30T11:54:58.0596129+00:00 ContainerStatus: Container is terminated. Total time elapsed: 263 ms.
2026-08-30T11:54:58.0596760+00:00 ContainerStatus: Site container: app-devopsapp-task5 terminated during site startup.
2026-08-30T11:54:58.0597461+00:00 ContainerStatus: State: Stopping, Action: CancellingStartup, LastError: ContainerStartupFailure, LastErrorTimestamp: 08/30/2026 11:51:29, LastErrorDetails: Container exited with exit code 1 during startup after 20.0s. Please inspect your container logs for more details., Details: Site container: app-devopsapp-task5 terminated during site startup. Cancelling site startup., DetailsLevel: ERR
2026-08-30T11:54:58.0997371+00:00 ContainerStatus: Site startup probe failed after 19.8071416 seconds.
2026-08-30T11:54:58.2500860+00:00 ContainerStatus: State: Stopping, Action: CancellingStartup, LastError: ContainerStartupFailure, LastErrorTimestamp: 08/30/2026 11:54:58, LastErrorDetails: Container exited with exit code 1 during startup after 20.1s. Please inspect your container logs for more details., Details: Site container: app-devopsapp-task5 terminated during site startup. Cancelling site startup., DetailsLevel: ERR
2026-08-30T11:54:58.2511698+00:00 ContainerStatus: Failed to start site. Revert by stopping site.
2026-08-30T11:54:58.2512533+00:00 ContainerStatus: State: Stopping, Action: StoppingSite, LastError: ContainerStartupFailure, LastErrorTimestamp: 08/30/2026 11:54:58, LastErrorDetails: Container exited with exit code 1 during startup after 20.1s. Please inspect your container logs for more details., Details: Site container: app-devopsapp-task5 terminated during site startup. Cancelling site startup., DetailsLevel: ERR
2026-08-30T11:54:58.2513776+00:00 ContainerStatus: State: Stopping, Action: StoppingSiteContainers, LastError: ContainerStartupFailure, LastErrorTimestamp: 08/30/2026 11:54:58, LastErrorDetails: Container exited with exit code 1 during startup after 20.1s. Please inspect your container logs for more details., Details: Site container: app-devopsapp-task5 terminated during site startup. Cancelling site startup., DetailsLevel: ERR
2026-08-30T11:54:58.5223178+00:00 ContainerStatus: Site container: app-devopsapp-task5_managedIdentity terminated during site startup.
2026-08-30T11:54:58.5225599+00:00 ContainerStatus: State: Stopping, Action: StoppingSiteContainers, LastError: ContainerStartupFailure, LastErrorTimestamp: 08/30/2026 11:54:58, LastErrorDetails: Container exited with exit code 1 during startup after 20.1s. Please inspect your container logs for more details., Details: Site container: app-devopsapp-task5 terminated during site startup. Cancelling site startup., DetailsLevel: ERR
2026-08-30T11:54:58.5227949+00:00 ContainerStatus: Site: app-devopsapp-task5 stopped.
========== New Cold Start Attempt (2026-08-30T11:58:28.7046951+00:00) ==========
2026-08-30T11:58:28.7046951+00:00 ContainerStatus: State: Starting, Action: EstablishingSiteNetworks, LastError: ContainerStartupFailure, LastErrorTimestamp: 08/30/2026 11:54:58, LastErrorDetails: Container exited with exit code 1 during startup after 20.1s. Please inspect your container logs for more details., Details: Site stopped at 08/30/2026 11:54:59 (UTC), DetailsLevel: ERR
2026-08-30T11:58:30.9771403+00:00 ContainerStatus: State: Starting, Action: StartingMsiContainer, LastError: ContainerStartupFailure, LastErrorTimestamp: 08/30/2026 11:54:58, LastErrorDetails: Container exited with exit code 1 during startup after 20.1s. Please inspect your container logs for more details., Details: Site stopped at 08/30/2026 11:54:59 (UTC), DetailsLevel: ERR
2026-08-30T11:58:39.6593012+00:00 ContainerStatus: State: Starting, Action: StartingSiteContainers, LastError: ContainerStartupFailure, LastErrorTimestamp: 08/30/2026 11:54:58, LastErrorDetails: Container exited with exit code 1 during startup after 20.1s. Please inspect your container logs for more details., Details: Site stopped at 08/30/2026 11:54:59 (UTC), DetailsLevel: ERR
2026-08-30T11:58:39.6595330+00:00 ContainerStatus: Container start method called.
2026-08-30T11:58:39.6767815+00:00 ContainerStatus: State: Starting, Action: PullingImage, LastError: ContainerStartupFailure, LastErrorTimestamp: 08/30/2026 11:54:58, LastErrorDetails: Container exited with exit code 1 during startup after 20.1s. Please inspect your container logs for more details., Details: Pulling image 10.1.0.4:13209/appsvc/node:20-lts_20260710.8.tuxprod for app-devopsapp-task5., DetailsLevel: INFO
2026-08-30T11:58:39.6770964+00:00 ContainerStatus: Establishing network.
2026-08-30T11:58:39.6772012+00:00 ContainerStatus: Pulling image: appsvc/node:20-lts_20260710.8.tuxprod.
2026-08-30T11:58:39.8731280+00:00 ContainerStatus: Container is starting.
2026-08-30T11:58:39.8733318+00:00 ContainerStatus: State: Starting, Action: MountingVolumes, LastError: ContainerStartupFailure, LastErrorTimestamp: 08/30/2026 11:54:58, LastErrorDetails: Container exited with exit code 1 during startup after 20.1s. Please inspect your container logs for more details., Details: Mounting volumes for app-devopsapp-task5., DetailsLevel: INFO
2026-08-30T11:58:39.8735333+00:00 ContainerStatus: Establishing user namespace if not established already.
2026-08-30T11:58:39.8737350+00:00 ContainerStatus: Establishing network if not established already.
2026-08-30T11:58:39.8739343+00:00 ContainerStatus: Mounting volumes.
2026-08-30T11:58:39.8741473+00:00 ContainerStatus: Nested mountpoint site/wwwroot
2026-08-30T11:58:39.9025631+00:00 ContainerStatus: Nested mountpoint volatile/logs
2026-08-30T11:58:39.9139655+00:00 ContainerStatus: Nested mountpoint 
2026-08-30T11:58:39.9141679+00:00 ContainerStatus: Nested mountpoint 
2026-08-30T11:58:39.9834597+00:00 ContainerStatus: Nested mountpoint 
2026-08-30T11:58:39.9923214+00:00 ContainerStatus: Nested mountpoint 
2026-08-30T11:58:40.0023601+00:00 ContainerStatus: Nested mountpoint 
2026-08-30T11:58:40.4854431+00:00 ContainerStatus: State: Starting, Action: CreatingContainer, LastError: ContainerStartupFailure, LastErrorTimestamp: 08/30/2026 11:54:58, LastErrorDetails: Container exited with exit code 1 during startup after 20.1s. Please inspect your container logs for more details., Details: Finished pulling container image and mounting volumes for app-devopsapp-task5. Allocatinng the rest of the container resources to finish container creation., DetailsLevel: INFO
2026-08-30T11:58:40.4855268+00:00 ContainerStatus: Creating container.
2026-08-30T11:58:40.4855781+00:00 ContainerStatus: Creating pipes for streaming container io.
2026-08-30T11:58:40.4856188+00:00 ContainerStatus: Creating stdout named pipe at /podr/container/pipe/9548d958411a_app-devopsapp-task5/stdout_f15214ab09ff4905af65321758524379.
2026-08-30T11:58:40.4857184+00:00 ContainerStatus: Successfully created stdout named pipe at: /podr/container/pipe/9548d958411a_app-devopsapp-task5/stdout_f15214ab09ff4905af65321758524379.
2026-08-30T11:58:40.4857606+00:00 ContainerStatus: Opening named pipe /podr/container/pipe/9548d958411a_app-devopsapp-task5/stdout_f15214ab09ff4905af65321758524379 for reading in non-blocking mode.
2026-08-30T11:58:40.4858076+00:00 ContainerStatus: Successfully opened named pipe: /podr/container/pipe/9548d958411a_app-devopsapp-task5/stdout_f15214ab09ff4905af65321758524379.
2026-08-30T11:58:40.4858497+00:00 ContainerStatus: Successfully removed non-blocking flag from /podr/container/pipe/9548d958411a_app-devopsapp-task5/stdout_f15214ab09ff4905af65321758524379.
2026-08-30T11:58:40.4860354+00:00 ContainerStatus: Creating stderr named pipe at /podr/container/pipe/9548d958411a_app-devopsapp-task5/stderr_93d645286d594ab3b5599fcb24c04e8a.
2026-08-30T11:58:40.4869985+00:00 ContainerStatus: Successfully created stderr named pipe at: /podr/container/pipe/9548d958411a_app-devopsapp-task5/stderr_93d645286d594ab3b5599fcb24c04e8a.
2026-08-30T11:58:40.4870538+00:00 ContainerStatus: Opening named pipe /podr/container/pipe/9548d958411a_app-devopsapp-task5/stderr_93d645286d594ab3b5599fcb24c04e8a for reading in non-blocking mode.
2026-08-30T11:58:40.4871059+00:00 ContainerStatus: Successfully opened named pipe: /podr/container/pipe/9548d958411a_app-devopsapp-task5/stderr_93d645286d594ab3b5599fcb24c04e8a.
2026-08-30T11:58:40.4871455+00:00 ContainerStatus: Successfully removed non-blocking flag from /podr/container/pipe/9548d958411a_app-devopsapp-task5/stderr_93d645286d594ab3b5599fcb24c04e8a.
2026-08-30T11:58:40.4876662+00:00 ContainerStatus: Overriding PORT environment variable with pre-calculated port: 8080.
2026-08-30T11:58:40.4877152+00:00 ContainerStatus: Setting value of PORT variable to 8080
2026-08-30T11:58:40.4878165+00:00 ContainerStatus: Creating container with image: appsvc/node:20-lts_20260710.8.tuxprod from registry: 10.1.0.4:13209 and fully qualified image name: 10.1.0.4:13209/appsvc/node:20-lts_20260710.8.tuxprod
2026-08-30T11:58:40.8689510+00:00 ContainerStatus: Starting container: 9548d958411a_app-devopsapp-task5.
2026-08-30T11:58:40.9587161+00:00 ContainerStatus: Starting watchers and probes.
2026-08-30T11:58:40.9681976+00:00 ContainerStatus: Starting metrics collection.
2026-08-30T11:58:40.9683319+00:00 ContainerStatus: Container is running.
2026-08-30T11:58:40.9771754+00:00 ContainerStatus: State: Starting, Action: CreatingContainer, LastError: ContainerStartupFailure, LastErrorTimestamp: 08/30/2026 11:54:58, LastErrorDetails: Container exited with exit code 1 during startup after 20.1s. Please inspect your container logs for more details., Details: Container app-devopsapp-task5 successfully created and is running., DetailsLevel: INFO
2026-08-30T11:58:41.0186870+00:00 ContainerStatus: Container start method finished after 1358 ms.
2026-08-30T11:58:41.0458485+00:00 ContainerStatus: State: Starting, Action: InitiatingSiteWarmUpProbe, LastError: ContainerStartupFailure, LastErrorTimestamp: 08/30/2026 11:54:58, LastErrorDetails: Container exited with exit code 1 during startup after 20.1s. Please inspect your container logs for more details., Details: Container app-devopsapp-task5 successfully created and is running., DetailsLevel: INFO
2026-08-30T11:58:41.0458869+00:00 ContainerStatus: State: Starting, Action: WaitingForSiteWarmUpProbeSuccess, LastError: ContainerStartupFailure, LastErrorTimestamp: 08/30/2026 11:54:58, LastErrorDetails: Container exited with exit code 1 during startup after 20.1s. Please inspect your container logs for more details., Details: Pinging warmup path to ensure container is ready to receive requests., DetailsLevel: INFO
2026-08-30T11:58:41.2162109+00:00 ContainerStream:    _____                               
2026-08-30T11:58:41.2164178+00:00 ContainerStream:   /  _  \ __________ _________   ____  
2026-08-30T11:58:41.2164239+00:00 ContainerStream:  /  /_\  \\___   /  |  \_  __ \_/ __ \ 
2026-08-30T11:58:41.2164257+00:00 ContainerStream: /    |    \/    /|  |  /|  | \/\  ___/ 
2026-08-30T11:58:41.2164271+00:00 ContainerStream: \____|__  /_____ \____/ |__|    \___  >
2026-08-30T11:58:41.2164309+00:00 ContainerStream:         \/      \/                  \/ 
2026-08-30T11:58:41.2164326+00:00 ContainerStream: A P P   S E R V I C E   O N   L I N U X
2026-08-30T11:58:41.2164340+00:00 ContainerStream: 
2026-08-30T11:58:41.2164358+00:00 ContainerStream: Documentation    : http://aka.ms/webapp-linux
2026-08-30T11:58:41.2164375+00:00 ContainerStream: NodeJS quickstart: https://aka.ms/node-qs
2026-08-30T11:58:41.2164391+00:00 ContainerStream: NodeJS Version   : v20.20.2
2026-08-30T11:58:41.2164406+00:00 ContainerStream: Instance Name    : lw0sdlwk0000PM
2026-08-30T11:58:41.2164432+00:00 ContainerStream: Instance Id      : a9cebb550e254ba9270d015acd372767c78fa4f3f79fc353fb793f2912e673b3
2026-08-30T11:58:41.2164446+00:00 ContainerStream: 
2026-08-30T11:58:41.2164460+00:00 ContainerStream: Note: Any data outside '/home' is not persisted
2026-08-30T11:58:46.8404840+00:00 ContainerStream: Starting OpenBSD Secure Shell server: sshd.
2026-08-30T11:58:46.8507689+00:00 ContainerStream: WEBSITES_INCLUDE_CLOUD_CERTS is not set to true.
2026-08-30T11:58:46.8826121+00:00 ContainerStream: Updating certificates in /etc/ssl/certs...
2026-08-30T11:58:58.2452323+00:00 ContainerStream: rehash: warning: skipping duplicate certificate in azl_SSL.com_TLS_ECC_Root_CA_2022.pem
2026-08-30T11:58:58.2462972+00:00 ContainerStream: rehash: warning: skipping duplicate certificate in azl_SSL.com_TLS_RSA_Root_CA_2022.pem
2026-08-30T11:58:58.4370545+00:00 ContainerStream: rehash: warning: skipping ca-certificates.crt,it does not contain exactly one certificate or CRL
2026-08-30T11:58:58.4665979+00:00 ContainerStream: 4 added, 0 removed; done.
2026-08-30T11:58:58.4670471+00:00 ContainerStream: Running hooks in /etc/ca-certificates/update.d...
2026-08-30T11:58:58.4766794+00:00 ContainerStream: done.
2026-08-30T11:58:58.4956082+00:00 ContainerStream: CA certificates copied and updated successfully.
2026-08-30T11:58:58.5962918+00:00 ContainerStream: Starting periodic command scheduler: cron.
2026-08-30T11:58:58.7855021+00:00 ContainerStream: Could not find build manifest file at '/home/site/wwwroot/oryx-manifest.toml'
2026-08-30T11:58:58.7860291+00:00 ContainerStream: Could not find operation ID in manifest. Generating an operation id...
2026-08-30T11:58:58.7865862+00:00 ContainerStream: Build Operation ID: 6c8b0cdb-7c5c-4a62-80e7-52d206e2ac74
2026-08-30T11:58:59.4770244+00:00 ContainerStream: Environment Variables for Application Insight's IPA Codeless Configuration exists..
2026-08-30T11:58:59.6255777+00:00 ContainerStream: Writing output script to '/opt/startup/startup.sh'
2026-08-30T11:58:59.7876730+00:00 ContainerStream: Running #!/bin/sh
2026-08-30T11:58:59.7876947+00:00 ContainerStream: 
2026-08-30T11:58:59.7876973+00:00 ContainerStream: # Enter the source directory to make sure the script runs where the user expects
2026-08-30T11:58:59.7877026+00:00 ContainerStream: cd "/home/site/wwwroot"
2026-08-30T11:58:59.7877040+00:00 ContainerStream: 
2026-08-30T11:58:59.7877057+00:00 ContainerStream: export NODE_PATH=/usr/local/lib/node_modules:$NODE_PATH
2026-08-30T11:58:59.7877074+00:00 ContainerStream: if [ -z "$PORT" ]; then
2026-08-30T11:58:59.7877088+00:00 ContainerStream: 		export PORT=8080
2026-08-30T11:58:59.7877101+00:00 ContainerStream: fi
2026-08-30T11:58:59.7877115+00:00 ContainerStream: 
2026-08-30T11:58:59.8053157+00:00 ContainerStream: PATH="$PATH:/home/site/wwwroot" npm start
2026-08-30T11:59:01.0285603+00:00 ContainerStream: npm info using npm@10.9.2
2026-08-30T11:59:01.0359244+00:00 ContainerStream: npm info using node@v20.20.2
2026-08-30T11:59:02.4875492+00:00 ContainerStream: 
2026-08-30T11:59:02.4875798+00:00 ContainerStream: > task5-app@1.0.0 start
2026-08-30T11:59:02.4875820+00:00 ContainerStream: > node server.js
2026-08-30T11:59:02.4875834+00:00 ContainerStream: 
2026-08-30T11:59:02.6589020+00:00 ContainerStream: node:internal/modules/cjs/loader:1210
2026-08-30T11:59:02.6589345+00:00 ContainerStream:   throw err;
2026-08-30T11:59:02.6589367+00:00 ContainerStream:   ^
2026-08-30T11:59:02.6589385+00:00 ContainerStream: 
2026-08-30T11:59:02.6589405+00:00 ContainerStream: Error: Cannot find module 'express'
2026-08-30T11:59:02.6589421+00:00 ContainerStream: Require stack:
2026-08-30T11:59:02.6589436+00:00 ContainerStream: - /home/site/wwwroot/server.js
2026-08-30T11:59:02.6589453+00:00 ContainerStream:     at Module._resolveFilename (node:internal/modules/cjs/loader:1207:15)
2026-08-30T11:59:02.6589470+00:00 ContainerStream:     at Module._load (node:internal/modules/cjs/loader:1038:27)
2026-08-30T11:59:02.6589560+00:00 ContainerStream:     at Module.require (node:internal/modules/cjs/loader:1289:19)
2026-08-30T11:59:02.6589579+00:00 ContainerStream:     at require (node:internal/modules/helpers:182:18)
2026-08-30T11:59:02.6589596+00:00 ContainerStream:     at Object.<anonymous> (/home/site/wwwroot/server.js:1:17)
2026-08-30T11:59:02.6589612+00:00 ContainerStream:     at Module._compile (node:internal/modules/cjs/loader:1521:14)
2026-08-30T11:59:02.6589628+00:00 ContainerStream:     at Module._extensions..js (node:internal/modules/cjs/loader:1623:10)
2026-08-30T11:59:02.6589644+00:00 ContainerStream:     at Module.load (node:internal/modules/cjs/loader:1266:32)
2026-08-30T11:59:02.6589659+00:00 ContainerStream:     at Module._load (node:internal/modules/cjs/loader:1091:12)
2026-08-30T11:59:02.6589696+00:00 ContainerStream:     at Function.executeUserEntryPoint [as runMain] (node:internal/modules/run_main:164:12) {
2026-08-30T11:59:02.6589725+00:00 ContainerStream:   code: 'MODULE_NOT_FOUND',
2026-08-30T11:59:02.6589742+00:00 ContainerStream:   requireStack: [ '/home/site/wwwroot/server.js' ]
2026-08-30T11:59:02.6589755+00:00 ContainerStream: }
2026-08-30T11:59:02.6594193+00:00 ContainerStream: 
2026-08-30T11:59:02.6594271+00:00 ContainerStream: Node.js v20.20.2
2026-08-30T11:59:02.7603656+00:00 ContainerStatus: Container has finished running with exit code: 1.
2026-08-30T11:59:02.7605944+00:00 ContainerStatus: Container is terminating. Grace period: 5 seconds.
2026-08-30T11:59:02.7684356+00:00 ContainerStatus: Stop and delete container. Retry count = 0
2026-08-30T11:59:02.7688367+00:00 ContainerStatus: Stopping container: 9548d958411a_app-devopsapp-task5.
2026-08-30T11:59:02.8188775+00:00 ContainerStatus: Deleting container: 9548d958411a_app-devopsapp-task5. Retry count = 0
2026-08-30T11:59:02.9713333+00:00 ContainerStatus: Container spec TerminationMessagePolicy  path 
2026-08-30T11:59:02.9789458+00:00 ContainerStatus: Container is terminated. Total time elapsed: 217 ms.
2026-08-30T11:59:02.9794805+00:00 ContainerStatus: Site container: app-devopsapp-task5 terminated during site startup.
2026-08-30T11:59:02.9798743+00:00 ContainerStatus: State: Stopping, Action: CancellingStartup, LastError: ContainerStartupFailure, LastErrorTimestamp: 08/30/2026 11:54:58, LastErrorDetails: Container exited with exit code 1 during startup after 20.1s. Please inspect your container logs for more details., Details: Site container: app-devopsapp-task5 terminated during site startup. Cancelling site startup., DetailsLevel: ERR
2026-08-30T11:59:02.9994126+00:00 ContainerStatus: Site startup probe failed after 21.9528554 seconds.
2026-08-30T11:59:03.1806184+00:00 ContainerStatus: State: Stopping, Action: CancellingStartup, LastError: ContainerStartupFailure, LastErrorTimestamp: 08/30/2026 11:59:03, LastErrorDetails: Container exited with exit code 1 during startup after 22.0s. Please inspect your container logs for more details., Details: Site container: app-devopsapp-task5 terminated during site startup. Cancelling site startup., DetailsLevel: ERR
2026-08-30T11:59:03.1899188+00:00 ContainerStatus: Failed to start site. Revert by stopping site.
2026-08-30T11:59:03.1902154+00:00 ContainerStatus: State: Stopping, Action: StoppingSite, LastError: ContainerStartupFailure, LastErrorTimestamp: 08/30/2026 11:59:03, LastErrorDetails: Container exited with exit code 1 during startup after 22.0s. Please inspect your container logs for more details., Details: Site container: app-devopsapp-task5 terminated during site startup. Cancelling site startup., DetailsLevel: ERR
2026-08-30T11:59:03.1905941+00:00 ContainerStatus: State: Stopping, Action: StoppingSiteContainers, LastError: ContainerStartupFailure, LastErrorTimestamp: 08/30/2026 11:59:03, LastErrorDetails: Container exited with exit code 1 during startup after 22.0s. Please inspect your container logs for more details., Details: Site container: app-devopsapp-task5 terminated during site startup. Cancelling site startup., DetailsLevel: ERR
2026-08-30T11:59:03.5295134+00:00 ContainerStatus: Site container: app-devopsapp-task5_managedIdentity terminated during site startup.
2026-08-30T11:59:03.5298761+00:00 ContainerStatus: State: Stopping, Action: StoppingSiteContainers, LastError: ContainerStartupFailure, LastErrorTimestamp: 08/30/2026 11:59:03, LastErrorDetails: Container exited with exit code 1 during startup after 22.0s. Please inspect your container logs for more details., Details: Site container: app-devopsapp-task5 terminated during site startup. Cancelling site startup., DetailsLevel: ERR
2026-08-30T11:59:03.5301108+00:00 ContainerStatus: Site: app-devopsapp-task5 stopped.
========== New Cold Start Attempt (2026-08-30T11:59:03.5391640+00:00) ==========
2026-08-30T11:59:03.5391640+00:00 ContainerStatus: State: Stopping, Action: UnmountingVolumes, LastError: ContainerStartupFailure, LastErrorTimestamp: 08/30/2026 11:59:03, LastErrorDetails: Container exited with exit code 1 during startup after 22.0s. Please inspect your container logs for more details., Details: Site container: app-devopsapp-task5 terminated during site startup. Cancelling site startup., DetailsLevel: ERR
2026-08-30T11:59:03.9036292+00:00 ContainerStatus: State: Stopping, Action: StoppingSiteNetworks, LastError: ContainerStartupFailure, LastErrorTimestamp: 08/30/2026 11:59:03, LastErrorDetails: Container exited with exit code 1 during startup after 22.0s. Please inspect your container logs for more details., Details: Site container: app-devopsapp-task5 terminated during site startup. Cancelling site startup., DetailsLevel: ERR
2026-08-30T11:59:04.3649424+00:00 ContainerStatus: State: Stopped, Action: None, LastError: ContainerStartupFailure, LastErrorTimestamp: 08/30/2026 11:59:03, LastErrorDetails: Container exited with exit code 1 during startup after 22.0s. Please inspect your container logs for more details., Details: Site stopped at 08/30/2026 11:59:04 (UTC), DetailsLevel: ERR
2026-08-30T11:59:04.6434837+00:00 ContainerStatus: State: Stopped, Action: None, LastError: ContainerStartupFailure, LastErrorTimestamp: 08/30/2026 11:59:03, LastErrorDetails: Container exited with exit code 1 during startup after 22.0s. Please inspect your container logs for more details., Details: Site stopped at 08/30/2026 11:59:04 (UTC), DetailsLevel: ERR
2026-08-30T11:59:14.0639565+00:00 ContainerStatus: State: Starting, Action: EstablishingSiteNetworks, LastError: ContainerStartupFailure, LastErrorTimestamp: 08/30/2026 11:59:03, LastErrorDetails: Container exited with exit code 1 during startup after 22.0s. Please inspect your container logs for more details., Details: Site stopped at 08/30/2026 11:59:04 (UTC), DetailsLevel: ERR
2026-08-30T11:59:16.0853012+00:00 ContainerStatus: State: Starting, Action: StartingMsiContainer, LastError: ContainerStartupFailure, LastErrorTimestamp: 08/30/2026 11:59:03, LastErrorDetails: Container exited with exit code 1 during startup after 22.0s. Please inspect your container logs for more details., Details: Site stopped at 08/30/2026 11:59:04 (UTC), DetailsLevel: ERR
2026-08-30T11:59:25.0074036+00:00 ContainerStatus: State: Starting, Action: StartingSiteContainers, LastError: ContainerStartupFailure, LastErrorTimestamp: 08/30/2026 11:59:03, LastErrorDetails: Container exited with exit code 1 during startup after 22.0s. Please inspect your container logs for more details., Details: Site stopped at 08/30/2026 11:59:04 (UTC), DetailsLevel: ERR
2026-08-30T11:59:25.0075617+00:00 ContainerStatus: Container start method called.
2026-08-30T11:59:25.0080219+00:00 ContainerStatus: State: Starting, Action: PullingImage, LastError: ContainerStartupFailure, LastErrorTimestamp: 08/30/2026 11:59:03, LastErrorDetails: Container exited with exit code 1 during startup after 22.0s. Please inspect your container logs for more details., Details: Pulling image 10.1.0.4:13209/appsvc/node:20-lts_20260710.8.tuxprod for app-devopsapp-task5., DetailsLevel: INFO
2026-08-30T11:59:25.0081709+00:00 ContainerStatus: Establishing network.
2026-08-30T11:59:25.0084031+00:00 ContainerStatus: Pulling image: appsvc/node:20-lts_20260710.8.tuxprod.
2026-08-30T11:59:25.2196232+00:00 ContainerStatus: Container is starting.
2026-08-30T11:59:25.2197014+00:00 ContainerStatus: State: Starting, Action: MountingVolumes, LastError: ContainerStartupFailure, LastErrorTimestamp: 08/30/2026 11:59:03, LastErrorDetails: Container exited with exit code 1 during startup after 22.0s. Please inspect your container logs for more details., Details: Mounting volumes for app-devopsapp-task5., DetailsLevel: INFO
2026-08-30T11:59:25.2197769+00:00 ContainerStatus: Establishing user namespace if not established already.
2026-08-30T11:59:25.2198294+00:00 ContainerStatus: Establishing network if not established already.
2026-08-30T11:59:25.2198800+00:00 ContainerStatus: Mounting volumes.
2026-08-30T11:59:25.2199489+00:00 ContainerStatus: Nested mountpoint site/wwwroot
2026-08-30T11:59:25.2305268+00:00 ContainerStatus: Nested mountpoint volatile/logs
2026-08-30T11:59:25.2789416+00:00 ContainerStatus: Nested mountpoint 
2026-08-30T11:59:25.2803338+00:00 ContainerStatus: Nested mountpoint 
2026-08-30T11:59:25.3102554+00:00 ContainerStatus: Nested mountpoint 
2026-08-30T11:59:25.3509219+00:00 ContainerStatus: Nested mountpoint 
2026-08-30T11:59:25.4407057+00:00 ContainerStatus: Nested mountpoint 
2026-08-30T11:59:25.8506542+00:00 ContainerStatus: State: Starting, Action: CreatingContainer, LastError: ContainerStartupFailure, LastErrorTimestamp: 08/30/2026 11:59:03, LastErrorDetails: Container exited with exit code 1 during startup after 22.0s. Please inspect your container logs for more details., Details: Finished pulling container image and mounting volumes for app-devopsapp-task5. Allocatinng the rest of the container resources to finish container creation., DetailsLevel: INFO
2026-08-30T11:59:25.8508828+00:00 ContainerStatus: Creating container.
2026-08-30T11:59:25.8510996+00:00 ContainerStatus: Creating pipes for streaming container io.
2026-08-30T11:59:25.8513123+00:00 ContainerStatus: Creating stdout named pipe at /podr/container/pipe/be760de77f1d_app-devopsapp-task5/stdout_d726074487184006914ad8bc250f8a01.
2026-08-30T11:59:25.8515895+00:00 ContainerStatus: Successfully created stdout named pipe at: /podr/container/pipe/be760de77f1d_app-devopsapp-task5/stdout_d726074487184006914ad8bc250f8a01.
2026-08-30T11:59:25.8518338+00:00 ContainerStatus: Opening named pipe /podr/container/pipe/be760de77f1d_app-devopsapp-task5/stdout_d726074487184006914ad8bc250f8a01 for reading in non-blocking mode.
2026-08-30T11:59:25.8604820+00:00 ContainerStatus: Successfully opened named pipe: /podr/container/pipe/be760de77f1d_app-devopsapp-task5/stdout_d726074487184006914ad8bc250f8a01.
2026-08-30T11:59:25.8605865+00:00 ContainerStatus: Successfully removed non-blocking flag from /podr/container/pipe/be760de77f1d_app-devopsapp-task5/stdout_d726074487184006914ad8bc250f8a01.
2026-08-30T11:59:25.8606985+00:00 ContainerStatus: Creating stderr named pipe at /podr/container/pipe/be760de77f1d_app-devopsapp-task5/stderr_91d2efcd22a3406ab9bf1544fddbe508.
2026-08-30T11:59:25.8607708+00:00 ContainerStatus: Successfully created stderr named pipe at: /podr/container/pipe/be760de77f1d_app-devopsapp-task5/stderr_91d2efcd22a3406ab9bf1544fddbe508.
2026-08-30T11:59:25.8608244+00:00 ContainerStatus: Opening named pipe /podr/container/pipe/be760de77f1d_app-devopsapp-task5/stderr_91d2efcd22a3406ab9bf1544fddbe508 for reading in non-blocking mode.
2026-08-30T11:59:25.8608758+00:00 ContainerStatus: Successfully opened named pipe: /podr/container/pipe/be760de77f1d_app-devopsapp-task5/stderr_91d2efcd22a3406ab9bf1544fddbe508.
2026-08-30T11:59:25.8609142+00:00 ContainerStatus: Successfully removed non-blocking flag from /podr/container/pipe/be760de77f1d_app-devopsapp-task5/stderr_91d2efcd22a3406ab9bf1544fddbe508.
2026-08-30T11:59:25.8610351+00:00 ContainerStatus: Overriding PORT environment variable with pre-calculated port: 8080.
2026-08-30T11:59:25.8610722+00:00 ContainerStatus: Setting value of PORT variable to 8080
2026-08-30T11:59:25.8611495+00:00 ContainerStatus: Creating container with image: appsvc/node:20-lts_20260710.8.tuxprod from registry: 10.1.0.4:13209 and fully qualified image name: 10.1.0.4:13209/appsvc/node:20-lts_20260710.8.tuxprod
2026-08-30T11:59:26.1815284+00:00 ContainerStatus: Starting container: be760de77f1d_app-devopsapp-task5.
2026-08-30T11:59:26.2698244+00:00 ContainerStatus: Starting watchers and probes.
2026-08-30T11:59:26.2699617+00:00 ContainerStatus: Starting metrics collection.
2026-08-30T11:59:26.2702536+00:00 ContainerStatus: Container is running.
2026-08-30T11:59:26.2702996+00:00 ContainerStatus: State: Starting, Action: CreatingContainer, LastError: ContainerStartupFailure, LastErrorTimestamp: 08/30/2026 11:59:03, LastErrorDetails: Container exited with exit code 1 during startup after 22.0s. Please inspect your container logs for more details., Details: Container app-devopsapp-task5 successfully created and is running., DetailsLevel: INFO
2026-08-30T11:59:26.4700246+00:00 ContainerStatus: Container start method finished after 1462 ms.
2026-08-30T11:59:26.4700987+00:00 ContainerStatus: State: Starting, Action: InitiatingSiteWarmUpProbe, LastError: ContainerStartupFailure, LastErrorTimestamp: 08/30/2026 11:59:03, LastErrorDetails: Container exited with exit code 1 during startup after 22.0s. Please inspect your container logs for more details., Details: Container app-devopsapp-task5 successfully created and is running., DetailsLevel: INFO
2026-08-30T11:59:26.4701099+00:00 ContainerStatus: State: Starting, Action: WaitingForSiteWarmUpProbeSuccess, LastError: ContainerStartupFailure, LastErrorTimestamp: 08/30/2026 11:59:03, LastErrorDetails: Container exited with exit code 1 during startup after 22.0s. Please inspect your container logs for more details., Details: Pinging warmup path to ensure container is ready to receive requests., DetailsLevel: INFO
2026-08-30T11:59:26.6100836+00:00 ContainerStream:    _____                               
2026-08-30T11:59:26.6101009+00:00 ContainerStream:   /  _  \ __________ _________   ____  
2026-08-30T11:59:26.6101026+00:00 ContainerStream:  /  /_\  \\___   /  |  \_  __ \_/ __ \ 
2026-08-30T11:59:26.6101039+00:00 ContainerStream: /    |    \/    /|  |  /|  | \/\  ___/ 
2026-08-30T11:59:26.6101077+00:00 ContainerStream: \____|__  /_____ \____/ |__|    \___  >
2026-08-30T11:59:26.6101090+00:00 ContainerStream:         \/      \/                  \/ 
2026-08-30T11:59:26.6101101+00:00 ContainerStream: A P P   S E R V I C E   O N   L I N U X
2026-08-30T11:59:26.6101111+00:00 ContainerStream: 
2026-08-30T11:59:26.6101124+00:00 ContainerStream: Documentation    : http://aka.ms/webapp-linux
2026-08-30T11:59:26.6101138+00:00 ContainerStream: NodeJS quickstart: https://aka.ms/node-qs
2026-08-30T11:59:26.6101150+00:00 ContainerStream: NodeJS Version   : v20.20.2
2026-08-30T11:59:26.6101163+00:00 ContainerStream: Instance Name    : lw0sdlwk0000PM
2026-08-30T11:59:26.6101180+00:00 ContainerStream: Instance Id      : a9cebb550e254ba9270d015acd372767c78fa4f3f79fc353fb793f2912e673b3
2026-08-30T11:59:26.6101190+00:00 ContainerStream: 
2026-08-30T11:59:26.6101204+00:00 ContainerStream: Note: Any data outside '/home' is not persisted
2026-08-30T11:59:28.5921959+00:00 ContainerStream: Starting OpenBSD Secure Shell server: sshd.
2026-08-30T11:59:28.6097117+00:00 ContainerStream: WEBSITES_INCLUDE_CLOUD_CERTS is not set to true.
2026-08-30T11:59:28.6415424+00:00 ContainerStream: Updating certificates in /etc/ssl/certs...
2026-08-30T11:59:39.9169228+00:00 ContainerStream: rehash: warning: skipping duplicate certificate in azl_SSL.com_TLS_ECC_Root_CA_2022.pem
2026-08-30T11:59:39.9257372+00:00 ContainerStream: rehash: warning: skipping duplicate certificate in azl_SSL.com_TLS_RSA_Root_CA_2022.pem
2026-08-30T11:59:40.1663032+00:00 ContainerStream: rehash: warning: skipping ca-certificates.crt,it does not contain exactly one certificate or CRL
2026-08-30T11:59:40.2171889+00:00 ContainerStream: 4 added, 0 removed; done.
2026-08-30T11:59:40.2266907+00:00 ContainerStream: Running hooks in /etc/ca-certificates/update.d...
2026-08-30T11:59:40.2358476+00:00 ContainerStream: done.
2026-08-30T11:59:40.2561054+00:00 ContainerStream: CA certificates copied and updated successfully.
2026-08-30T11:59:40.4169348+00:00 ContainerStream: Starting periodic command scheduler: cron.
2026-08-30T11:59:40.6763037+00:00 ContainerStream: Could not find build manifest file at '/home/site/wwwroot/oryx-manifest.toml'
2026-08-30T11:59:40.6768127+00:00 ContainerStream: Could not find operation ID in manifest. Generating an operation id...
2026-08-30T11:59:40.6771878+00:00 ContainerStream: Build Operation ID: abaa2c02-5ad7-4195-b276-ac8eae137d2a
2026-08-30T11:59:41.3375588+00:00 ContainerStream: Environment Variables for Application Insight's IPA Codeless Configuration exists..
2026-08-30T11:59:41.5060694+00:00 ContainerStream: Writing output script to '/opt/startup/startup.sh'
2026-08-30T11:59:41.6576077+00:00 ContainerStream: Running #!/bin/sh
2026-08-30T11:59:41.6576330+00:00 ContainerStream: 
2026-08-30T11:59:41.6576356+00:00 ContainerStream: # Enter the source directory to make sure the script runs where the user expects
2026-08-30T11:59:41.6576371+00:00 ContainerStream: cd "/home/site/wwwroot"
2026-08-30T11:59:41.6576382+00:00 ContainerStream: 
2026-08-30T11:59:41.6576396+00:00 ContainerStream: export NODE_PATH=/usr/local/lib/node_modules:$NODE_PATH
2026-08-30T11:59:41.6576408+00:00 ContainerStream: if [ -z "$PORT" ]; then
2026-08-30T11:59:41.6576419+00:00 ContainerStream: 		export PORT=8080
2026-08-30T11:59:41.6576511+00:00 ContainerStream: fi
2026-08-30T11:59:41.6576523+00:00 ContainerStream: 
2026-08-30T11:59:41.6579646+00:00 ContainerStream: PATH="$PATH:/home/site/wwwroot" npm start
2026-08-30T11:59:42.5381439+00:00 ContainerStream: npm info using npm@10.9.2
2026-08-30T11:59:42.5388557+00:00 ContainerStream: npm info using node@v20.20.2
2026-08-30T11:59:43.7395016+00:00 ContainerStream: 
2026-08-30T11:59:43.7395220+00:00 ContainerStream: > task5-app@1.0.0 start
2026-08-30T11:59:43.7395299+00:00 ContainerStream: > node server.js
2026-08-30T11:59:43.7395310+00:00 ContainerStream: 
2026-08-30T11:59:43.9285366+00:00 ContainerStream: node:internal/modules/cjs/loader:1210
2026-08-30T11:59:43.9285601+00:00 ContainerStream:   throw err;
2026-08-30T11:59:43.9285616+00:00 ContainerStream:   ^
2026-08-30T11:59:43.9285627+00:00 ContainerStream: 
2026-08-30T11:59:43.9285640+00:00 ContainerStream: Error: Cannot find module 'express'
2026-08-30T11:59:43.9285650+00:00 ContainerStream: Require stack:
2026-08-30T11:59:43.9285662+00:00 ContainerStream: - /home/site/wwwroot/server.js
2026-08-30T11:59:43.9285679+00:00 ContainerStream:     at Module._resolveFilename (node:internal/modules/cjs/loader:1207:15)
2026-08-30T11:59:43.9285694+00:00 ContainerStream:     at Module._load (node:internal/modules/cjs/loader:1038:27)
2026-08-30T11:59:43.9285706+00:00 ContainerStream:     at Module.require (node:internal/modules/cjs/loader:1289:19)
2026-08-30T11:59:43.9285719+00:00 ContainerStream:     at require (node:internal/modules/helpers:182:18)
2026-08-30T11:59:43.9285777+00:00 ContainerStream:     at Object.<anonymous> (/home/site/wwwroot/server.js:1:17)
2026-08-30T11:59:43.9285790+00:00 ContainerStream:     at Module._compile (node:internal/modules/cjs/loader:1521:14)
2026-08-30T11:59:43.9285802+00:00 ContainerStream:     at Module._extensions..js (node:internal/modules/cjs/loader:1623:10)
2026-08-30T11:59:43.9285876+00:00 ContainerStream:     at Module.load (node:internal/modules/cjs/loader:1266:32)
2026-08-30T11:59:43.9285889+00:00 ContainerStream:     at Module._load (node:internal/modules/cjs/loader:1091:12)
2026-08-30T11:59:43.9285903+00:00 ContainerStream:     at Function.executeUserEntryPoint [as runMain] (node:internal/modules/run_main:164:12) {
2026-08-30T11:59:43.9285913+00:00 ContainerStream:   code: 'MODULE_NOT_FOUND',
2026-08-30T11:59:43.9285925+00:00 ContainerStream:   requireStack: [ '/home/site/wwwroot/server.js' ]
2026-08-30T11:59:43.9285939+00:00 ContainerStream: }
2026-08-30T11:59:43.9291295+00:00 ContainerStream: 
2026-08-30T11:59:43.9291361+00:00 ContainerStream: Node.js v20.20.2
2026-08-30T11:59:44.0090777+00:00 ContainerStatus: Container has finished running with exit code: 1.
2026-08-30T11:59:44.0092933+00:00 ContainerStatus: Container is terminating. Grace period: 5 seconds.
2026-08-30T11:59:44.0096803+00:00 ContainerStatus: Stop and delete container. Retry count = 0
2026-08-30T11:59:44.0174341+00:00 ContainerStatus: Stopping container: be760de77f1d_app-devopsapp-task5.
2026-08-30T11:59:44.0492376+00:00 ContainerStatus: Deleting container: be760de77f1d_app-devopsapp-task5. Retry count = 0
2026-08-30T11:59:44.1993923+00:00 ContainerStatus: Container spec TerminationMessagePolicy  path 
2026-08-30T11:59:44.2168060+00:00 ContainerStatus: Container is terminated. Total time elapsed: 190 ms.
2026-08-30T11:59:44.2169140+00:00 ContainerStatus: Site container: app-devopsapp-task5 terminated during site startup.
2026-08-30T11:59:44.2172942+00:00 ContainerStatus: State: Stopping, Action: CancellingStartup, LastError: ContainerStartupFailure, LastErrorTimestamp: 08/30/2026 11:59:03, LastErrorDetails: Container exited with exit code 1 during startup after 22.0s. Please inspect your container logs for more details., Details: Site container: app-devopsapp-task5 terminated during site startup. Cancelling site startup., DetailsLevel: ERR
2026-08-30T11:59:44.2282487+00:00 ContainerStatus: Site startup probe failed after 17.7576261 seconds.
2026-08-30T11:59:44.3896952+00:00 ContainerStatus: State: Stopping, Action: CancellingStartup, LastError: ContainerStartupFailure, LastErrorTimestamp: 08/30/2026 11:59:44, LastErrorDetails: Container exited with exit code 1 during startup after 17.9s. Please inspect your container logs for more details., Details: Site container: app-devopsapp-task5 terminated during site startup. Cancelling site startup., DetailsLevel: ERR
2026-08-30T11:59:44.3975604+00:00 ContainerStatus: Failed to start site. Revert by stopping site.
2026-08-30T11:59:44.3976879+00:00 ContainerStatus: State: Stopping, Action: StoppingSite, LastError: ContainerStartupFailure, LastErrorTimestamp: 08/30/2026 11:59:44, LastErrorDetails: Container exited with exit code 1 during startup after 17.9s. Please inspect your container logs for more details., Details: Site container: app-devopsapp-task5 terminated during site startup. Cancelling site startup., DetailsLevel: ERR
2026-08-30T11:59:44.3978099+00:00 ContainerStatus: State: Stopping, Action: StoppingSiteContainers, LastError: ContainerStartupFailure, LastErrorTimestamp: 08/30/2026 11:59:44, LastErrorDetails: Container exited with exit code 1 during startup after 17.9s. Please inspect your container logs for more details., Details: Site container: app-devopsapp-task5 terminated during site startup. Cancelling site startup., DetailsLevel: ERR
2026-08-30T11:59:44.6579319+00:00 ContainerStatus: Site container: app-devopsapp-task5_managedIdentity terminated during site startup.
2026-08-30T11:59:44.6581113+00:00 ContainerStatus: State: Stopping, Action: StoppingSiteContainers, LastError: ContainerStartupFailure, LastErrorTimestamp: 08/30/2026 11:59:44, LastErrorDetails: Container exited with exit code 1 during startup after 17.9s. Please inspect your container logs for more details., Details: Site container: app-devopsapp-task5 terminated during site startup. Cancelling site startup., DetailsLevel: ERR
2026-08-30T11:59:44.6581803+00:00 ContainerStatus: Site: app-devopsapp-task5 stopped.
========== New Cold Start Attempt (2026-08-30T11:59:44.6827254+00:00) ==========
2026-08-30T11:59:44.6827254+00:00 ContainerStatus: State: Stopping, Action: UnmountingVolumes, LastError: ContainerStartupFailure, LastErrorTimestamp: 08/30/2026 11:59:44, LastErrorDetails: Container exited with exit code 1 during startup after 17.9s. Please inspect your container logs for more details., Details: Site container: app-devopsapp-task5 terminated during site startup. Cancelling site startup., DetailsLevel: ERR
2026-08-30T11:59:44.9381849+00:00 ContainerStatus: State: Stopping, Action: StoppingSiteNetworks, LastError: ContainerStartupFailure, LastErrorTimestamp: 08/30/2026 11:59:44, LastErrorDetails: Container exited with exit code 1 during startup after 17.9s. Please inspect your container logs for more details., Details: Site container: app-devopsapp-task5 terminated during site startup. Cancelling site startup., DetailsLevel: ERR
2026-08-30T11:59:45.3184853+00:00 ContainerStatus: Site: app-devopsapp-task5 will be blocked for 1 minutes till 08/30/2026 12:00:45
2026-08-30T11:59:45.3187403+00:00 ContainerStatus: State: Blocked, Action: StoppingSiteNetworks, LastError: ContainerStartupFailure, LastErrorTimestamp: 08/30/2026 11:59:44, LastErrorDetails: Container exited with exit code 1 during startup after 17.9s. Please inspect your container logs for more details., Details: Site: app-devopsapp-task5 will be blocked for 1 minutes till 08/30/2026 12:00:45, DetailsLevel: WARN
2026-08-30T11:59:45.3200131+00:00 ContainerStatus: State: Stopped, Action: None, LastError: ContainerStartupFailure, LastErrorTimestamp: 08/30/2026 11:59:44, LastErrorDetails: Container exited with exit code 1 during startup after 17.9s. Please inspect your container logs for more details., Details: Site stopped at 08/30/2026 11:59:45 (UTC), DetailsLevel: WARN
2026-08-30T11:59:45.7510025+00:00 ContainerStatus: State: Stopped, Action: None, LastError: ContainerStartupFailure, LastErrorTimestamp: 08/30/2026 11:59:44, LastErrorDetails: Container exited with exit code 1 during startup after 17.9s. Please inspect your container logs for more details., Details: Site stopped at 08/30/2026 11:59:45 (UTC), DetailsLevel: WARN
2026-08-30T12:00:45.3194549+00:00 ContainerStatus: Site: app-devopsapp-task5 is unblocked.
2026-08-30T12:04:14.3012025+00:00 ContainerStatus: State: Starting, Action: EstablishingSiteNetworks, LastError: ContainerStartupFailure, LastErrorTimestamp: 08/30/2026 11:59:44, LastErrorDetails: Container exited with exit code 1 during startup after 17.9s. Please inspect your container logs for more details., Details: Site stopped at 08/30/2026 11:59:45 (UTC), DetailsLevel: WARN
2026-08-30T12:04:16.1650250+00:00 ContainerStatus: State: Starting, Action: StartingMsiContainer, LastError: ContainerStartupFailure, LastErrorTimestamp: 08/30/2026 11:59:44, LastErrorDetails: Container exited with exit code 1 during startup after 17.9s. Please inspect your container logs for more details., Details: Site stopped at 08/30/2026 11:59:45 (UTC), DetailsLevel: WARN
2026-08-30T12:04:25.2230592+00:00 ContainerStatus: State: Starting, Action: StartingSiteContainers, LastError: ContainerStartupFailure, LastErrorTimestamp: 08/30/2026 11:59:44, LastErrorDetails: Container exited with exit code 1 during startup after 17.9s. Please inspect your container logs for more details., Details: Site stopped at 08/30/2026 11:59:45 (UTC), DetailsLevel: WARN
2026-08-30T12:04:25.2231013+00:00 ContainerStatus: Container start method called.
2026-08-30T12:04:25.2231188+00:00 ContainerStatus: State: Starting, Action: PullingImage, LastError: ContainerStartupFailure, LastErrorTimestamp: 08/30/2026 11:59:44, LastErrorDetails: Container exited with exit code 1 during startup after 17.9s. Please inspect your container logs for more details., Details: Pulling image 10.1.0.4:13209/appsvc/node:20-lts_20260710.8.tuxprod for app-devopsapp-task5., DetailsLevel: INFO
2026-08-30T12:04:25.2231414+00:00 ContainerStatus: Establishing network.
2026-08-30T12:04:25.2231691+00:00 ContainerStatus: Pulling image: appsvc/node:20-lts_20260710.8.tuxprod.
2026-08-30T12:04:25.3962463+00:00 ContainerStatus: Container is starting.
2026-08-30T12:04:25.3964785+00:00 ContainerStatus: State: Starting, Action: MountingVolumes, LastError: ContainerStartupFailure, LastErrorTimestamp: 08/30/2026 11:59:44, LastErrorDetails: Container exited with exit code 1 during startup after 17.9s. Please inspect your container logs for more details., Details: Mounting volumes for app-devopsapp-task5., DetailsLevel: INFO
2026-08-30T12:04:25.3966751+00:00 ContainerStatus: Establishing user namespace if not established already.
2026-08-30T12:04:25.3968310+00:00 ContainerStatus: Establishing network if not established already.
2026-08-30T12:04:25.3968740+00:00 ContainerStatus: Mounting volumes.
2026-08-30T12:04:25.3969301+00:00 ContainerStatus: Nested mountpoint site/wwwroot
2026-08-30T12:04:25.4253055+00:00 ContainerStatus: Nested mountpoint volatile/logs
2026-08-30T12:04:25.4769703+00:00 ContainerStatus: Nested mountpoint 
2026-08-30T12:04:25.4949735+00:00 ContainerStatus: Nested mountpoint 
2026-08-30T12:04:25.5073934+00:00 ContainerStatus: Nested mountpoint 
2026-08-30T12:04:25.5076503+00:00 ContainerStatus: Nested mountpoint 
2026-08-30T12:04:25.5359100+00:00 ContainerStatus: Nested mountpoint 
2026-08-30T12:04:25.9878978+00:00 ContainerStatus: State: Starting, Action: CreatingContainer, LastError: ContainerStartupFailure, LastErrorTimestamp: 08/30/2026 11:59:44, LastErrorDetails: Container exited with exit code 1 during startup after 17.9s. Please inspect your container logs for more details., Details: Finished pulling container image and mounting volumes for app-devopsapp-task5. Allocatinng the rest of the container resources to finish container creation., DetailsLevel: INFO
2026-08-30T12:04:25.9879716+00:00 ContainerStatus: Creating container.
2026-08-30T12:04:25.9880193+00:00 ContainerStatus: Creating pipes for streaming container io.
2026-08-30T12:04:25.9880637+00:00 ContainerStatus: Creating stdout named pipe at /podr/container/pipe/802a1459f363_app-devopsapp-task5/stdout_8b513a415caf40e897f0fbaf8a50ecca.
2026-08-30T12:04:25.9889789+00:00 ContainerStatus: Successfully created stdout named pipe at: /podr/container/pipe/802a1459f363_app-devopsapp-task5/stdout_8b513a415caf40e897f0fbaf8a50ecca.
2026-08-30T12:04:25.9976391+00:00 ContainerStatus: Opening named pipe /podr/container/pipe/802a1459f363_app-devopsapp-task5/stdout_8b513a415caf40e897f0fbaf8a50ecca for reading in non-blocking mode.
2026-08-30T12:04:25.9977199+00:00 ContainerStatus: Successfully opened named pipe: /podr/container/pipe/802a1459f363_app-devopsapp-task5/stdout_8b513a415caf40e897f0fbaf8a50ecca.
2026-08-30T12:04:25.9977459+00:00 ContainerStatus: Successfully removed non-blocking flag from /podr/container/pipe/802a1459f363_app-devopsapp-task5/stdout_8b513a415caf40e897f0fbaf8a50ecca.
2026-08-30T12:04:25.9977904+00:00 ContainerStatus: Creating stderr named pipe at /podr/container/pipe/802a1459f363_app-devopsapp-task5/stderr_1c0565108efa40daa4d9115b279f07b9.
2026-08-30T12:04:25.9978446+00:00 ContainerStatus: Successfully created stderr named pipe at: /podr/container/pipe/802a1459f363_app-devopsapp-task5/stderr_1c0565108efa40daa4d9115b279f07b9.
2026-08-30T12:04:25.9978671+00:00 ContainerStatus: Opening named pipe /podr/container/pipe/802a1459f363_app-devopsapp-task5/stderr_1c0565108efa40daa4d9115b279f07b9 for reading in non-blocking mode.
2026-08-30T12:04:25.9978966+00:00 ContainerStatus: Successfully opened named pipe: /podr/container/pipe/802a1459f363_app-devopsapp-task5/stderr_1c0565108efa40daa4d9115b279f07b9.
2026-08-30T12:04:25.9979182+00:00 ContainerStatus: Successfully removed non-blocking flag from /podr/container/pipe/802a1459f363_app-devopsapp-task5/stderr_1c0565108efa40daa4d9115b279f07b9.
2026-08-30T12:04:25.9979552+00:00 ContainerStatus: Overriding PORT environment variable with pre-calculated port: 8080.
2026-08-30T12:04:25.9979768+00:00 ContainerStatus: Setting value of PORT variable to 8080
2026-08-30T12:04:25.9980321+00:00 ContainerStatus: Creating container with image: appsvc/node:20-lts_20260710.8.tuxprod from registry: 10.1.0.4:13209 and fully qualified image name: 10.1.0.4:13209/appsvc/node:20-lts_20260710.8.tuxprod
2026-08-30T12:04:26.3866191+00:00 ContainerStatus: Starting container: 802a1459f363_app-devopsapp-task5.
2026-08-30T12:04:26.4873457+00:00 ContainerStatus: Starting watchers and probes.
2026-08-30T12:04:26.4874831+00:00 ContainerStatus: Starting metrics collection.
2026-08-30T12:04:26.4875430+00:00 ContainerStatus: Container is running.
2026-08-30T12:04:26.4878542+00:00 ContainerStatus: State: Starting, Action: CreatingContainer, LastError: ContainerStartupFailure, LastErrorTimestamp: 08/30/2026 11:59:44, LastErrorDetails: Container exited with exit code 1 during startup after 17.9s. Please inspect your container logs for more details., Details: Container app-devopsapp-task5 successfully created and is running., DetailsLevel: INFO
2026-08-30T12:04:26.6586479+00:00 ContainerStatus: Container start method finished after 1365 ms.
2026-08-30T12:04:26.6587700+00:00 ContainerStatus: State: Starting, Action: InitiatingSiteWarmUpProbe, LastError: ContainerStartupFailure, LastErrorTimestamp: 08/30/2026 11:59:44, LastErrorDetails: Container exited with exit code 1 during startup after 17.9s. Please inspect your container logs for more details., Details: Container app-devopsapp-task5 successfully created and is running., DetailsLevel: INFO
2026-08-30T12:04:26.6587990+00:00 ContainerStatus: State: Starting, Action: WaitingForSiteWarmUpProbeSuccess, LastError: ContainerStartupFailure, LastErrorTimestamp: 08/30/2026 11:59:44, LastErrorDetails: Container exited with exit code 1 during startup after 17.9s. Please inspect your container logs for more details., Details: Pinging warmup path to ensure container is ready to receive requests., DetailsLevel: INFO
2026-08-30T12:04:26.8561786+00:00 ContainerStream:    _____                               
2026-08-30T12:04:26.8562246+00:00 ContainerStream:   /  _  \ __________ _________   ____  
2026-08-30T12:04:26.8562309+00:00 ContainerStream:  /  /_\  \\___   /  |  \_  __ \_/ __ \ 
2026-08-30T12:04:26.8562358+00:00 ContainerStream: /    |    \/    /|  |  /|  | \/\  ___/ 
2026-08-30T12:04:26.8562408+00:00 ContainerStream: \____|__  /_____ \____/ |__|    \___  >
2026-08-30T12:04:26.8562452+00:00 ContainerStream:         \/      \/                  \/ 
2026-08-30T12:04:26.8562501+00:00 ContainerStream: A P P   S E R V I C E   O N   L I N U X
2026-08-30T12:04:26.8562545+00:00 ContainerStream: 
2026-08-30T12:04:26.8562599+00:00 ContainerStream: Documentation    : http://aka.ms/webapp-linux
2026-08-30T12:04:26.8562649+00:00 ContainerStream: NodeJS quickstart: https://aka.ms/node-qs
2026-08-30T12:04:26.8562779+00:00 ContainerStream: NodeJS Version   : v20.20.2
2026-08-30T12:04:26.8562829+00:00 ContainerStream: Instance Name    : lw0sdlwk0000PM
2026-08-30T12:04:26.8562894+00:00 ContainerStream: Instance Id      : a9cebb550e254ba9270d015acd372767c78fa4f3f79fc353fb793f2912e673b3
2026-08-30T12:04:26.8562934+00:00 ContainerStream: 
2026-08-30T12:04:26.8562984+00:00 ContainerStream: Note: Any data outside '/home' is not persisted
2026-08-30T12:04:29.5984850+00:00 ContainerStream: Starting OpenBSD Secure Shell server: sshd.
2026-08-30T12:04:29.6094800+00:00 ContainerStream: WEBSITES_INCLUDE_CLOUD_CERTS is not set to true.
2026-08-30T12:04:29.6396648+00:00 ContainerStream: Updating certificates in /etc/ssl/certs...
2026-08-30T12:04:40.8929193+00:00 ContainerStream: rehash: warning: skipping duplicate certificate in azl_SSL.com_TLS_ECC_Root_CA_2022.pem
2026-08-30T12:04:40.8936449+00:00 ContainerStream: rehash: warning: skipping duplicate certificate in azl_SSL.com_TLS_RSA_Root_CA_2022.pem
2026-08-30T12:04:41.1038092+00:00 ContainerStream: rehash: warning: skipping ca-certificates.crt,it does not contain exactly one certificate or CRL
2026-08-30T12:04:41.1439079+00:00 ContainerStream: 4 added, 0 removed; done.
2026-08-30T12:04:41.1444646+00:00 ContainerStream: Running hooks in /etc/ca-certificates/update.d...
2026-08-30T12:04:41.1545914+00:00 ContainerStream: done.
2026-08-30T12:04:41.1749708+00:00 ContainerStream: CA certificates copied and updated successfully.
2026-08-30T12:04:41.2926024+00:00 ContainerStream: Starting periodic command scheduler: cron.
2026-08-30T12:04:41.5068014+00:00 ContainerStream: Could not find build manifest file at '/home/site/wwwroot/oryx-manifest.toml'
2026-08-30T12:04:41.5068183+00:00 ContainerStream: Could not find operation ID in manifest. Generating an operation id...
2026-08-30T12:04:41.5068203+00:00 ContainerStream: Build Operation ID: 827b8571-0eed-4b31-b430-8e56e09726cb
2026-08-30T12:04:42.3963277+00:00 ContainerStream: Environment Variables for Application Insight's IPA Codeless Configuration exists..
2026-08-30T12:04:42.5657141+00:00 ContainerStream: Writing output script to '/opt/startup/startup.sh'
2026-08-30T12:04:42.8654637+00:00 ContainerStream: Running #!/bin/sh
2026-08-30T12:04:42.8654890+00:00 ContainerStream: 
2026-08-30T12:04:42.8656011+00:00 ContainerStream: # Enter the source directory to make sure the script runs where the user expects
2026-08-30T12:04:42.8656025+00:00 ContainerStream: cd "/home/site/wwwroot"
2026-08-30T12:04:42.8656035+00:00 ContainerStream: 
2026-08-30T12:04:42.8656048+00:00 ContainerStream: export NODE_PATH=/usr/local/lib/node_modules:$NODE_PATH
2026-08-30T12:04:42.8656059+00:00 ContainerStream: if [ -z "$PORT" ]; then
2026-08-30T12:04:42.8656069+00:00 ContainerStream: 		export PORT=8080
2026-08-30T12:04:42.8656078+00:00 ContainerStream: fi
2026-08-30T12:04:42.8656087+00:00 ContainerStream: 
2026-08-30T12:04:42.8857346+00:00 ContainerStream: PATH="$PATH:/home/site/wwwroot" npm start
2026-08-30T12:04:44.3560283+00:00 ContainerStream: npm info using npm@10.9.2
2026-08-30T12:04:44.3567050+00:00 ContainerStream: npm info using node@v20.20.2
2026-08-30T12:04:46.0568350+00:00 ContainerStream: 
2026-08-30T12:04:46.0568617+00:00 ContainerStream: > task5-app@1.0.0 start
2026-08-30T12:04:46.0568633+00:00 ContainerStream: > node server.js
2026-08-30T12:04:46.0568710+00:00 ContainerStream: 
2026-08-30T12:04:46.3376146+00:00 ContainerStream: node:internal/modules/cjs/loader:1210
2026-08-30T12:04:46.3376391+00:00 ContainerStream:   throw err;
2026-08-30T12:04:46.3376407+00:00 ContainerStream:   ^
2026-08-30T12:04:46.3376418+00:00 ContainerStream: 
2026-08-30T12:04:46.3376431+00:00 ContainerStream: Error: Cannot find module 'express'
2026-08-30T12:04:46.3376441+00:00 ContainerStream: Require stack:
2026-08-30T12:04:46.3376460+00:00 ContainerStream: - /home/site/wwwroot/server.js
2026-08-30T12:04:46.3376476+00:00 ContainerStream:     at Module._resolveFilename (node:internal/modules/cjs/loader:1207:15)
2026-08-30T12:04:46.3376489+00:00 ContainerStream:     at Module._load (node:internal/modules/cjs/loader:1038:27)
2026-08-30T12:04:46.3376548+00:00 ContainerStream:     at Module.require (node:internal/modules/cjs/loader:1289:19)
2026-08-30T12:04:46.3376562+00:00 ContainerStream:     at require (node:internal/modules/helpers:182:18)
2026-08-30T12:04:46.3378525+00:00 ContainerStream:     at Object.<anonymous> (/home/site/wwwroot/server.js:1:17)
2026-08-30T12:04:46.3378542+00:00 ContainerStream:     at Module._compile (node:internal/modules/cjs/loader:1521:14)
2026-08-30T12:04:46.3378557+00:00 ContainerStream:     at Module._extensions..js (node:internal/modules/cjs/loader:1623:10)
2026-08-30T12:04:46.3378569+00:00 ContainerStream:     at Module.load (node:internal/modules/cjs/loader:1266:32)
2026-08-30T12:04:46.3378582+00:00 ContainerStream:     at Module._load (node:internal/modules/cjs/loader:1091:12)
2026-08-30T12:04:46.3378596+00:00 ContainerStream:     at Function.executeUserEntryPoint [as runMain] (node:internal/modules/run_main:164:12) {
2026-08-30T12:04:46.3378608+00:00 ContainerStream:   code: 'MODULE_NOT_FOUND',
2026-08-30T12:04:46.3378620+00:00 ContainerStream:   requireStack: [ '/home/site/wwwroot/server.js' ]
2026-08-30T12:04:46.3378630+00:00 ContainerStream: }
2026-08-30T12:04:46.3452048+00:00 ContainerStream: 
2026-08-30T12:04:46.3452192+00:00 ContainerStream: Node.js v20.20.2
2026-08-30T12:04:46.4572240+00:00 ContainerStatus: Container has finished running with exit code: 1.
2026-08-30T12:04:46.4576536+00:00 ContainerStatus: Container is terminating. Grace period: 5 seconds.
2026-08-30T12:04:46.4666451+00:00 ContainerStatus: Stop and delete container. Retry count = 0
2026-08-30T12:04:46.4670232+00:00 ContainerStatus: Stopping container: 802a1459f363_app-devopsapp-task5.
2026-08-30T12:04:46.5457184+00:00 ContainerStatus: Deleting container: 802a1459f363_app-devopsapp-task5. Retry count = 0
2026-08-30T12:04:46.7958009+00:00 ContainerStatus: Container spec TerminationMessagePolicy  path 
2026-08-30T12:04:46.7963353+00:00 ContainerStatus: Container is terminated. Total time elapsed: 338 ms.
2026-08-30T12:04:46.7967897+00:00 ContainerStatus: Site container: app-devopsapp-task5 terminated during site startup.
2026-08-30T12:04:46.8048654+00:00 ContainerStatus: State: Stopping, Action: CancellingStartup, LastError: ContainerStartupFailure, LastErrorTimestamp: 08/30/2026 11:59:44, LastErrorDetails: Container exited with exit code 1 during startup after 17.9s. Please inspect your container logs for more details., Details: Site container: app-devopsapp-task5 terminated during site startup. Cancelling site startup., DetailsLevel: ERR
2026-08-30T12:04:46.8175479+00:00 ContainerStatus: Site startup probe failed after 20.1585244 seconds.
2026-08-30T12:04:47.0059948+00:00 ContainerStatus: State: Stopping, Action: CancellingStartup, LastError: ContainerStartupFailure, LastErrorTimestamp: 08/30/2026 12:04:47, LastErrorDetails: Container exited with exit code 1 during startup after 20.3s. Please inspect your container logs for more details., Details: Site container: app-devopsapp-task5 terminated during site startup. Cancelling site startup., DetailsLevel: ERR
2026-08-30T12:04:47.0174823+00:00 ContainerStatus: Failed to start site. Revert by stopping site.
2026-08-30T12:04:47.0177668+00:00 ContainerStatus: State: Stopping, Action: StoppingSite, LastError: ContainerStartupFailure, LastErrorTimestamp: 08/30/2026 12:04:47, LastErrorDetails: Container exited with exit code 1 during startup after 20.3s. Please inspect your container logs for more details., Details: Site container: app-devopsapp-task5 terminated during site startup. Cancelling site startup., DetailsLevel: ERR
2026-08-30T12:04:47.0263569+00:00 ContainerStatus: State: Stopping, Action: StoppingSiteContainers, LastError: ContainerStartupFailure, LastErrorTimestamp: 08/30/2026 12:04:47, LastErrorDetails: Container exited with exit code 1 during startup after 20.3s. Please inspect your container logs for more details., Details: Site container: app-devopsapp-task5 terminated during site startup. Cancelling site startup., DetailsLevel: ERR
2026-08-30T12:04:47.3782486+00:00 ContainerStatus: Site container: app-devopsapp-task5_managedIdentity terminated during site startup.
2026-08-30T12:04:47.3784746+00:00 ContainerStatus: State: Stopping, Action: StoppingSiteContainers, LastError: ContainerStartupFailure, LastErrorTimestamp: 08/30/2026 12:04:47, LastErrorDetails: Container exited with exit code 1 during startup after 20.3s. Please inspect your container logs for more details., Details: Site container: app-devopsapp-task5 terminated during site startup. Cancelling site startup., DetailsLevel: ERR
2026-08-30T12:04:47.3785467+00:00 ContainerStatus: Site: app-devopsapp-task5 stopped.
========== New Cold Start Attempt (2026-08-30T12:15:11.2145857+00:00) ==========
2026-08-30T12:15:11.2145857+00:00 ContainerStatus: State: Starting, Action: EstablishingSiteNetworks, LastError: ContainerStartupFailure, LastErrorTimestamp: 08/30/2026 12:04:47, LastErrorDetails: Container exited with exit code 1 during startup after 20.3s. Please inspect your container logs for more details., Details: Site stopped at 08/30/2026 12:04:48 (UTC), DetailsLevel: WARN
2026-08-30T12:15:12.9767884+00:00 ContainerStatus: State: Starting, Action: StartingMsiContainer, LastError: ContainerStartupFailure, LastErrorTimestamp: 08/30/2026 12:04:47, LastErrorDetails: Container exited with exit code 1 during startup after 20.3s. Please inspect your container logs for more details., Details: Site stopped at 08/30/2026 12:04:48 (UTC), DetailsLevel: WARN
2026-08-30T12:15:22.0349624+00:00 ContainerStatus: State: Starting, Action: StartingSiteContainers, LastError: ContainerStartupFailure, LastErrorTimestamp: 08/30/2026 12:04:47, LastErrorDetails: Container exited with exit code 1 during startup after 20.3s. Please inspect your container logs for more details., Details: Site stopped at 08/30/2026 12:04:48 (UTC), DetailsLevel: WARN
2026-08-30T12:15:22.0350553+00:00 ContainerStatus: Container start method called.
2026-08-30T12:15:22.0352134+00:00 ContainerStatus: State: Starting, Action: PullingImage, LastError: ContainerStartupFailure, LastErrorTimestamp: 08/30/2026 12:04:47, LastErrorDetails: Container exited with exit code 1 during startup after 20.3s. Please inspect your container logs for more details., Details: Pulling image 10.1.0.6:13209/appsvc/node:20-lts_20260710.8.tuxprod for app-devopsapp-task5., DetailsLevel: INFO
2026-08-30T12:15:22.0352777+00:00 ContainerStatus: Establishing network.
2026-08-30T12:15:22.0353326+00:00 ContainerStatus: Pulling image: appsvc/node:20-lts_20260710.8.tuxprod.
2026-08-30T12:15:22.2483892+00:00 ContainerStatus: Container is starting.
2026-08-30T12:15:22.2484538+00:00 ContainerStatus: State: Starting, Action: MountingVolumes, LastError: ContainerStartupFailure, LastErrorTimestamp: 08/30/2026 12:04:47, LastErrorDetails: Container exited with exit code 1 during startup after 20.3s. Please inspect your container logs for more details., Details: Mounting volumes for app-devopsapp-task5., DetailsLevel: INFO
2026-08-30T12:15:22.2485484+00:00 ContainerStatus: Establishing user namespace if not established already.
2026-08-30T12:15:22.2486103+00:00 ContainerStatus: Establishing network if not established already.
2026-08-30T12:15:22.2486580+00:00 ContainerStatus: Mounting volumes.
2026-08-30T12:15:22.2561270+00:00 ContainerStatus: Nested mountpoint site/wwwroot
2026-08-30T12:15:22.2679485+00:00 ContainerStatus: Nested mountpoint volatile/logs
2026-08-30T12:15:22.2763834+00:00 ContainerStatus: Nested mountpoint 
2026-08-30T12:15:22.2966546+00:00 ContainerStatus: Nested mountpoint 
2026-08-30T12:15:22.3364287+00:00 ContainerStatus: Nested mountpoint 
2026-08-30T12:15:22.3374724+00:00 ContainerStatus: Nested mountpoint 
2026-08-30T12:15:22.3469349+00:00 ContainerStatus: Nested mountpoint 
2026-08-30T12:15:22.8396537+00:00 ContainerStatus: State: Starting, Action: CreatingContainer, LastError: ContainerStartupFailure, LastErrorTimestamp: 08/30/2026 12:04:47, LastErrorDetails: Container exited with exit code 1 during startup after 20.3s. Please inspect your container logs for more details., Details: Finished pulling container image and mounting volumes for app-devopsapp-task5. Allocatinng the rest of the container resources to finish container creation., DetailsLevel: INFO
2026-08-30T12:15:22.8397386+00:00 ContainerStatus: Creating container.
2026-08-30T12:15:22.8398142+00:00 ContainerStatus: Creating pipes for streaming container io.
2026-08-30T12:15:22.8398561+00:00 ContainerStatus: Creating stdout named pipe at /podr/container/pipe/3a6cb710fec3_app-devopsapp-task5/stdout_4cd86c6c24294fbfba634b76e1407d31.
2026-08-30T12:15:22.8399509+00:00 ContainerStatus: Successfully created stdout named pipe at: /podr/container/pipe/3a6cb710fec3_app-devopsapp-task5/stdout_4cd86c6c24294fbfba634b76e1407d31.
2026-08-30T12:15:22.8399921+00:00 ContainerStatus: Opening named pipe /podr/container/pipe/3a6cb710fec3_app-devopsapp-task5/stdout_4cd86c6c24294fbfba634b76e1407d31 for reading in non-blocking mode.
2026-08-30T12:15:22.8400376+00:00 ContainerStatus: Successfully opened named pipe: /podr/container/pipe/3a6cb710fec3_app-devopsapp-task5/stdout_4cd86c6c24294fbfba634b76e1407d31.
2026-08-30T12:15:22.8400758+00:00 ContainerStatus: Successfully removed non-blocking flag from /podr/container/pipe/3a6cb710fec3_app-devopsapp-task5/stdout_4cd86c6c24294fbfba634b76e1407d31.
2026-08-30T12:15:22.8487781+00:00 ContainerStatus: Creating stderr named pipe at /podr/container/pipe/3a6cb710fec3_app-devopsapp-task5/stderr_338447730b274b8d8d29a5dfe64776e6.
2026-08-30T12:15:22.8488543+00:00 ContainerStatus: Successfully created stderr named pipe at: /podr/container/pipe/3a6cb710fec3_app-devopsapp-task5/stderr_338447730b274b8d8d29a5dfe64776e6.
2026-08-30T12:15:22.8488950+00:00 ContainerStatus: Opening named pipe /podr/container/pipe/3a6cb710fec3_app-devopsapp-task5/stderr_338447730b274b8d8d29a5dfe64776e6 for reading in non-blocking mode.
2026-08-30T12:15:22.8489421+00:00 ContainerStatus: Successfully opened named pipe: /podr/container/pipe/3a6cb710fec3_app-devopsapp-task5/stderr_338447730b274b8d8d29a5dfe64776e6.
2026-08-30T12:15:22.8489799+00:00 ContainerStatus: Successfully removed non-blocking flag from /podr/container/pipe/3a6cb710fec3_app-devopsapp-task5/stderr_338447730b274b8d8d29a5dfe64776e6.
2026-08-30T12:15:22.8492642+00:00 ContainerStatus: Overriding PORT environment variable with pre-calculated port: 8080.
2026-08-30T12:15:22.8493065+00:00 ContainerStatus: Setting value of PORT variable to 8080
2026-08-30T12:15:22.8494946+00:00 ContainerStatus: Creating container with image: appsvc/node:20-lts_20260710.8.tuxprod from registry: 10.1.0.6:13209 and fully qualified image name: 10.1.0.6:13209/appsvc/node:20-lts_20260710.8.tuxprod
2026-08-30T12:15:23.5184851+00:00 ContainerStatus: Starting container: 3a6cb710fec3_app-devopsapp-task5.
2026-08-30T12:15:23.6198935+00:00 ContainerStatus: Starting watchers and probes.
2026-08-30T12:15:23.6201219+00:00 ContainerStatus: Starting metrics collection.
2026-08-30T12:15:23.6201842+00:00 ContainerStatus: Container is running.
2026-08-30T12:15:23.6204667+00:00 ContainerStatus: State: Starting, Action: CreatingContainer, LastError: ContainerStartupFailure, LastErrorTimestamp: 08/30/2026 12:04:47, LastErrorDetails: Container exited with exit code 1 during startup after 20.3s. Please inspect your container logs for more details., Details: Container app-devopsapp-task5 successfully created and is running., DetailsLevel: INFO
2026-08-30T12:15:23.8021654+00:00 ContainerStatus: Container start method finished after 1767 ms.
2026-08-30T12:15:23.8022377+00:00 ContainerStatus: State: Starting, Action: InitiatingSiteWarmUpProbe, LastError: ContainerStartupFailure, LastErrorTimestamp: 08/30/2026 12:04:47, LastErrorDetails: Container exited with exit code 1 during startup after 20.3s. Please inspect your container logs for more details., Details: Container app-devopsapp-task5 successfully created and is running., DetailsLevel: INFO
2026-08-30T12:15:23.8022508+00:00 ContainerStatus: State: Starting, Action: WaitingForSiteWarmUpProbeSuccess, LastError: ContainerStartupFailure, LastErrorTimestamp: 08/30/2026 12:04:47, LastErrorDetails: Container exited with exit code 1 during startup after 20.3s. Please inspect your container logs for more details., Details: Pinging warmup path to ensure container is ready to receive requests., DetailsLevel: INFO
2026-08-30T12:15:24.1539457+00:00 ContainerStream:    _____                               
2026-08-30T12:15:24.1540437+00:00 ContainerStream:   /  _  \ __________ _________   ____  
2026-08-30T12:15:24.1540463+00:00 ContainerStream:  /  /_\  \\___   /  |  \_  __ \_/ __ \ 
2026-08-30T12:15:24.1540477+00:00 ContainerStream: /    |    \/    /|  |  /|  | \/\  ___/ 
2026-08-30T12:15:24.1540491+00:00 ContainerStream: \____|__  /_____ \____/ |__|    \___  >
2026-08-30T12:15:24.1540509+00:00 ContainerStream:         \/      \/                  \/ 
2026-08-30T12:15:24.1540524+00:00 ContainerStream: A P P   S E R V I C E   O N   L I N U X
2026-08-30T12:15:24.1540552+00:00 ContainerStream: 
2026-08-30T12:15:24.1540574+00:00 ContainerStream: Documentation    : http://aka.ms/webapp-linux
2026-08-30T12:15:24.1540592+00:00 ContainerStream: NodeJS quickstart: https://aka.ms/node-qs
2026-08-30T12:15:24.1540608+00:00 ContainerStream: NodeJS Version   : v20.20.2
2026-08-30T12:15:24.1540623+00:00 ContainerStream: Instance Name    : lw0sdlwk0000PM
2026-08-30T12:15:24.1540643+00:00 ContainerStream: Instance Id      : a9cebb550e254ba9270d015acd372767c78fa4f3f79fc353fb793f2912e673b3
2026-08-30T12:15:24.1540656+00:00 ContainerStream: 
2026-08-30T12:15:24.1540682+00:00 ContainerStream: Note: Any data outside '/home' is not persisted
2026-08-30T12:15:26.5028759+00:00 ContainerStream: Starting OpenBSD Secure Shell server: sshd.
2026-08-30T12:15:26.5214806+00:00 ContainerStream: WEBSITES_INCLUDE_CLOUD_CERTS is not set to true.
2026-08-30T12:15:26.5545917+00:00 ContainerStream: Updating certificates in /etc/ssl/certs...
2026-08-30T12:15:37.7888518+00:00 ContainerStream: rehash: warning: skipping duplicate certificate in azl_SSL.com_TLS_ECC_Root_CA_2022.pem
2026-08-30T12:15:37.7894809+00:00 ContainerStream: rehash: warning: skipping duplicate certificate in azl_SSL.com_TLS_RSA_Root_CA_2022.pem
2026-08-30T12:15:37.9999250+00:00 ContainerStream: rehash: warning: skipping ca-certificates.crt,it does not contain exactly one certificate or CRL
2026-08-30T12:15:38.0402337+00:00 ContainerStream: 4 added, 0 removed; done.
2026-08-30T12:15:38.0408312+00:00 ContainerStream: Running hooks in /etc/ca-certificates/update.d...
2026-08-30T12:15:38.0498884+00:00 ContainerStream: done.
2026-08-30T12:15:38.0701782+00:00 ContainerStream: CA certificates copied and updated successfully.
2026-08-30T12:15:38.3902505+00:00 ContainerStream: Starting periodic command scheduler: cron.
2026-08-30T12:15:38.5000131+00:00 ContainerStream: Could not find build manifest file at '/home/site/wwwroot/oryx-manifest.toml'
2026-08-30T12:15:38.5004561+00:00 ContainerStream: Could not find operation ID in manifest. Generating an operation id...
2026-08-30T12:15:38.5008443+00:00 ContainerStream: Build Operation ID: 99935065-9800-4795-af68-2ef430d8bee3
2026-08-30T12:15:39.2098426+00:00 ContainerStream: Environment Variables for Application Insight's IPA Codeless Configuration exists..
2026-08-30T12:15:39.3597703+00:00 ContainerStream: Writing output script to '/opt/startup/startup.sh'
2026-08-30T12:15:39.5710949+00:00 ContainerStream: Running #!/bin/sh
2026-08-30T12:15:39.5711145+00:00 ContainerStream: 
2026-08-30T12:15:39.5711170+00:00 ContainerStream: # Enter the source directory to make sure the script runs where the user expects
2026-08-30T12:15:39.5711192+00:00 ContainerStream: cd "/home/site/wwwroot"
2026-08-30T12:15:39.5711205+00:00 ContainerStream: 
2026-08-30T12:15:39.5711220+00:00 ContainerStream: export NODE_PATH=/usr/local/lib/node_modules:$NODE_PATH
2026-08-30T12:15:39.5711265+00:00 ContainerStream: if [ -z "$PORT" ]; then
2026-08-30T12:15:39.5711279+00:00 ContainerStream: 		export PORT=8080
2026-08-30T12:15:39.5711290+00:00 ContainerStream: fi
2026-08-30T12:15:39.5711303+00:00 ContainerStream: 
2026-08-30T12:15:39.5711318+00:00 ContainerStream: PATH="$PATH:/home/site/wwwroot" npm start
2026-08-30T12:15:40.9124197+00:00 ContainerStream: npm info using npm@10.9.2
2026-08-30T12:15:40.9129177+00:00 ContainerStream: npm info using node@v20.20.2
2026-08-30T12:15:41.9928234+00:00 ContainerStream: 
2026-08-30T12:15:41.9928501+00:00 ContainerStream: > task5-app@1.0.0 start
2026-08-30T12:15:41.9928523+00:00 ContainerStream: > node server.js
2026-08-30T12:15:41.9928578+00:00 ContainerStream: 
2026-08-30T12:15:42.2425610+00:00 ContainerStream: node:internal/modules/cjs/loader:1210
2026-08-30T12:15:42.2425891+00:00 ContainerStream:   throw err;
2026-08-30T12:15:42.2425914+00:00 ContainerStream:   ^
2026-08-30T12:15:42.2425928+00:00 ContainerStream: 
2026-08-30T12:15:42.2425949+00:00 ContainerStream: Error: Cannot find module 'express'
2026-08-30T12:15:42.2425964+00:00 ContainerStream: Require stack:
2026-08-30T12:15:42.2425980+00:00 ContainerStream: - /home/site/wwwroot/server.js
2026-08-30T12:15:42.2425997+00:00 ContainerStream:     at Module._resolveFilename (node:internal/modules/cjs/loader:1207:15)
2026-08-30T12:15:42.2426015+00:00 ContainerStream:     at Module._load (node:internal/modules/cjs/loader:1038:27)
2026-08-30T12:15:42.2426046+00:00 ContainerStream:     at Module.require (node:internal/modules/cjs/loader:1289:19)
2026-08-30T12:15:42.2426063+00:00 ContainerStream:     at require (node:internal/modules/helpers:182:18)
2026-08-30T12:15:42.2426079+00:00 ContainerStream:     at Object.<anonymous> (/home/site/wwwroot/server.js:1:17)
2026-08-30T12:15:42.2426156+00:00 ContainerStream:     at Module._compile (node:internal/modules/cjs/loader:1521:14)
2026-08-30T12:15:42.2426175+00:00 ContainerStream:     at Module._extensions..js (node:internal/modules/cjs/loader:1623:10)
2026-08-30T12:15:42.2426191+00:00 ContainerStream:     at Module.load (node:internal/modules/cjs/loader:1266:32)
2026-08-30T12:15:42.2426206+00:00 ContainerStream:     at Module._load (node:internal/modules/cjs/loader:1091:12)
2026-08-30T12:15:42.2426246+00:00 ContainerStream:     at Function.executeUserEntryPoint [as runMain] (node:internal/modules/run_main:164:12) {
2026-08-30T12:15:42.2426270+00:00 ContainerStream:   code: 'MODULE_NOT_FOUND',
2026-08-30T12:15:42.2426286+00:00 ContainerStream:   requireStack: [ '/home/site/wwwroot/server.js' ]
2026-08-30T12:15:42.2426300+00:00 ContainerStream: }
2026-08-30T12:15:42.2434402+00:00 ContainerStream: 
2026-08-30T12:15:42.2434479+00:00 ContainerStream: Node.js v20.20.2
2026-08-30T12:15:42.3428914+00:00 ContainerStatus: Container has finished running with exit code: 1.
2026-08-30T12:15:42.3429494+00:00 ContainerStatus: Container is terminating. Grace period: 5 seconds.
2026-08-30T12:15:42.3440776+00:00 ContainerStatus: Stop and delete container. Retry count = 0
2026-08-30T12:15:42.3443419+00:00 ContainerStatus: Stopping container: 3a6cb710fec3_app-devopsapp-task5.
2026-08-30T12:15:42.3927273+00:00 ContainerStatus: Deleting container: 3a6cb710fec3_app-devopsapp-task5. Retry count = 0
2026-08-30T12:15:42.5452627+00:00 ContainerStatus: Container spec TerminationMessagePolicy  path 
2026-08-30T12:15:42.5524580+00:00 ContainerStatus: Container is terminated. Total time elapsed: 202 ms.
2026-08-30T12:15:42.5526358+00:00 ContainerStatus: Site container: app-devopsapp-task5 terminated during site startup.
2026-08-30T12:15:42.5528359+00:00 ContainerStatus: State: Stopping, Action: CancellingStartup, LastError: ContainerStartupFailure, LastErrorTimestamp: 08/30/2026 12:04:47, LastErrorDetails: Container exited with exit code 1 during startup after 20.3s. Please inspect your container logs for more details., Details: Site container: app-devopsapp-task5 terminated during site startup. Cancelling site startup., DetailsLevel: ERR
2026-08-30T12:15:42.6026621+00:00 ContainerStatus: Site startup probe failed after 18.731793 seconds.
2026-08-30T12:15:42.8836251+00:00 ContainerStatus: State: Stopping, Action: CancellingStartup, LastError: ContainerStartupFailure, LastErrorTimestamp: 08/30/2026 12:15:42, LastErrorDetails: Container exited with exit code 1 during startup after 18.9s. Please inspect your container logs for more details., Details: Site container: app-devopsapp-task5 terminated during site startup. Cancelling site startup., DetailsLevel: ERR
2026-08-30T12:15:42.9027173+00:00 ContainerStatus: Failed to start site. Revert by stopping site.
2026-08-30T12:15:42.9036551+00:00 ContainerStatus: State: Stopping, Action: StoppingSite, LastError: ContainerStartupFailure, LastErrorTimestamp: 08/30/2026 12:15:42, LastErrorDetails: Container exited with exit code 1 during startup after 18.9s. Please inspect your container logs for more details., Details: Site container: app-devopsapp-task5 terminated during site startup. Cancelling site startup., DetailsLevel: ERR
2026-08-30T12:15:42.9046523+00:00 ContainerStatus: State: Stopping, Action: StoppingSiteContainers, LastError: ContainerStartupFailure, LastErrorTimestamp: 08/30/2026 12:15:42, LastErrorDetails: Container exited with exit code 1 during startup after 18.9s. Please inspect your container logs for more details., Details: Site container: app-devopsapp-task5 terminated during site startup. Cancelling site startup., DetailsLevel: ERR
2026-08-30T12:15:43.8707544+00:00 ContainerStatus: Site container: app-devopsapp-task5_managedIdentity terminated during site startup.
2026-08-30T12:15:43.8712551+00:00 ContainerStatus: State: Stopping, Action: StoppingSiteContainers, LastError: ContainerStartupFailure, LastErrorTimestamp: 08/30/2026 12:15:42, LastErrorDetails: Container exited with exit code 1 during startup after 18.9s. Please inspect your container logs for more details., Details: Site container: app-devopsapp-task5 terminated during site startup. Cancelling site startup., DetailsLevel: ERR
2026-08-30T12:15:43.8718085+00:00 ContainerStatus: Site: app-devopsapp-task5 stopped.
========== New Cold Start Attempt (2026-08-30T12:19:09.9127925+00:00) ==========
2026-08-30T12:19:09.9127925+00:00 ContainerStatus: State: Starting, Action: EstablishingSiteNetworks, LastError: ContainerStartupFailure, LastErrorTimestamp: 08/30/2026 12:15:42, LastErrorDetails: Container exited with exit code 1 during startup after 18.9s. Please inspect your container logs for more details., Details: Site stopped at 08/30/2026 12:15:44 (UTC), DetailsLevel: ERR
2026-08-30T12:19:11.8974167+00:00 ContainerStatus: State: Starting, Action: StartingMsiContainer, LastError: ContainerStartupFailure, LastErrorTimestamp: 08/30/2026 12:15:42, LastErrorDetails: Container exited with exit code 1 during startup after 18.9s. Please inspect your container logs for more details., Details: Site stopped at 08/30/2026 12:15:44 (UTC), DetailsLevel: ERR
2026-08-30T12:19:20.7817506+00:00 ContainerStatus: State: Starting, Action: StartingSiteContainers, LastError: ContainerStartupFailure, LastErrorTimestamp: 08/30/2026 12:15:42, LastErrorDetails: Container exited with exit code 1 during startup after 18.9s. Please inspect your container logs for more details., Details: Site stopped at 08/30/2026 12:15:44 (UTC), DetailsLevel: ERR
2026-08-30T12:19:20.7819717+00:00 ContainerStatus: Container start method called.
2026-08-30T12:19:20.7895203+00:00 ContainerStatus: State: Starting, Action: PullingImage, LastError: ContainerStartupFailure, LastErrorTimestamp: 08/30/2026 12:15:42, LastErrorDetails: Container exited with exit code 1 during startup after 18.9s. Please inspect your container logs for more details., Details: Pulling image 10.1.0.6:13209/appsvc/node:20-lts_20260710.8.tuxprod for app-devopsapp-task5., DetailsLevel: INFO
2026-08-30T12:19:20.7899807+00:00 ContainerStatus: Establishing network.
2026-08-30T12:19:20.7915251+00:00 ContainerStatus: Pulling image: appsvc/node:20-lts_20260710.8.tuxprod.
2026-08-30T12:19:21.0122807+00:00 ContainerStatus: Container is starting.
2026-08-30T12:19:21.0123992+00:00 ContainerStatus: State: Starting, Action: MountingVolumes, LastError: ContainerStartupFailure, LastErrorTimestamp: 08/30/2026 12:15:42, LastErrorDetails: Container exited with exit code 1 during startup after 18.9s. Please inspect your container logs for more details., Details: Mounting volumes for app-devopsapp-task5., DetailsLevel: INFO
2026-08-30T12:19:21.0126349+00:00 ContainerStatus: Establishing user namespace if not established already.
2026-08-30T12:19:21.0129623+00:00 ContainerStatus: Establishing network if not established already.
2026-08-30T12:19:21.0134075+00:00 ContainerStatus: Mounting volumes.
2026-08-30T12:19:21.0137721+00:00 ContainerStatus: Nested mountpoint site/wwwroot
2026-08-30T12:19:21.0244462+00:00 ContainerStatus: Nested mountpoint volatile/logs
2026-08-30T12:19:21.0728494+00:00 ContainerStatus: Nested mountpoint 
2026-08-30T12:19:21.0734902+00:00 ContainerStatus: Nested mountpoint 
2026-08-30T12:19:21.0826584+00:00 ContainerStatus: Nested mountpoint 
2026-08-30T12:19:21.1019628+00:00 ContainerStatus: Nested mountpoint 
2026-08-30T12:19:21.1026546+00:00 ContainerStatus: Nested mountpoint 
2026-08-30T12:19:21.7121934+00:00 ContainerStatus: State: Starting, Action: CreatingContainer, LastError: ContainerStartupFailure, LastErrorTimestamp: 08/30/2026 12:15:42, LastErrorDetails: Container exited with exit code 1 during startup after 18.9s. Please inspect your container logs for more details., Details: Finished pulling container image and mounting volumes for app-devopsapp-task5. Allocatinng the rest of the container resources to finish container creation., DetailsLevel: INFO
2026-08-30T12:19:21.7122451+00:00 ContainerStatus: Creating container.
2026-08-30T12:19:21.7122715+00:00 ContainerStatus: Creating pipes for streaming container io.
2026-08-30T12:19:21.7122980+00:00 ContainerStatus: Creating stdout named pipe at /podr/container/pipe/6343e4d41777_app-devopsapp-task5/stdout_1c329f1bb055459eba6dbd1ce1c96c6e.
2026-08-30T12:19:21.7123737+00:00 ContainerStatus: Successfully created stdout named pipe at: /podr/container/pipe/6343e4d41777_app-devopsapp-task5/stdout_1c329f1bb055459eba6dbd1ce1c96c6e.
2026-08-30T12:19:21.7123959+00:00 ContainerStatus: Opening named pipe /podr/container/pipe/6343e4d41777_app-devopsapp-task5/stdout_1c329f1bb055459eba6dbd1ce1c96c6e for reading in non-blocking mode.
2026-08-30T12:19:21.7124258+00:00 ContainerStatus: Successfully opened named pipe: /podr/container/pipe/6343e4d41777_app-devopsapp-task5/stdout_1c329f1bb055459eba6dbd1ce1c96c6e.
2026-08-30T12:19:21.7124485+00:00 ContainerStatus: Successfully removed non-blocking flag from /podr/container/pipe/6343e4d41777_app-devopsapp-task5/stdout_1c329f1bb055459eba6dbd1ce1c96c6e.
2026-08-30T12:19:21.7124890+00:00 ContainerStatus: Creating stderr named pipe at /podr/container/pipe/6343e4d41777_app-devopsapp-task5/stderr_9826e3287aae49c28d0922868c8b81b9.
2026-08-30T12:19:21.7125304+00:00 ContainerStatus: Successfully created stderr named pipe at: /podr/container/pipe/6343e4d41777_app-devopsapp-task5/stderr_9826e3287aae49c28d0922868c8b81b9.
2026-08-30T12:19:21.7125503+00:00 ContainerStatus: Opening named pipe /podr/container/pipe/6343e4d41777_app-devopsapp-task5/stderr_9826e3287aae49c28d0922868c8b81b9 for reading in non-blocking mode.
2026-08-30T12:19:21.7125791+00:00 ContainerStatus: Successfully opened named pipe: /podr/container/pipe/6343e4d41777_app-devopsapp-task5/stderr_9826e3287aae49c28d0922868c8b81b9.
2026-08-30T12:19:21.7126003+00:00 ContainerStatus: Successfully removed non-blocking flag from /podr/container/pipe/6343e4d41777_app-devopsapp-task5/stderr_9826e3287aae49c28d0922868c8b81b9.
2026-08-30T12:19:21.7126314+00:00 ContainerStatus: Overriding PORT environment variable with pre-calculated port: 8080.
2026-08-30T12:19:21.7126532+00:00 ContainerStatus: Setting value of PORT variable to 8080
2026-08-30T12:19:21.7127107+00:00 ContainerStatus: Creating container with image: appsvc/node:20-lts_20260710.8.tuxprod from registry: 10.1.0.6:13209 and fully qualified image name: 10.1.0.6:13209/appsvc/node:20-lts_20260710.8.tuxprod
2026-08-30T12:19:22.5134746+00:00 ContainerStatus: Starting container: 6343e4d41777_app-devopsapp-task5.
2026-08-30T12:19:22.5454201+00:00 ContainerStatus: Starting watchers and probes.
2026-08-30T12:19:22.5530202+00:00 ContainerStatus: Starting metrics collection.
2026-08-30T12:19:22.5530708+00:00 ContainerStatus: Container is running.
2026-08-30T12:19:22.5536122+00:00 ContainerStatus: State: Starting, Action: CreatingContainer, LastError: ContainerStartupFailure, LastErrorTimestamp: 08/30/2026 12:15:42, LastErrorDetails: Container exited with exit code 1 during startup after 18.9s. Please inspect your container logs for more details., Details: Container app-devopsapp-task5 successfully created and is running., DetailsLevel: INFO
2026-08-30T12:19:22.7437838+00:00 ContainerStatus: Container start method finished after 1961 ms.
2026-08-30T12:19:22.7442482+00:00 ContainerStatus: State: Starting, Action: InitiatingSiteWarmUpProbe, LastError: ContainerStartupFailure, LastErrorTimestamp: 08/30/2026 12:15:42, LastErrorDetails: Container exited with exit code 1 during startup after 18.9s. Please inspect your container logs for more details., Details: Container app-devopsapp-task5 successfully created and is running., DetailsLevel: INFO
2026-08-30T12:19:22.7444384+00:00 ContainerStatus: State: Starting, Action: WaitingForSiteWarmUpProbeSuccess, LastError: ContainerStartupFailure, LastErrorTimestamp: 08/30/2026 12:15:42, LastErrorDetails: Container exited with exit code 1 during startup after 18.9s. Please inspect your container logs for more details., Details: Pinging warmup path to ensure container is ready to receive requests., DetailsLevel: INFO
2026-08-30T12:19:23.0631232+00:00 ContainerStream:    _____                               
2026-08-30T12:19:23.0633610+00:00 ContainerStream:   /  _  \ __________ _________   ____  
2026-08-30T12:19:23.0633671+00:00 ContainerStream:  /  /_\  \\___   /  |  \_  __ \_/ __ \ 
2026-08-30T12:19:23.0633686+00:00 ContainerStream: /    |    \/    /|  |  /|  | \/\  ___/ 
2026-08-30T12:19:23.0633701+00:00 ContainerStream: \____|__  /_____ \____/ |__|    \___  >
2026-08-30T12:19:23.0633748+00:00 ContainerStream:         \/      \/                  \/ 
2026-08-30T12:19:23.0633765+00:00 ContainerStream: A P P   S E R V I C E   O N   L I N U X
2026-08-30T12:19:23.0633778+00:00 ContainerStream: 
2026-08-30T12:19:23.0633798+00:00 ContainerStream: Documentation    : http://aka.ms/webapp-linux
2026-08-30T12:19:23.0633814+00:00 ContainerStream: NodeJS quickstart: https://aka.ms/node-qs
2026-08-30T12:19:23.0633830+00:00 ContainerStream: NodeJS Version   : v20.20.2
2026-08-30T12:19:23.0633845+00:00 ContainerStream: Instance Name    : lw0sdlwk0000PM
2026-08-30T12:19:23.0633880+00:00 ContainerStream: Instance Id      : a9cebb550e254ba9270d015acd372767c78fa4f3f79fc353fb793f2912e673b3
2026-08-30T12:19:23.0633894+00:00 ContainerStream: 
2026-08-30T12:19:23.0633909+00:00 ContainerStream: Note: Any data outside '/home' is not persisted
2026-08-30T12:19:25.0345638+00:00 ContainerStream: Starting OpenBSD Secure Shell server: sshd.
2026-08-30T12:19:25.0546687+00:00 ContainerStream: WEBSITES_INCLUDE_CLOUD_CERTS is not set to true.
2026-08-30T12:19:25.0773820+00:00 ContainerStream: Updating certificates in /etc/ssl/certs...
2026-08-30T12:19:37.3487863+00:00 ContainerStream: rehash: warning: skipping duplicate certificate in azl_SSL.com_TLS_ECC_Root_CA_2022.pem
2026-08-30T12:19:37.3492887+00:00 ContainerStream: rehash: warning: skipping duplicate certificate in azl_SSL.com_TLS_RSA_Root_CA_2022.pem
2026-08-30T12:19:37.5484294+00:00 ContainerStream: rehash: warning: skipping ca-certificates.crt,it does not contain exactly one certificate or CRL
2026-08-30T12:19:37.5999079+00:00 ContainerStream: 4 added, 0 removed; done.
2026-08-30T12:19:37.6003580+00:00 ContainerStream: Running hooks in /etc/ca-certificates/update.d...
2026-08-30T12:19:37.6188367+00:00 ContainerStream: done.
2026-08-30T12:19:37.6289536+00:00 ContainerStream: CA certificates copied and updated successfully.
2026-08-30T12:19:37.7996790+00:00 ContainerStream: Starting periodic command scheduler: cron.
2026-08-30T12:19:37.9590347+00:00 ContainerStream: Could not find build manifest file at '/home/site/wwwroot/oryx-manifest.toml'
2026-08-30T12:19:37.9598383+00:00 ContainerStream: Could not find operation ID in manifest. Generating an operation id...
2026-08-30T12:19:37.9772323+00:00 ContainerStream: Build Operation ID: 3e6a7c19-09bc-4205-a3b1-c1c4e031a36c
2026-08-30T12:19:39.2181023+00:00 ContainerStream: Environment Variables for Application Insight's IPA Codeless Configuration exists..
2026-08-30T12:19:39.3975665+00:00 ContainerStream: Writing output script to '/opt/startup/startup.sh'
2026-08-30T12:19:39.6173031+00:00 ContainerStream: Running #!/bin/sh
2026-08-30T12:19:39.6173303+00:00 ContainerStream: 
2026-08-30T12:19:39.6173330+00:00 ContainerStream: # Enter the source directory to make sure the script runs where the user expects
2026-08-30T12:19:39.6173349+00:00 ContainerStream: cd "/home/site/wwwroot"
2026-08-30T12:19:39.6173374+00:00 ContainerStream: 
2026-08-30T12:19:39.6173424+00:00 ContainerStream: export NODE_PATH=/usr/local/lib/node_modules:$NODE_PATH
2026-08-30T12:19:39.6173440+00:00 ContainerStream: if [ -z "$PORT" ]; then
2026-08-30T12:19:39.6173453+00:00 ContainerStream: 		export PORT=8080
2026-08-30T12:19:39.6173466+00:00 ContainerStream: fi
2026-08-30T12:19:39.6173479+00:00 ContainerStream: 
2026-08-30T12:19:39.6178634+00:00 ContainerStream: PATH="$PATH:/home/site/wwwroot" npm start
2026-08-30T12:19:41.1288571+00:00 ContainerStream: npm info using npm@10.9.2
2026-08-30T12:19:41.1294310+00:00 ContainerStream: npm info using node@v20.20.2
2026-08-30T12:19:42.4794239+00:00 ContainerStream: 
2026-08-30T12:19:42.4794544+00:00 ContainerStream: > task5-app@1.0.0 start
2026-08-30T12:19:42.4794614+00:00 ContainerStream: > node server.js
2026-08-30T12:19:42.4794627+00:00 ContainerStream: 
2026-08-30T12:19:43.3190118+00:00 ContainerStream: node:internal/modules/cjs/loader:1210
2026-08-30T12:19:43.3190602+00:00 ContainerStream:   throw err;
2026-08-30T12:19:43.3190625+00:00 ContainerStream:   ^
2026-08-30T12:19:43.3190639+00:00 ContainerStream: 
2026-08-30T12:19:43.3190657+00:00 ContainerStream: Error: Cannot find module 'express'
2026-08-30T12:19:43.3190671+00:00 ContainerStream: Require stack:
2026-08-30T12:19:43.3190686+00:00 ContainerStream: - /home/site/wwwroot/server.js
2026-08-30T12:19:43.3190702+00:00 ContainerStream:     at Module._resolveFilename (node:internal/modules/cjs/loader:1207:15)
2026-08-30T12:19:43.3190719+00:00 ContainerStream:     at Module._load (node:internal/modules/cjs/loader:1038:27)
2026-08-30T12:19:43.3190746+00:00 ContainerStream:     at Module.require (node:internal/modules/cjs/loader:1289:19)
2026-08-30T12:19:43.3190762+00:00 ContainerStream:     at require (node:internal/modules/helpers:182:18)
2026-08-30T12:19:43.3190778+00:00 ContainerStream:     at Object.<anonymous> (/home/site/wwwroot/server.js:1:17)
2026-08-30T12:19:43.3190794+00:00 ContainerStream:     at Module._compile (node:internal/modules/cjs/loader:1521:14)
2026-08-30T12:19:43.3190810+00:00 ContainerStream:     at Module._extensions..js (node:internal/modules/cjs/loader:1623:10)
2026-08-30T12:19:43.3190825+00:00 ContainerStream:     at Module.load (node:internal/modules/cjs/loader:1266:32)
2026-08-30T12:19:43.3190840+00:00 ContainerStream:     at Module._load (node:internal/modules/cjs/loader:1091:12)
2026-08-30T12:19:43.3190872+00:00 ContainerStream:     at Function.executeUserEntryPoint [as runMain] (node:internal/modules/run_main:164:12) {
2026-08-30T12:19:43.3190900+00:00 ContainerStream:   code: 'MODULE_NOT_FOUND',
2026-08-30T12:19:43.3190917+00:00 ContainerStream:   requireStack: [ '/home/site/wwwroot/server.js' ]
2026-08-30T12:19:43.3190930+00:00 ContainerStream: }
2026-08-30T12:19:43.3302742+00:00 ContainerStream: 
2026-08-30T12:19:43.3302878+00:00 ContainerStream: Node.js v20.20.2
2026-08-30T12:19:43.4381374+00:00 ContainerStream: npm http fetch GET 200 https://registry.npmjs.org/npm 768ms
2026-08-30T12:19:43.4682556+00:00 ContainerStream: npm notice
2026-08-30T12:19:43.4682679+00:00 ContainerStream: npm notice New major version of npm available! 10.9.2 -> 12.0.2
2026-08-30T12:19:43.4682707+00:00 ContainerStream: npm notice Changelog: https://github.com/npm/cli/releases/tag/v12.0.2
2026-08-30T12:19:43.4682725+00:00 ContainerStream: npm notice To update run: npm install -g npm@12.0.2
2026-08-30T12:19:43.4682739+00:00 ContainerStream: npm notice
2026-08-30T12:19:43.5894013+00:00 ContainerStatus: Container has finished running with exit code: 1.
2026-08-30T12:19:43.5894424+00:00 ContainerStatus: Container is terminating. Grace period: 5 seconds.
2026-08-30T12:19:43.5896017+00:00 ContainerStatus: Stop and delete container. Retry count = 0
2026-08-30T12:19:43.5896412+00:00 ContainerStatus: Stopping container: 6343e4d41777_app-devopsapp-task5.
2026-08-30T12:19:43.6601904+00:00 ContainerStatus: Deleting container: 6343e4d41777_app-devopsapp-task5. Retry count = 0
2026-08-30T12:19:43.8491271+00:00 ContainerStatus: Container spec TerminationMessagePolicy  path 
2026-08-30T12:19:43.8567228+00:00 ContainerStatus: Container is terminated. Total time elapsed: 266 ms.
2026-08-30T12:19:43.8571988+00:00 ContainerStatus: Site container: app-devopsapp-task5 terminated during site startup.
2026-08-30T12:19:43.8589312+00:00 ContainerStatus: State: Stopping, Action: CancellingStartup, LastError: ContainerStartupFailure, LastErrorTimestamp: 08/30/2026 12:15:42, LastErrorDetails: Container exited with exit code 1 during startup after 18.9s. Please inspect your container logs for more details., Details: Site container: app-devopsapp-task5 terminated during site startup. Cancelling site startup., DetailsLevel: ERR
2026-08-30T12:19:43.8913924+00:00 ContainerStatus: Site startup probe failed after 21.1466146 seconds.
2026-08-30T12:19:44.2011402+00:00 ContainerStatus: State: Stopping, Action: CancellingStartup, LastError: ContainerStartupFailure, LastErrorTimestamp: 08/30/2026 12:19:44, LastErrorDetails: Container exited with exit code 1 during startup after 21.3s. Please inspect your container logs for more details., Details: Site container: app-devopsapp-task5 terminated during site startup. Cancelling site startup., DetailsLevel: ERR
2026-08-30T12:19:44.2206201+00:00 ContainerStatus: Failed to start site. Revert by stopping site.
2026-08-30T12:19:44.2209211+00:00 ContainerStatus: State: Stopping, Action: StoppingSite, LastError: ContainerStartupFailure, LastErrorTimestamp: 08/30/2026 12:19:44, LastErrorDetails: Container exited with exit code 1 during startup after 21.3s. Please inspect your container logs for more details., Details: Site container: app-devopsapp-task5 terminated during site startup. Cancelling site startup., DetailsLevel: ERR
2026-08-30T12:19:44.2212030+00:00 ContainerStatus: State: Stopping, Action: StoppingSiteContainers, LastError: ContainerStartupFailure, LastErrorTimestamp: 08/30/2026 12:19:44, LastErrorDetails: Container exited with exit code 1 during startup after 21.3s. Please inspect your container logs for more details., Details: Site container: app-devopsapp-task5 terminated during site startup. Cancelling site startup., DetailsLevel: ERR
2026-08-30T12:19:44.4832686+00:00 ContainerStatus: Site container: app-devopsapp-task5_managedIdentity terminated during site startup.
2026-08-30T12:19:44.4837495+00:00 ContainerStatus: State: Stopping, Action: StoppingSiteContainers, LastError: ContainerStartupFailure, LastErrorTimestamp: 08/30/2026 12:19:44, LastErrorDetails: Container exited with exit code 1 during startup after 21.3s. Please inspect your container logs for more details., Details: Site container: app-devopsapp-task5 terminated during site startup. Cancelling site startup., DetailsLevel: ERR
2026-08-30T12:19:44.4838839+00:00 ContainerStatus: Site: app-devopsapp-task5 stopped.
========== New Cold Start Attempt (2026-08-30T12:19:44.5002162+00:00) ==========
2026-08-30T12:19:44.5002162+00:00 ContainerStatus: State: Stopping, Action: UnmountingVolumes, LastError: ContainerStartupFailure, LastErrorTimestamp: 08/30/2026 12:19:44, LastErrorDetails: Container exited with exit code 1 during startup after 21.3s. Please inspect your container logs for more details., Details: Site container: app-devopsapp-task5 terminated during site startup. Cancelling site startup., DetailsLevel: ERR
2026-08-30T12:19:44.7622569+00:00 ContainerStatus: State: Stopping, Action: StoppingSiteNetworks, LastError: ContainerStartupFailure, LastErrorTimestamp: 08/30/2026 12:19:44, LastErrorDetails: Container exited with exit code 1 during startup after 21.3s. Please inspect your container logs for more details., Details: Site container: app-devopsapp-task5 terminated during site startup. Cancelling site startup., DetailsLevel: ERR
2026-08-30T12:19:45.0821828+00:00 ContainerStatus: State: Stopped, Action: None, LastError: ContainerStartupFailure, LastErrorTimestamp: 08/30/2026 12:19:44, LastErrorDetails: Container exited with exit code 1 during startup after 21.3s. Please inspect your container logs for more details., Details: Site stopped at 08/30/2026 12:19:45 (UTC), DetailsLevel: ERR
2026-08-30T12:19:45.3044525+00:00 ContainerStatus: State: Stopped, Action: None, LastError: ContainerStartupFailure, LastErrorTimestamp: 08/30/2026 12:19:44, LastErrorDetails: Container exited with exit code 1 during startup after 21.3s. Please inspect your container logs for more details., Details: Site stopped at 08/30/2026 12:19:45 (UTC), DetailsLevel: ERR
2026-08-30T12:19:45.4857146+00:00 ContainerStatus: State: Starting, Action: EstablishingSiteNetworks, LastError: ContainerStartupFailure, LastErrorTimestamp: 08/30/2026 12:19:44, LastErrorDetails: Container exited with exit code 1 during startup after 21.3s. Please inspect your container logs for more details., Details: Site stopped at 08/30/2026 12:19:45 (UTC), DetailsLevel: ERR
2026-08-30T12:19:47.4062620+00:00 ContainerStatus: State: Starting, Action: StartingMsiContainer, LastError: ContainerStartupFailure, LastErrorTimestamp: 08/30/2026 12:19:44, LastErrorDetails: Container exited with exit code 1 during startup after 21.3s. Please inspect your container logs for more details., Details: Site stopped at 08/30/2026 12:19:45 (UTC), DetailsLevel: ERR
2026-08-30T12:19:58.4443937+00:00 ContainerStatus: State: Starting, Action: StartingSiteContainers, LastError: ContainerStartupFailure, LastErrorTimestamp: 08/30/2026 12:19:44, LastErrorDetails: Container exited with exit code 1 during startup after 21.3s. Please inspect your container logs for more details., Details: Site stopped at 08/30/2026 12:19:45 (UTC), DetailsLevel: ERR
2026-08-30T12:19:58.4523943+00:00 ContainerStatus: Container start method called.
2026-08-30T12:19:58.4526477+00:00 ContainerStatus: State: Starting, Action: PullingImage, LastError: ContainerStartupFailure, LastErrorTimestamp: 08/30/2026 12:19:44, LastErrorDetails: Container exited with exit code 1 during startup after 21.3s. Please inspect your container logs for more details., Details: Pulling image 10.1.0.6:13209/appsvc/node:20-lts_20260710.8.tuxprod for app-devopsapp-task5., DetailsLevel: INFO
2026-08-30T12:19:58.4528368+00:00 ContainerStatus: Establishing network.
2026-08-30T12:19:58.4528987+00:00 ContainerStatus: Pulling image: appsvc/node:20-lts_20260710.8.tuxprod.
2026-08-30T12:19:58.6254679+00:00 ContainerStatus: Container is starting.
2026-08-30T12:19:58.6255820+00:00 ContainerStatus: State: Starting, Action: MountingVolumes, LastError: ContainerStartupFailure, LastErrorTimestamp: 08/30/2026 12:19:44, LastErrorDetails: Container exited with exit code 1 during startup after 21.3s. Please inspect your container logs for more details., Details: Mounting volumes for app-devopsapp-task5., DetailsLevel: INFO
2026-08-30T12:19:58.6257226+00:00 ContainerStatus: Establishing user namespace if not established already.
2026-08-30T12:19:58.6258591+00:00 ContainerStatus: Establishing network if not established already.
2026-08-30T12:19:58.6337772+00:00 ContainerStatus: Mounting volumes.
2026-08-30T12:19:58.6344537+00:00 ContainerStatus: Nested mountpoint site/wwwroot
2026-08-30T12:19:58.6544192+00:00 ContainerStatus: Nested mountpoint volatile/logs
2026-08-30T12:19:58.6829469+00:00 ContainerStatus: Nested mountpoint 
2026-08-30T12:19:58.6842423+00:00 ContainerStatus: Nested mountpoint 
2026-08-30T12:19:58.7954039+00:00 ContainerStatus: Nested mountpoint 
2026-08-30T12:19:58.8130709+00:00 ContainerStatus: Nested mountpoint 
2026-08-30T12:19:58.8136924+00:00 ContainerStatus: Nested mountpoint 
2026-08-30T12:19:59.3944066+00:00 ContainerStatus: State: Starting, Action: CreatingContainer, LastError: ContainerStartupFailure, LastErrorTimestamp: 08/30/2026 12:19:44, LastErrorDetails: Container exited with exit code 1 during startup after 21.3s. Please inspect your container logs for more details., Details: Finished pulling container image and mounting volumes for app-devopsapp-task5. Allocatinng the rest of the container resources to finish container creation., DetailsLevel: INFO
2026-08-30T12:19:59.3945726+00:00 ContainerStatus: Creating container.
2026-08-30T12:19:59.3946255+00:00 ContainerStatus: Creating pipes for streaming container io.
2026-08-30T12:19:59.3946785+00:00 ContainerStatus: Creating stdout named pipe at /podr/container/pipe/2ec72b1c60b7_app-devopsapp-task5/stdout_5fe9bd3d923342ba99fe70a1bc67f0db.
2026-08-30T12:19:59.3947841+00:00 ContainerStatus: Successfully created stdout named pipe at: /podr/container/pipe/2ec72b1c60b7_app-devopsapp-task5/stdout_5fe9bd3d923342ba99fe70a1bc67f0db.
2026-08-30T12:19:59.3948907+00:00 ContainerStatus: Opening named pipe /podr/container/pipe/2ec72b1c60b7_app-devopsapp-task5/stdout_5fe9bd3d923342ba99fe70a1bc67f0db for reading in non-blocking mode.
2026-08-30T12:19:59.3952126+00:00 ContainerStatus: Successfully opened named pipe: /podr/container/pipe/2ec72b1c60b7_app-devopsapp-task5/stdout_5fe9bd3d923342ba99fe70a1bc67f0db.
2026-08-30T12:19:59.3952960+00:00 ContainerStatus: Successfully removed non-blocking flag from /podr/container/pipe/2ec72b1c60b7_app-devopsapp-task5/stdout_5fe9bd3d923342ba99fe70a1bc67f0db.
2026-08-30T12:19:59.3953855+00:00 ContainerStatus: Creating stderr named pipe at /podr/container/pipe/2ec72b1c60b7_app-devopsapp-task5/stderr_2cb05441f5c740f782a486be8f9f0375.
2026-08-30T12:19:59.3955376+00:00 ContainerStatus: Successfully created stderr named pipe at: /podr/container/pipe/2ec72b1c60b7_app-devopsapp-task5/stderr_2cb05441f5c740f782a486be8f9f0375.
2026-08-30T12:19:59.3956059+00:00 ContainerStatus: Opening named pipe /podr/container/pipe/2ec72b1c60b7_app-devopsapp-task5/stderr_2cb05441f5c740f782a486be8f9f0375 for reading in non-blocking mode.
2026-08-30T12:19:59.3956575+00:00 ContainerStatus: Successfully opened named pipe: /podr/container/pipe/2ec72b1c60b7_app-devopsapp-task5/stderr_2cb05441f5c740f782a486be8f9f0375.
2026-08-30T12:19:59.3956999+00:00 ContainerStatus: Successfully removed non-blocking flag from /podr/container/pipe/2ec72b1c60b7_app-devopsapp-task5/stderr_2cb05441f5c740f782a486be8f9f0375.
2026-08-30T12:19:59.4032044+00:00 ContainerStatus: Overriding PORT environment variable with pre-calculated port: 8080.
2026-08-30T12:19:59.4033193+00:00 ContainerStatus: Setting value of PORT variable to 8080
2026-08-30T12:19:59.4034047+00:00 ContainerStatus: Creating container with image: appsvc/node:20-lts_20260710.8.tuxprod from registry: 10.1.0.6:13209 and fully qualified image name: 10.1.0.6:13209/appsvc/node:20-lts_20260710.8.tuxprod
2026-08-30T12:20:00.4131240+00:00 ContainerStatus: Starting container: 2ec72b1c60b7_app-devopsapp-task5.
2026-08-30T12:20:00.4876954+00:00 ContainerStatus: Starting watchers and probes.
2026-08-30T12:20:00.4957337+00:00 ContainerStatus: Starting metrics collection.
2026-08-30T12:20:00.4958970+00:00 ContainerStatus: Container is running.
2026-08-30T12:20:00.5168695+00:00 ContainerStatus: State: Starting, Action: CreatingContainer, LastError: ContainerStartupFailure, LastErrorTimestamp: 08/30/2026 12:19:44, LastErrorDetails: Container exited with exit code 1 during startup after 21.3s. Please inspect your container logs for more details., Details: Container app-devopsapp-task5 successfully created and is running., DetailsLevel: INFO
2026-08-30T12:20:00.6872844+00:00 ContainerStatus: Container start method finished after 2234 ms.
2026-08-30T12:20:00.7163637+00:00 ContainerStatus: State: Starting, Action: InitiatingSiteWarmUpProbe, LastError: ContainerStartupFailure, LastErrorTimestamp: 08/30/2026 12:19:44, LastErrorDetails: Container exited with exit code 1 during startup after 21.3s. Please inspect your container logs for more details., Details: Container app-devopsapp-task5 successfully created and is running., DetailsLevel: INFO
2026-08-30T12:20:00.7164761+00:00 ContainerStatus: State: Starting, Action: WaitingForSiteWarmUpProbeSuccess, LastError: ContainerStartupFailure, LastErrorTimestamp: 08/30/2026 12:19:44, LastErrorDetails: Container exited with exit code 1 during startup after 21.3s. Please inspect your container logs for more details., Details: Pinging warmup path to ensure container is ready to receive requests., DetailsLevel: INFO
2026-08-30T12:20:00.8050873+00:00 ContainerStream:    _____                               
2026-08-30T12:20:00.8051034+00:00 ContainerStream:   /  _  \ __________ _________   ____  
2026-08-30T12:20:00.8051047+00:00 ContainerStream:  /  /_\  \\___   /  |  \_  __ \_/ __ \ 
2026-08-30T12:20:00.8051059+00:00 ContainerStream: /    |    \/    /|  |  /|  | \/\  ___/ 
2026-08-30T12:20:00.8051070+00:00 ContainerStream: \____|__  /_____ \____/ |__|    \___  >
2026-08-30T12:20:00.8051080+00:00 ContainerStream:         \/      \/                  \/ 
2026-08-30T12:20:00.8051095+00:00 ContainerStream: A P P   S E R V I C E   O N   L I N U X
2026-08-30T12:20:00.8051105+00:00 ContainerStream: 
2026-08-30T12:20:00.8051118+00:00 ContainerStream: Documentation    : http://aka.ms/webapp-linux
2026-08-30T12:20:00.8051131+00:00 ContainerStream: NodeJS quickstart: https://aka.ms/node-qs
2026-08-30T12:20:00.8051142+00:00 ContainerStream: NodeJS Version   : v20.20.2
2026-08-30T12:20:00.8051154+00:00 ContainerStream: Instance Name    : lw0sdlwk0000PM
2026-08-30T12:20:00.8051169+00:00 ContainerStream: Instance Id      : a9cebb550e254ba9270d015acd372767c78fa4f3f79fc353fb793f2912e673b3
2026-08-30T12:20:00.8051196+00:00 ContainerStream: 
2026-08-30T12:20:00.8051212+00:00 ContainerStream: Note: Any data outside '/home' is not persisted
2026-08-30T12:20:05.3867269+00:00 ContainerStream: Starting OpenBSD Secure Shell server: sshd.
2026-08-30T12:20:05.4062811+00:00 ContainerStream: WEBSITES_INCLUDE_CLOUD_CERTS is not set to true.
2026-08-30T12:20:05.4455596+00:00 ContainerStream: Updating certificates in /etc/ssl/certs...
2026-08-30T12:20:17.3950282+00:00 ContainerStream: rehash: warning: skipping duplicate certificate in azl_SSL.com_TLS_ECC_Root_CA_2022.pem
2026-08-30T12:20:17.3954584+00:00 ContainerStream: rehash: warning: skipping duplicate certificate in azl_SSL.com_TLS_RSA_Root_CA_2022.pem
2026-08-30T12:20:17.6245561+00:00 ContainerStream: rehash: warning: skipping ca-certificates.crt,it does not contain exactly one certificate or CRL
2026-08-30T12:20:17.6551582+00:00 ContainerStream: 4 added, 0 removed; done.
2026-08-30T12:20:17.6552912+00:00 ContainerStream: Running hooks in /etc/ca-certificates/update.d...
2026-08-30T12:20:17.6657739+00:00 ContainerStream: done.
2026-08-30T12:20:17.6841368+00:00 ContainerStream: CA certificates copied and updated successfully.
2026-08-30T12:20:17.9059434+00:00 ContainerStream: Starting periodic command scheduler: cron.
2026-08-30T12:20:18.1333386+00:00 ContainerStream: Could not find build manifest file at '/home/site/wwwroot/oryx-manifest.toml'
2026-08-30T12:20:18.1338440+00:00 ContainerStream: Could not find operation ID in manifest. Generating an operation id...
2026-08-30T12:20:18.1342388+00:00 ContainerStream: Build Operation ID: e53b2510-ee4d-4cbd-9a8a-8bd5dbb278b4
2026-08-30T12:20:18.9959103+00:00 ContainerStream: Environment Variables for Application Insight's IPA Codeless Configuration exists..
2026-08-30T12:20:19.1350693+00:00 ContainerStream: Writing output script to '/opt/startup/startup.sh'
2026-08-30T12:20:19.3065851+00:00 ContainerStream: Running #!/bin/sh
2026-08-30T12:20:19.3066092+00:00 ContainerStream: 
2026-08-30T12:20:19.3066114+00:00 ContainerStream: # Enter the source directory to make sure the script runs where the user expects
2026-08-30T12:20:19.3066126+00:00 ContainerStream: cd "/home/site/wwwroot"
2026-08-30T12:20:19.3066135+00:00 ContainerStream: 
2026-08-30T12:20:19.3066148+00:00 ContainerStream: export NODE_PATH=/usr/local/lib/node_modules:$NODE_PATH
2026-08-30T12:20:19.3066158+00:00 ContainerStream: if [ -z "$PORT" ]; then
2026-08-30T12:20:19.3066168+00:00 ContainerStream: 		export PORT=8080
2026-08-30T12:20:19.3066178+00:00 ContainerStream: fi
2026-08-30T12:20:19.3066190+00:00 ContainerStream: 
2026-08-30T12:20:19.3066203+00:00 ContainerStream: PATH="$PATH:/home/site/wwwroot" npm start
2026-08-30T12:20:20.4860651+00:00 ContainerStream: npm info using npm@10.9.2
2026-08-30T12:20:20.4868530+00:00 ContainerStream: npm info using node@v20.20.2
2026-08-30T12:20:21.7068848+00:00 ContainerStream: 
2026-08-30T12:20:21.7069093+00:00 ContainerStream: > task5-app@1.0.0 start
2026-08-30T12:20:21.7069107+00:00 ContainerStream: > node server.js
2026-08-30T12:20:21.7069117+00:00 ContainerStream: 
2026-08-30T12:20:22.0367449+00:00 ContainerStream: node:internal/modules/cjs/loader:1210
2026-08-30T12:20:22.0367660+00:00 ContainerStream:   throw err;
2026-08-30T12:20:22.0367675+00:00 ContainerStream:   ^
2026-08-30T12:20:22.0367685+00:00 ContainerStream: 
2026-08-30T12:20:22.0367698+00:00 ContainerStream: Error: Cannot find module 'express'
2026-08-30T12:20:22.0367710+00:00 ContainerStream: Require stack:
2026-08-30T12:20:22.0367759+00:00 ContainerStream: - /home/site/wwwroot/server.js
2026-08-30T12:20:22.0367774+00:00 ContainerStream:     at Module._resolveFilename (node:internal/modules/cjs/loader:1207:15)
2026-08-30T12:20:22.0367786+00:00 ContainerStream:     at Module._load (node:internal/modules/cjs/loader:1038:27)
2026-08-30T12:20:22.0367799+00:00 ContainerStream:     at Module.require (node:internal/modules/cjs/loader:1289:19)
2026-08-30T12:20:22.0367811+00:00 ContainerStream:     at require (node:internal/modules/helpers:182:18)
2026-08-30T12:20:22.0367823+00:00 ContainerStream:     at Object.<anonymous> (/home/site/wwwroot/server.js:1:17)
2026-08-30T12:20:22.0367838+00:00 ContainerStream:     at Module._compile (node:internal/modules/cjs/loader:1521:14)
2026-08-30T12:20:22.0367852+00:00 ContainerStream:     at Module._extensions..js (node:internal/modules/cjs/loader:1623:10)
2026-08-30T12:20:22.0367866+00:00 ContainerStream:     at Module.load (node:internal/modules/cjs/loader:1266:32)
2026-08-30T12:20:22.0367878+00:00 ContainerStream:     at Module._load (node:internal/modules/cjs/loader:1091:12)
2026-08-30T12:20:22.0367892+00:00 ContainerStream:     at Function.executeUserEntryPoint [as runMain] (node:internal/modules/run_main:164:12) {
2026-08-30T12:20:22.0367903+00:00 ContainerStream:   code: 'MODULE_NOT_FOUND',
2026-08-30T12:20:22.0367993+00:00 ContainerStream:   requireStack: [ '/home/site/wwwroot/server.js' ]
2026-08-30T12:20:22.0368004+00:00 ContainerStream: }
2026-08-30T12:20:22.0368913+00:00 ContainerStream: 
2026-08-30T12:20:22.0368936+00:00 ContainerStream: Node.js v20.20.2
2026-08-30T12:20:22.1475817+00:00 ContainerStream: npm http fetch GET 200 https://registry.npmjs.org/npm 660ms
2026-08-30T12:20:22.1659552+00:00 ContainerStream: npm notice
2026-08-30T12:20:22.1659641+00:00 ContainerStream: npm notice New major version of npm available! 10.9.2 -> 12.0.2
2026-08-30T12:20:22.1659656+00:00 ContainerStream: npm notice Changelog: https://github.com/npm/cli/releases/tag/v12.0.2
2026-08-30T12:20:22.1659668+00:00 ContainerStream: npm notice To update run: npm install -g npm@12.0.2
2026-08-30T12:20:22.1659678+00:00 ContainerStream: npm notice
2026-08-30T12:20:22.2562020+00:00 ContainerStatus: Container has finished running with exit code: 1.
2026-08-30T12:20:22.2564419+00:00 ContainerStatus: Container is terminating. Grace period: 5 seconds.
2026-08-30T12:20:22.2573367+00:00 ContainerStatus: Stop and delete container. Retry count = 0
2026-08-30T12:20:22.2577351+00:00 ContainerStatus: Stopping container: 2ec72b1c60b7_app-devopsapp-task5.
2026-08-30T12:20:22.3278657+00:00 ContainerStatus: Deleting container: 2ec72b1c60b7_app-devopsapp-task5. Retry count = 0
2026-08-30T12:20:22.4763355+00:00 ContainerStatus: Container spec TerminationMessagePolicy  path 
2026-08-30T12:20:22.4770377+00:00 ContainerStatus: Container is terminated. Total time elapsed: 220 ms.
2026-08-30T12:20:22.4774233+00:00 ContainerStatus: Site container: app-devopsapp-task5 terminated during site startup.
2026-08-30T12:20:22.4847452+00:00 ContainerStatus: State: Stopping, Action: CancellingStartup, LastError: ContainerStartupFailure, LastErrorTimestamp: 08/30/2026 12:19:44, LastErrorDetails: Container exited with exit code 1 during startup after 21.3s. Please inspect your container logs for more details., Details: Site container: app-devopsapp-task5 terminated during site startup. Cancelling site startup., DetailsLevel: ERR
2026-08-30T12:20:22.5159824+00:00 ContainerStatus: Site startup probe failed after 21.7917802 seconds.
2026-08-30T12:20:22.8551118+00:00 ContainerStatus: State: Stopping, Action: CancellingStartup, LastError: ContainerStartupFailure, LastErrorTimestamp: 08/30/2026 12:20:22, LastErrorDetails: Container exited with exit code 1 during startup after 22.0s. Please inspect your container logs for more details., Details: Site container: app-devopsapp-task5 terminated during site startup. Cancelling site startup., DetailsLevel: ERR
2026-08-30T12:20:22.8571572+00:00 ContainerStatus: Failed to start site. Revert by stopping site.
2026-08-30T12:20:22.8573614+00:00 ContainerStatus: State: Stopping, Action: StoppingSite, LastError: ContainerStartupFailure, LastErrorTimestamp: 08/30/2026 12:20:22, LastErrorDetails: Container exited with exit code 1 during startup after 22.0s. Please inspect your container logs for more details., Details: Site container: app-devopsapp-task5 terminated during site startup. Cancelling site startup., DetailsLevel: ERR
2026-08-30T12:20:22.8576124+00:00 ContainerStatus: State: Stopping, Action: StoppingSiteContainers, LastError: ContainerStartupFailure, LastErrorTimestamp: 08/30/2026 12:20:22, LastErrorDetails: Container exited with exit code 1 during startup after 22.0s. Please inspect your container logs for more details., Details: Site container: app-devopsapp-task5 terminated during site startup. Cancelling site startup., DetailsLevel: ERR
2026-08-30T12:20:23.2551736+00:00 ContainerStatus: Site container: app-devopsapp-task5_managedIdentity terminated during site startup.
2026-08-30T12:20:23.2555947+00:00 ContainerStatus: State: Stopping, Action: StoppingSiteContainers, LastError: ContainerStartupFailure, LastErrorTimestamp: 08/30/2026 12:20:22, LastErrorDetails: Container exited with exit code 1 during startup after 22.0s. Please inspect your container logs for more details., Details: Site container: app-devopsapp-task5 terminated during site startup. Cancelling site startup., DetailsLevel: ERR
2026-08-30T12:20:23.2558030+00:00 ContainerStatus: Site: app-devopsapp-task5 stopped.
========== New Cold Start Attempt (2026-08-30T12:20:23.2852454+00:00) ==========
2026-08-30T12:20:23.2852454+00:00 ContainerStatus: State: Stopping, Action: UnmountingVolumes, LastError: ContainerStartupFailure, LastErrorTimestamp: 08/30/2026 12:20:22, LastErrorDetails: Container exited with exit code 1 during startup after 22.0s. Please inspect your container logs for more details., Details: Site container: app-devopsapp-task5 terminated during site startup. Cancelling site startup., DetailsLevel: ERR
2026-08-30T12:20:23.7069220+00:00 ContainerStatus: State: Stopping, Action: StoppingSiteNetworks, LastError: ContainerStartupFailure, LastErrorTimestamp: 08/30/2026 12:20:22, LastErrorDetails: Container exited with exit code 1 during startup after 22.0s. Please inspect your container logs for more details., Details: Site container: app-devopsapp-task5 terminated during site startup. Cancelling site startup., DetailsLevel: ERR
2026-08-30T12:20:23.9588694+00:00 ContainerStatus: Site: app-devopsapp-task5 will be blocked for 1 minutes till 08/30/2026 12:21:23
2026-08-30T12:20:23.9668393+00:00 ContainerStatus: State: Blocked, Action: StoppingSiteNetworks, LastError: ContainerStartupFailure, LastErrorTimestamp: 08/30/2026 12:20:22, LastErrorDetails: Container exited with exit code 1 during startup after 22.0s. Please inspect your container logs for more details., Details: Site: app-devopsapp-task5 will be blocked for 1 minutes till 08/30/2026 12:21:23, DetailsLevel: WARN
2026-08-30T12:20:23.9684231+00:00 ContainerStatus: State: Stopped, Action: None, LastError: ContainerStartupFailure, LastErrorTimestamp: 08/30/2026 12:20:22, LastErrorDetails: Container exited with exit code 1 during startup after 22.0s. Please inspect your container logs for more details., Details: Site stopped at 08/30/2026 12:20:23 (UTC), DetailsLevel: WARN
2026-08-30T12:20:24.2002870+00:00 ContainerStatus: State: Stopped, Action: None, LastError: ContainerStartupFailure, LastErrorTimestamp: 08/30/2026 12:20:22, LastErrorDetails: Container exited with exit code 1 during startup after 22.0s. Please inspect your container logs for more details., Details: Site stopped at 08/30/2026 12:20:23 (UTC), DetailsLevel: WARN
2026-08-30T12:20:42.0228965+00:00 ContainerStatus: State: Blocked, Action: None, LastError: ContainerStartupFailure, LastErrorTimestamp: 08/30/2026 12:20:22, LastErrorDetails: Container exited with exit code 1 during startup after 22.0s. Please inspect your container logs for more details., Details: Site is blocked due to multiple, consecutive cold start failures. Site scheduled to be unblocked at 08/30/2026 12:21:23, DetailsLevel: WARN
2026-08-30T12:20:42.0229913+00:00 ContainerStatus: Start site prohibitted because the site is being blocked.
2026-08-30T12:20:42.1531880+00:00 ContainerStatus: State: Blocked, Action: None, LastError: ContainerStartupFailure, LastErrorTimestamp: 08/30/2026 12:20:22, LastErrorDetails: Container exited with exit code 1 during startup after 22.0s. Please inspect your container logs for more details., Details: Site is blocked due to multiple, consecutive cold start failures. Site scheduled to be unblocked at 08/30/2026 12:21:23, DetailsLevel: WARN
2026-08-30T12:20:42.1532192+00:00 ContainerStatus: Start site prohibitted because the site is being blocked.
2026-08-30T12:20:47.7663235+00:00 ContainerStatus: State: Blocked, Action: None, LastError: ContainerStartupFailure, LastErrorTimestamp: 08/30/2026 12:20:22, LastErrorDetails: Container exited with exit code 1 during startup after 22.0s. Please inspect your container logs for more details., Details: Site is blocked due to multiple, consecutive cold start failures. Site scheduled to be unblocked at 08/30/2026 12:21:23, DetailsLevel: WARN
2026-08-30T12:20:47.7663718+00:00 ContainerStatus: Start site prohibitted because the site is being blocked.
2026-08-30T12:20:48.0045418+00:00 ContainerStatus: State: Blocked, Action: None, LastError: ContainerStartupFailure, LastErrorTimestamp: 08/30/2026 12:20:22, LastErrorDetails: Container exited with exit code 1 during startup after 22.0s. Please inspect your container logs for more details., Details: Site is blocked due to multiple, consecutive cold start failures. Site scheduled to be unblocked at 08/30/2026 12:21:23, DetailsLevel: WARN
2026-08-30T12:20:48.0047181+00:00 ContainerStatus: Start site prohibitted because the site is being blocked.
2026-08-30T12:21:23.9583757+00:00 ContainerStatus: Site: app-devopsapp-task5 is unblocked.
2026-08-30T12:22:08.4793940+00:00 ContainerStatus: State: Starting, Action: EstablishingSiteNetworks, LastError: ContainerStartupFailure, LastErrorTimestamp: 08/30/2026 12:20:22, LastErrorDetails: Container exited with exit code 1 during startup after 22.0s. Please inspect your container logs for more details., Details: Site is blocked due to multiple, consecutive cold start failures. Site scheduled to be unblocked at 08/30/2026 12:21:23, DetailsLevel: WARN
2026-08-30T12:22:10.8420921+00:00 ContainerStatus: State: Starting, Action: StartingMsiContainer, LastError: ContainerStartupFailure, LastErrorTimestamp: 08/30/2026 12:20:22, LastErrorDetails: Container exited with exit code 1 during startup after 22.0s. Please inspect your container logs for more details., Details: Site is blocked due to multiple, consecutive cold start failures. Site scheduled to be unblocked at 08/30/2026 12:21:23, DetailsLevel: WARN
2026-08-30T12:22:27.7062402+00:00 ContainerStatus: State: Starting, Action: StartingSiteContainers, LastError: ContainerStartupFailure, LastErrorTimestamp: 08/30/2026 12:20:22, LastErrorDetails: Container exited with exit code 1 during startup after 22.0s. Please inspect your container logs for more details., Details: Site is blocked due to multiple, consecutive cold start failures. Site scheduled to be unblocked at 08/30/2026 12:21:23, DetailsLevel: WARN
2026-08-30T12:22:27.7264779+00:00 ContainerStatus: Container start method called.
2026-08-30T12:22:27.7265667+00:00 ContainerStatus: State: Starting, Action: PullingImage, LastError: ContainerStartupFailure, LastErrorTimestamp: 08/30/2026 12:20:22, LastErrorDetails: Container exited with exit code 1 during startup after 22.0s. Please inspect your container logs for more details., Details: Pulling image 10.1.0.6:13209/appsvc/node:20-lts_20260710.8.tuxprod for app-devopsapp-task5., DetailsLevel: INFO
2026-08-30T12:22:27.7444648+00:00 ContainerStatus: Establishing network.
2026-08-30T12:22:27.7445187+00:00 ContainerStatus: Pulling image: appsvc/node:20-lts_20260710.8.tuxprod.
2026-08-30T12:22:28.0644127+00:00 ContainerStatus: Container is starting.
2026-08-30T12:22:28.0644730+00:00 ContainerStatus: State: Starting, Action: MountingVolumes, LastError: ContainerStartupFailure, LastErrorTimestamp: 08/30/2026 12:20:22, LastErrorDetails: Container exited with exit code 1 during startup after 22.0s. Please inspect your container logs for more details., Details: Mounting volumes for app-devopsapp-task5., DetailsLevel: INFO
2026-08-30T12:22:28.0645180+00:00 ContainerStatus: Establishing user namespace if not established already.
2026-08-30T12:22:28.0647840+00:00 ContainerStatus: Establishing network if not established already.
2026-08-30T12:22:28.0651691+00:00 ContainerStatus: Mounting volumes.
2026-08-30T12:22:28.0652872+00:00 ContainerStatus: Nested mountpoint site/wwwroot
2026-08-30T12:22:28.1040374+00:00 ContainerStatus: Nested mountpoint volatile/logs
2026-08-30T12:22:28.1445665+00:00 ContainerStatus: Nested mountpoint 
2026-08-30T12:22:28.1447973+00:00 ContainerStatus: Nested mountpoint 
2026-08-30T12:22:28.2143486+00:00 ContainerStatus: Nested mountpoint 
2026-08-30T12:22:28.2336345+00:00 ContainerStatus: Nested mountpoint 
2026-08-30T12:22:28.2342379+00:00 ContainerStatus: Nested mountpoint 
2026-08-30T12:22:29.0642065+00:00 ContainerStatus: State: Starting, Action: CreatingContainer, LastError: ContainerStartupFailure, LastErrorTimestamp: 08/30/2026 12:20:22, LastErrorDetails: Container exited with exit code 1 during startup after 22.0s. Please inspect your container logs for more details., Details: Finished pulling container image and mounting volumes for app-devopsapp-task5. Allocatinng the rest of the container resources to finish container creation., DetailsLevel: INFO
2026-08-30T12:22:29.0642961+00:00 ContainerStatus: Creating container.
2026-08-30T12:22:29.0643422+00:00 ContainerStatus: Creating pipes for streaming container io.
2026-08-30T12:22:29.0646275+00:00 ContainerStatus: Creating stdout named pipe at /podr/container/pipe/8bbb1a3810e9_app-devopsapp-task5/stdout_6ef7b1e65bc84cb289ee5d717873bcd0.
2026-08-30T12:22:29.0647998+00:00 ContainerStatus: Successfully created stdout named pipe at: /podr/container/pipe/8bbb1a3810e9_app-devopsapp-task5/stdout_6ef7b1e65bc84cb289ee5d717873bcd0.
2026-08-30T12:22:29.0649014+00:00 ContainerStatus: Opening named pipe /podr/container/pipe/8bbb1a3810e9_app-devopsapp-task5/stdout_6ef7b1e65bc84cb289ee5d717873bcd0 for reading in non-blocking mode.
2026-08-30T12:22:29.1137676+00:00 ContainerStatus: Successfully opened named pipe: /podr/container/pipe/8bbb1a3810e9_app-devopsapp-task5/stdout_6ef7b1e65bc84cb289ee5d717873bcd0.
2026-08-30T12:22:29.1138634+00:00 ContainerStatus: Successfully removed non-blocking flag from /podr/container/pipe/8bbb1a3810e9_app-devopsapp-task5/stdout_6ef7b1e65bc84cb289ee5d717873bcd0.
2026-08-30T12:22:29.1154233+00:00 ContainerStatus: Creating stderr named pipe at /podr/container/pipe/8bbb1a3810e9_app-devopsapp-task5/stderr_d4ddde45ca2b40d2a3a4d1c1790305d4.
2026-08-30T12:22:29.1155073+00:00 ContainerStatus: Successfully created stderr named pipe at: /podr/container/pipe/8bbb1a3810e9_app-devopsapp-task5/stderr_d4ddde45ca2b40d2a3a4d1c1790305d4.
2026-08-30T12:22:29.1155471+00:00 ContainerStatus: Opening named pipe /podr/container/pipe/8bbb1a3810e9_app-devopsapp-task5/stderr_d4ddde45ca2b40d2a3a4d1c1790305d4 for reading in non-blocking mode.
2026-08-30T12:22:29.1156010+00:00 ContainerStatus: Successfully opened named pipe: /podr/container/pipe/8bbb1a3810e9_app-devopsapp-task5/stderr_d4ddde45ca2b40d2a3a4d1c1790305d4.
2026-08-30T12:22:29.1156415+00:00 ContainerStatus: Successfully removed non-blocking flag from /podr/container/pipe/8bbb1a3810e9_app-devopsapp-task5/stderr_d4ddde45ca2b40d2a3a4d1c1790305d4.
2026-08-30T12:22:29.1160213+00:00 ContainerStatus: Overriding PORT environment variable with pre-calculated port: 8080.
2026-08-30T12:22:29.1160682+00:00 ContainerStatus: Setting value of PORT variable to 8080
2026-08-30T12:22:29.1240066+00:00 ContainerStatus: Creating container with image: appsvc/node:20-lts_20260710.8.tuxprod from registry: 10.1.0.6:13209 and fully qualified image name: 10.1.0.6:13209/appsvc/node:20-lts_20260710.8.tuxprod
2026-08-30T12:22:30.2670639+00:00 ContainerStatus: Starting container: 8bbb1a3810e9_app-devopsapp-task5.
2026-08-30T12:22:30.3551425+00:00 ContainerStatus: Starting watchers and probes.
2026-08-30T12:22:30.3552771+00:00 ContainerStatus: Starting metrics collection.
2026-08-30T12:22:30.3556943+00:00 ContainerStatus: Container is running.
2026-08-30T12:22:30.3560820+00:00 ContainerStatus: State: Starting, Action: CreatingContainer, LastError: ContainerStartupFailure, LastErrorTimestamp: 08/30/2026 12:20:22, LastErrorDetails: Container exited with exit code 1 during startup after 22.0s. Please inspect your container logs for more details., Details: Container app-devopsapp-task5 successfully created and is running., DetailsLevel: INFO
2026-08-30T12:22:30.5042262+00:00 ContainerStatus: Container start method finished after 2777 ms.
2026-08-30T12:22:30.5042971+00:00 ContainerStatus: State: Starting, Action: InitiatingSiteWarmUpProbe, LastError: ContainerStartupFailure, LastErrorTimestamp: 08/30/2026 12:20:22, LastErrorDetails: Container exited with exit code 1 during startup after 22.0s. Please inspect your container logs for more details., Details: Container app-devopsapp-task5 successfully created and is running., DetailsLevel: INFO
2026-08-30T12:22:30.5043071+00:00 ContainerStatus: State: Starting, Action: WaitingForSiteWarmUpProbeSuccess, LastError: ContainerStartupFailure, LastErrorTimestamp: 08/30/2026 12:20:22, LastErrorDetails: Container exited with exit code 1 during startup after 22.0s. Please inspect your container logs for more details., Details: Pinging warmup path to ensure container is ready to receive requests., DetailsLevel: INFO
2026-08-30T12:22:30.9467624+00:00 ContainerStream:    _____                               
2026-08-30T12:22:30.9467850+00:00 ContainerStream:   /  _  \ __________ _________   ____  
2026-08-30T12:22:30.9467868+00:00 ContainerStream:  /  /_\  \\___   /  |  \_  __ \_/ __ \ 
2026-08-30T12:22:30.9467932+00:00 ContainerStream: /    |    \/    /|  |  /|  | \/\  ___/ 
2026-08-30T12:22:30.9467946+00:00 ContainerStream: \____|__  /_____ \____/ |__|    \___  >
2026-08-30T12:22:30.9467957+00:00 ContainerStream:         \/      \/                  \/ 
2026-08-30T12:22:30.9467968+00:00 ContainerStream: A P P   S E R V I C E   O N   L I N U X
2026-08-30T12:22:30.9467977+00:00 ContainerStream: 
2026-08-30T12:22:30.9467991+00:00 ContainerStream: Documentation    : http://aka.ms/webapp-linux
2026-08-30T12:22:30.9468003+00:00 ContainerStream: NodeJS quickstart: https://aka.ms/node-qs
2026-08-30T12:22:30.9468015+00:00 ContainerStream: NodeJS Version   : v20.20.2
2026-08-30T12:22:30.9468028+00:00 ContainerStream: Instance Name    : lw0sdlwk0000PM
2026-08-30T12:22:30.9468042+00:00 ContainerStream: Instance Id      : a9cebb550e254ba9270d015acd372767c78fa4f3f79fc353fb793f2912e673b3
2026-08-30T12:22:30.9468051+00:00 ContainerStream: 
2026-08-30T12:22:30.9468065+00:00 ContainerStream: Note: Any data outside '/home' is not persisted
2026-08-30T12:22:32.8167501+00:00 ContainerStream: Starting OpenBSD Secure Shell server: sshd.
2026-08-30T12:22:32.8268213+00:00 ContainerStream: WEBSITES_INCLUDE_CLOUD_CERTS is not set to true.
2026-08-30T12:22:32.8587227+00:00 ContainerStream: Updating certificates in /etc/ssl/certs...
2026-08-30T12:22:45.3111186+00:00 ContainerStream: rehash: warning: skipping duplicate certificate in azl_SSL.com_TLS_ECC_Root_CA_2022.pem
2026-08-30T12:22:45.3118929+00:00 ContainerStream: rehash: warning: skipping duplicate certificate in azl_SSL.com_TLS_RSA_Root_CA_2022.pem
2026-08-30T12:22:45.5010429+00:00 ContainerStream: rehash: warning: skipping ca-certificates.crt,it does not contain exactly one certificate or CRL
2026-08-30T12:22:45.5695881+00:00 ContainerStream: 4 added, 0 removed; done.
2026-08-30T12:22:45.5702403+00:00 ContainerStream: Running hooks in /etc/ca-certificates/update.d...
2026-08-30T12:22:45.5702526+00:00 ContainerStream: done.
2026-08-30T12:22:45.5902020+00:00 ContainerStream: CA certificates copied and updated successfully.
2026-08-30T12:22:45.7404352+00:00 ContainerStream: Starting periodic command scheduler: cron.
2026-08-30T12:22:45.9292905+00:00 ContainerStream: Could not find build manifest file at '/home/site/wwwroot/oryx-manifest.toml'
2026-08-30T12:22:45.9304139+00:00 ContainerStream: Could not find operation ID in manifest. Generating an operation id...
2026-08-30T12:22:45.9304889+00:00 ContainerStream: Build Operation ID: 5b4f3fc8-cb70-4167-8def-cdd57b702d53
2026-08-30T12:22:46.6413839+00:00 ContainerStream: Environment Variables for Application Insight's IPA Codeless Configuration exists..
2026-08-30T12:22:46.7903976+00:00 ContainerStream: Writing output script to '/opt/startup/startup.sh'
2026-08-30T12:22:46.9510847+00:00 ContainerStream: Running #!/bin/sh
2026-08-30T12:22:46.9511036+00:00 ContainerStream: 
2026-08-30T12:22:46.9511058+00:00 ContainerStream: # Enter the source directory to make sure the script runs where the user expects
2026-08-30T12:22:46.9511077+00:00 ContainerStream: cd "/home/site/wwwroot"
2026-08-30T12:22:46.9511087+00:00 ContainerStream: 
2026-08-30T12:22:46.9511099+00:00 ContainerStream: export NODE_PATH=/usr/local/lib/node_modules:$NODE_PATH
2026-08-30T12:22:46.9511110+00:00 ContainerStream: if [ -z "$PORT" ]; then
2026-08-30T12:22:46.9511171+00:00 ContainerStream: 		export PORT=8080
2026-08-30T12:22:46.9511182+00:00 ContainerStream: fi
2026-08-30T12:22:46.9511192+00:00 ContainerStream: 
2026-08-30T12:22:46.9518096+00:00 ContainerStream: PATH="$PATH:/home/site/wwwroot" npm start
2026-08-30T12:22:48.0424243+00:00 ContainerStream: npm info using npm@10.9.2
2026-08-30T12:22:48.0506202+00:00 ContainerStream: npm info using node@v20.20.2
2026-08-30T12:22:49.3531491+00:00 ContainerStream: 
2026-08-30T12:22:49.3531743+00:00 ContainerStream: > task5-app@1.0.0 start
2026-08-30T12:22:49.3531759+00:00 ContainerStream: > node server.js
2026-08-30T12:22:49.3531769+00:00 ContainerStream: 
2026-08-30T12:22:49.5217433+00:00 ContainerStream: node:internal/modules/cjs/loader:1210
2026-08-30T12:22:49.5217577+00:00 ContainerStream:   throw err;
2026-08-30T12:22:49.5217593+00:00 ContainerStream:   ^
2026-08-30T12:22:49.5217605+00:00 ContainerStream: 
2026-08-30T12:22:49.5217621+00:00 ContainerStream: Error: Cannot find module 'express'
2026-08-30T12:22:49.5217632+00:00 ContainerStream: Require stack:
2026-08-30T12:22:49.5217685+00:00 ContainerStream: - /home/site/wwwroot/server.js
2026-08-30T12:22:49.5217700+00:00 ContainerStream:     at Module._resolveFilename (node:internal/modules/cjs/loader:1207:15)
2026-08-30T12:22:49.5217714+00:00 ContainerStream:     at Module._load (node:internal/modules/cjs/loader:1038:27)
2026-08-30T12:22:49.5217727+00:00 ContainerStream:     at Module.require (node:internal/modules/cjs/loader:1289:19)
2026-08-30T12:22:49.5217739+00:00 ContainerStream:     at require (node:internal/modules/helpers:182:18)
2026-08-30T12:22:49.5217752+00:00 ContainerStream:     at Object.<anonymous> (/home/site/wwwroot/server.js:1:17)
2026-08-30T12:22:49.5217766+00:00 ContainerStream:     at Module._compile (node:internal/modules/cjs/loader:1521:14)
2026-08-30T12:22:49.5217780+00:00 ContainerStream:     at Module._extensions..js (node:internal/modules/cjs/loader:1623:10)
2026-08-30T12:22:49.5217794+00:00 ContainerStream:     at Module.load (node:internal/modules/cjs/loader:1266:32)
2026-08-30T12:22:49.5217807+00:00 ContainerStream:     at Module._load (node:internal/modules/cjs/loader:1091:12)
2026-08-30T12:22:49.5217823+00:00 ContainerStream:     at Function.executeUserEntryPoint [as runMain] (node:internal/modules/run_main:164:12) {
2026-08-30T12:22:49.5217835+00:00 ContainerStream:   code: 'MODULE_NOT_FOUND',
2026-08-30T12:22:49.5217864+00:00 ContainerStream:   requireStack: [ '/home/site/wwwroot/server.js' ]
2026-08-30T12:22:49.5217877+00:00 ContainerStream: }
2026-08-30T12:22:49.5220640+00:00 ContainerStream: 
2026-08-30T12:22:49.5220685+00:00 ContainerStream: Node.js v20.20.2
2026-08-30T12:22:49.7232811+00:00 ContainerStatus: Container has finished running with exit code: 1.
2026-08-30T12:22:49.7233199+00:00 ContainerStatus: Container is terminating. Grace period: 5 seconds.
2026-08-30T12:22:49.7239197+00:00 ContainerStatus: Stop and delete container. Retry count = 0
2026-08-30T12:22:49.7240018+00:00 ContainerStatus: Stopping container: 8bbb1a3810e9_app-devopsapp-task5.
2026-08-30T12:22:49.7743518+00:00 ContainerStatus: Deleting container: 8bbb1a3810e9_app-devopsapp-task5. Retry count = 0
2026-08-30T12:22:50.0024064+00:00 ContainerStatus: Container spec TerminationMessagePolicy  path 
2026-08-30T12:22:50.0027420+00:00 ContainerStatus: Container is terminated. Total time elapsed: 279 ms.
2026-08-30T12:22:50.0028795+00:00 ContainerStatus: Site container: app-devopsapp-task5 terminated during site startup.
2026-08-30T12:22:50.0029898+00:00 ContainerStatus: State: Stopping, Action: CancellingStartup, LastError: ContainerStartupFailure, LastErrorTimestamp: 08/30/2026 12:20:22, LastErrorDetails: Container exited with exit code 1 during startup after 22.0s. Please inspect your container logs for more details., Details: Site container: app-devopsapp-task5 terminated during site startup. Cancelling site startup., DetailsLevel: ERR
2026-08-30T12:22:50.0349833+00:00 ContainerStatus: Site startup probe failed after 19.5304635 seconds.
2026-08-30T12:22:50.4048962+00:00 ContainerStatus: State: Stopping, Action: CancellingStartup, LastError: ContainerStartupFailure, LastErrorTimestamp: 08/30/2026 12:22:50, LastErrorDetails: Container exited with exit code 1 during startup after 19.6s. Please inspect your container logs for more details., Details: Site container: app-devopsapp-task5 terminated during site startup. Cancelling site startup., DetailsLevel: ERR
2026-08-30T12:22:50.4245900+00:00 ContainerStatus: Failed to start site. Revert by stopping site.
2026-08-30T12:22:50.4249860+00:00 ContainerStatus: State: Stopping, Action: StoppingSite, LastError: ContainerStartupFailure, LastErrorTimestamp: 08/30/2026 12:22:50, LastErrorDetails: Container exited with exit code 1 during startup after 19.6s. Please inspect your container logs for more details., Details: Site container: app-devopsapp-task5 terminated during site startup. Cancelling site startup., DetailsLevel: ERR
2026-08-30T12:22:50.4443809+00:00 ContainerStatus: State: Stopping, Action: StoppingSiteContainers, LastError: ContainerStartupFailure, LastErrorTimestamp: 08/30/2026 12:22:50, LastErrorDetails: Container exited with exit code 1 during startup after 19.6s. Please inspect your container logs for more details., Details: Site container: app-devopsapp-task5 terminated during site startup. Cancelling site startup., DetailsLevel: ERR
2026-08-30T12:22:50.7825496+00:00 ContainerStatus: Site container: app-devopsapp-task5_managedIdentity terminated during site startup.
2026-08-30T12:22:50.7827496+00:00 ContainerStatus: State: Stopping, Action: StoppingSiteContainers, LastError: ContainerStartupFailure, LastErrorTimestamp: 08/30/2026 12:22:50, LastErrorDetails: Container exited with exit code 1 during startup after 19.6s. Please inspect your container logs for more details., Details: Site container: app-devopsapp-task5 terminated during site startup. Cancelling site startup., DetailsLevel: ERR
2026-08-30T12:22:50.7908991+00:00 ContainerStatus: Site: app-devopsapp-task5 stopped.
========== New Cold Start Attempt (2026-08-30T12:39:00.8850084+00:00) ==========
2026-08-30T12:39:00.8850084+00:00 ContainerStatus: State: Starting, Action: EstablishingSiteNetworks, LastError: ContainerStartupFailure, LastErrorTimestamp: 08/30/2026 12:22:50, LastErrorDetails: Container exited with exit code 1 during startup after 19.6s. Please inspect your container logs for more details., Details: Site is blocked due to multiple, consecutive cold start failures. Site scheduled to be unblocked at 08/30/2026 12:23:51, DetailsLevel: WARN
2026-08-30T12:39:03.0120303+00:00 ContainerStatus: State: Starting, Action: StartingMsiContainer, LastError: ContainerStartupFailure, LastErrorTimestamp: 08/30/2026 12:22:50, LastErrorDetails: Container exited with exit code 1 during startup after 19.6s. Please inspect your container logs for more details., Details: Site is blocked due to multiple, consecutive cold start failures. Site scheduled to be unblocked at 08/30/2026 12:23:51, DetailsLevel: WARN
2026-08-30T12:39:11.9909937+00:00 ContainerStatus: State: Starting, Action: StartingSiteContainers, LastError: ContainerStartupFailure, LastErrorTimestamp: 08/30/2026 12:22:50, LastErrorDetails: Container exited with exit code 1 during startup after 19.6s. Please inspect your container logs for more details., Details: Site is blocked due to multiple, consecutive cold start failures. Site scheduled to be unblocked at 08/30/2026 12:23:51, DetailsLevel: WARN
2026-08-30T12:39:11.9915474+00:00 ContainerStatus: Container start method called.
2026-08-30T12:39:11.9921768+00:00 ContainerStatus: State: Starting, Action: PullingImage, LastError: ContainerStartupFailure, LastErrorTimestamp: 08/30/2026 12:22:50, LastErrorDetails: Container exited with exit code 1 during startup after 19.6s. Please inspect your container logs for more details., Details: Pulling image 10.1.0.6:13209/appsvc/node:20-lts_20260710.8.tuxprod for app-devopsapp-task5., DetailsLevel: INFO
2026-08-30T12:39:11.9926091+00:00 ContainerStatus: Establishing network.
2026-08-30T12:39:11.9927722+00:00 ContainerStatus: Pulling image: appsvc/node:20-lts_20260710.8.tuxprod.
2026-08-30T12:39:12.2541145+00:00 ContainerStatus: Container is starting.
2026-08-30T12:39:12.2542641+00:00 ContainerStatus: State: Starting, Action: MountingVolumes, LastError: ContainerStartupFailure, LastErrorTimestamp: 08/30/2026 12:22:50, LastErrorDetails: Container exited with exit code 1 during startup after 19.6s. Please inspect your container logs for more details., Details: Mounting volumes for app-devopsapp-task5., DetailsLevel: INFO
2026-08-30T12:39:12.2544069+00:00 ContainerStatus: Establishing user namespace if not established already.
2026-08-30T12:39:12.2544904+00:00 ContainerStatus: Establishing network if not established already.
2026-08-30T12:39:12.2545489+00:00 ContainerStatus: Mounting volumes.
2026-08-30T12:39:12.2546181+00:00 ContainerStatus: Nested mountpoint site/wwwroot
2026-08-30T12:39:12.2757392+00:00 ContainerStatus: Nested mountpoint volatile/logs
2026-08-30T12:39:12.3132497+00:00 ContainerStatus: Nested mountpoint 
2026-08-30T12:39:12.3134889+00:00 ContainerStatus: Nested mountpoint 
2026-08-30T12:39:12.3253731+00:00 ContainerStatus: Nested mountpoint 
2026-08-30T12:39:12.3539828+00:00 ContainerStatus: Nested mountpoint 
2026-08-30T12:39:12.3644785+00:00 ContainerStatus: Nested mountpoint 
2026-08-30T12:39:12.9985203+00:00 ContainerStatus: State: Starting, Action: CreatingContainer, LastError: ContainerStartupFailure, LastErrorTimestamp: 08/30/2026 12:22:50, LastErrorDetails: Container exited with exit code 1 during startup after 19.6s. Please inspect your container logs for more details., Details: Finished pulling container image and mounting volumes for app-devopsapp-task5. Allocatinng the rest of the container resources to finish container creation., DetailsLevel: INFO
2026-08-30T12:39:12.9986063+00:00 ContainerStatus: Creating container.
2026-08-30T12:39:12.9986396+00:00 ContainerStatus: Creating pipes for streaming container io.
2026-08-30T12:39:12.9986632+00:00 ContainerStatus: Creating stdout named pipe at /podr/container/pipe/7e6a30276262_app-devopsapp-task5/stdout_00a32fbe697a41469de9636ade336e84.
2026-08-30T12:39:12.9987396+00:00 ContainerStatus: Successfully created stdout named pipe at: /podr/container/pipe/7e6a30276262_app-devopsapp-task5/stdout_00a32fbe697a41469de9636ade336e84.
2026-08-30T12:39:12.9987621+00:00 ContainerStatus: Opening named pipe /podr/container/pipe/7e6a30276262_app-devopsapp-task5/stdout_00a32fbe697a41469de9636ade336e84 for reading in non-blocking mode.
2026-08-30T12:39:12.9987961+00:00 ContainerStatus: Successfully opened named pipe: /podr/container/pipe/7e6a30276262_app-devopsapp-task5/stdout_00a32fbe697a41469de9636ade336e84.
2026-08-30T12:39:12.9988188+00:00 ContainerStatus: Successfully removed non-blocking flag from /podr/container/pipe/7e6a30276262_app-devopsapp-task5/stdout_00a32fbe697a41469de9636ade336e84.
2026-08-30T12:39:12.9988592+00:00 ContainerStatus: Creating stderr named pipe at /podr/container/pipe/7e6a30276262_app-devopsapp-task5/stderr_695287b5cdb14abea9378bd85beb734c.
2026-08-30T12:39:12.9988993+00:00 ContainerStatus: Successfully created stderr named pipe at: /podr/container/pipe/7e6a30276262_app-devopsapp-task5/stderr_695287b5cdb14abea9378bd85beb734c.
2026-08-30T12:39:12.9989208+00:00 ContainerStatus: Opening named pipe /podr/container/pipe/7e6a30276262_app-devopsapp-task5/stderr_695287b5cdb14abea9378bd85beb734c for reading in non-blocking mode.
2026-08-30T12:39:12.9989491+00:00 ContainerStatus: Successfully opened named pipe: /podr/container/pipe/7e6a30276262_app-devopsapp-task5/stderr_695287b5cdb14abea9378bd85beb734c.
2026-08-30T12:39:13.0085498+00:00 ContainerStatus: Successfully removed non-blocking flag from /podr/container/pipe/7e6a30276262_app-devopsapp-task5/stderr_695287b5cdb14abea9378bd85beb734c.
2026-08-30T12:39:13.0088698+00:00 ContainerStatus: Overriding PORT environment variable with pre-calculated port: 8080.
2026-08-30T12:39:13.0161906+00:00 ContainerStatus: Setting value of PORT variable to 8080
2026-08-30T12:39:13.0164609+00:00 ContainerStatus: Creating container with image: appsvc/node:20-lts_20260710.8.tuxprod from registry: 10.1.0.6:13209 and fully qualified image name: 10.1.0.6:13209/appsvc/node:20-lts_20260710.8.tuxprod
2026-08-30T12:39:13.4330964+00:00 ContainerStatus: Starting container: 7e6a30276262_app-devopsapp-task5.
2026-08-30T12:39:13.4789623+00:00 ContainerStatus: Starting watchers and probes.
2026-08-30T12:39:13.4793371+00:00 ContainerStatus: Starting metrics collection.
2026-08-30T12:39:13.4801247+00:00 ContainerStatus: Container is running.
2026-08-30T12:39:13.4802004+00:00 ContainerStatus: State: Starting, Action: CreatingContainer, LastError: ContainerStartupFailure, LastErrorTimestamp: 08/30/2026 12:22:50, LastErrorDetails: Container exited with exit code 1 during startup after 19.6s. Please inspect your container logs for more details., Details: Container app-devopsapp-task5 successfully created and is running., DetailsLevel: INFO
2026-08-30T12:39:13.6596612+00:00 ContainerStatus: Container start method finished after 1668 ms.
2026-08-30T12:39:13.6597335+00:00 ContainerStatus: State: Starting, Action: InitiatingSiteWarmUpProbe, LastError: ContainerStartupFailure, LastErrorTimestamp: 08/30/2026 12:22:50, LastErrorDetails: Container exited with exit code 1 during startup after 19.6s. Please inspect your container logs for more details., Details: Container app-devopsapp-task5 successfully created and is running., DetailsLevel: INFO
2026-08-30T12:39:13.6597456+00:00 ContainerStatus: State: Starting, Action: WaitingForSiteWarmUpProbeSuccess, LastError: ContainerStartupFailure, LastErrorTimestamp: 08/30/2026 12:22:50, LastErrorDetails: Container exited with exit code 1 during startup after 19.6s. Please inspect your container logs for more details., Details: Pinging warmup path to ensure container is ready to receive requests., DetailsLevel: INFO
2026-08-30T12:39:14.2506488+00:00 ContainerStream:    _____                               
2026-08-30T12:39:14.2508520+00:00 ContainerStream:   /  _  \ __________ _________   ____  
2026-08-30T12:39:14.2508571+00:00 ContainerStream:  /  /_\  \\___   /  |  \_  __ \_/ __ \ 
2026-08-30T12:39:14.2508610+00:00 ContainerStream: /    |    \/    /|  |  /|  | \/\  ___/ 
2026-08-30T12:39:14.2508625+00:00 ContainerStream: \____|__  /_____ \____/ |__|    \___  >
2026-08-30T12:39:14.2508643+00:00 ContainerStream:         \/      \/                  \/ 
2026-08-30T12:39:14.2508657+00:00 ContainerStream: A P P   S E R V I C E   O N   L I N U X
2026-08-30T12:39:14.2508670+00:00 ContainerStream: 
2026-08-30T12:39:14.2508690+00:00 ContainerStream: Documentation    : http://aka.ms/webapp-linux
2026-08-30T12:39:14.2508706+00:00 ContainerStream: NodeJS quickstart: https://aka.ms/node-qs
2026-08-30T12:39:14.2508730+00:00 ContainerStream: NodeJS Version   : v20.20.2
2026-08-30T12:39:14.2508745+00:00 ContainerStream: Instance Name    : lw0sdlwk0000PM
2026-08-30T12:39:14.2508764+00:00 ContainerStream: Instance Id      : a9cebb550e254ba9270d015acd372767c78fa4f3f79fc353fb793f2912e673b3
2026-08-30T12:39:14.2508778+00:00 ContainerStream: 
2026-08-30T12:39:14.2508793+00:00 ContainerStream: Note: Any data outside '/home' is not persisted
2026-08-30T12:39:19.4150141+00:00 ContainerStream: Starting OpenBSD Secure Shell server: sshd.
2026-08-30T12:39:19.4339618+00:00 ContainerStream: WEBSITES_INCLUDE_CLOUD_CERTS is not set to true.
2026-08-30T12:39:19.4747924+00:00 ContainerStream: Updating certificates in /etc/ssl/certs...
2026-08-30T12:39:30.0948056+00:00 ContainerStream: rehash: warning: skipping duplicate certificate in azl_SSL.com_TLS_ECC_Root_CA_2022.pem
2026-08-30T12:39:30.1022311+00:00 ContainerStream: rehash: warning: skipping duplicate certificate in azl_SSL.com_TLS_RSA_Root_CA_2022.pem
2026-08-30T12:39:30.2636690+00:00 ContainerStream: rehash: warning: skipping ca-certificates.crt,it does not contain exactly one certificate or CRL
2026-08-30T12:39:30.3034986+00:00 ContainerStream: 4 added, 0 removed; done.
2026-08-30T12:39:30.3039705+00:00 ContainerStream: Running hooks in /etc/ca-certificates/update.d...
2026-08-30T12:39:30.3128148+00:00 ContainerStream: done.
2026-08-30T12:39:30.3241366+00:00 ContainerStream: CA certificates copied and updated successfully.
2026-08-30T12:39:30.4436066+00:00 ContainerStream: Starting periodic command scheduler: cron.
2026-08-30T12:39:30.5830829+00:00 ContainerStream: Could not find build manifest file at '/home/site/wwwroot/oryx-manifest.toml'
2026-08-30T12:39:30.5831076+00:00 ContainerStream: Could not find operation ID in manifest. Generating an operation id...
2026-08-30T12:39:30.5831149+00:00 ContainerStream: Build Operation ID: 673b85af-a83a-4d59-a1ad-858c5c01488b
2026-08-30T12:39:31.2435078+00:00 ContainerStream: Environment Variables for Application Insight's IPA Codeless Configuration exists..
2026-08-30T12:39:31.4125245+00:00 ContainerStream: Writing output script to '/opt/startup/startup.sh'
2026-08-30T12:39:31.5926085+00:00 ContainerStream: Running #!/bin/sh
2026-08-30T12:39:31.5926406+00:00 ContainerStream: 
2026-08-30T12:39:31.5926433+00:00 ContainerStream: # Enter the source directory to make sure the script runs where the user expects
2026-08-30T12:39:31.5926455+00:00 ContainerStream: cd "/home/site/wwwroot"
2026-08-30T12:39:31.5926508+00:00 ContainerStream: 
2026-08-30T12:39:31.5926525+00:00 ContainerStream: export NODE_PATH=/usr/local/lib/node_modules:$NODE_PATH
2026-08-30T12:39:31.5926542+00:00 ContainerStream: if [ -z "$PORT" ]; then
2026-08-30T12:39:31.5926606+00:00 ContainerStream: 		export PORT=8080
2026-08-30T12:39:31.5926620+00:00 ContainerStream: fi
2026-08-30T12:39:31.5926632+00:00 ContainerStream: 
2026-08-30T12:39:31.5932068+00:00 ContainerStream: PATH="$PATH:/home/site/wwwroot" npm start
2026-08-30T12:39:32.8434920+00:00 ContainerStream: npm info using npm@10.9.2
2026-08-30T12:39:32.8443382+00:00 ContainerStream: npm info using node@v20.20.2
2026-08-30T12:39:34.2059105+00:00 ContainerStream: 
2026-08-30T12:39:34.2059496+00:00 ContainerStream: > task5-app@1.0.0 start
2026-08-30T12:39:34.2059520+00:00 ContainerStream: > node server.js
2026-08-30T12:39:34.2059534+00:00 ContainerStream: 
2026-08-30T12:39:34.3961172+00:00 ContainerStream: node:internal/modules/cjs/loader:1210
2026-08-30T12:39:34.3961549+00:00 ContainerStream:   throw err;
2026-08-30T12:39:34.3961577+00:00 ContainerStream:   ^
2026-08-30T12:39:34.3961591+00:00 ContainerStream: 
2026-08-30T12:39:34.3961609+00:00 ContainerStream: Error: Cannot find module 'express'
2026-08-30T12:39:34.3961624+00:00 ContainerStream: Require stack:
2026-08-30T12:39:34.3961639+00:00 ContainerStream: - /home/site/wwwroot/server.js
2026-08-30T12:39:34.3961655+00:00 ContainerStream:     at Module._resolveFilename (node:internal/modules/cjs/loader:1207:15)
2026-08-30T12:39:34.3961671+00:00 ContainerStream:     at Module._load (node:internal/modules/cjs/loader:1038:27)
2026-08-30T12:39:34.3961696+00:00 ContainerStream:     at Module.require (node:internal/modules/cjs/loader:1289:19)
2026-08-30T12:39:34.3961713+00:00 ContainerStream:     at require (node:internal/modules/helpers:182:18)
2026-08-30T12:39:34.3961730+00:00 ContainerStream:     at Object.<anonymous> (/home/site/wwwroot/server.js:1:17)
2026-08-30T12:39:34.3961745+00:00 ContainerStream:     at Module._compile (node:internal/modules/cjs/loader:1521:14)
2026-08-30T12:39:34.3961761+00:00 ContainerStream:     at Module._extensions..js (node:internal/modules/cjs/loader:1623:10)
2026-08-30T12:39:34.3961776+00:00 ContainerStream:     at Module.load (node:internal/modules/cjs/loader:1266:32)
2026-08-30T12:39:34.3961791+00:00 ContainerStream:     at Module._load (node:internal/modules/cjs/loader:1091:12)
2026-08-30T12:39:34.3961821+00:00 ContainerStream:     at Function.executeUserEntryPoint [as runMain] (node:internal/modules/run_main:164:12) {
2026-08-30T12:39:34.3961845+00:00 ContainerStream:   code: 'MODULE_NOT_FOUND',
2026-08-30T12:39:34.3961861+00:00 ContainerStream:   requireStack: [ '/home/site/wwwroot/server.js' ]
2026-08-30T12:39:34.3961874+00:00 ContainerStream: }
2026-08-30T12:39:34.4043841+00:00 ContainerStream: 
2026-08-30T12:39:34.4043957+00:00 ContainerStream: Node.js v20.20.2
2026-08-30T12:39:34.4749213+00:00 ContainerStatus: Container has finished running with exit code: 1.
2026-08-30T12:39:34.4753194+00:00 ContainerStatus: Container is terminating. Grace period: 5 seconds.
2026-08-30T12:39:34.4756437+00:00 ContainerStatus: Stop and delete container. Retry count = 0
2026-08-30T12:39:34.4756890+00:00 ContainerStatus: Stopping container: 7e6a30276262_app-devopsapp-task5.
2026-08-30T12:39:34.5244104+00:00 ContainerStatus: Deleting container: 7e6a30276262_app-devopsapp-task5. Retry count = 0
2026-08-30T12:39:34.6654586+00:00 ContainerStatus: Container spec TerminationMessagePolicy  path 
2026-08-30T12:39:34.6658887+00:00 ContainerStatus: Container is terminated. Total time elapsed: 190 ms.
2026-08-30T12:39:34.6664504+00:00 ContainerStatus: Site container: app-devopsapp-task5 terminated during site startup.
2026-08-30T12:39:34.6666456+00:00 ContainerStatus: State: Stopping, Action: CancellingStartup, LastError: ContainerStartupFailure, LastErrorTimestamp: 08/30/2026 12:22:50, LastErrorDetails: Container exited with exit code 1 during startup after 19.6s. Please inspect your container logs for more details., Details: Site container: app-devopsapp-task5 terminated during site startup. Cancelling site startup., DetailsLevel: ERR
2026-08-30T12:39:34.7552098+00:00 ContainerStatus: Site startup probe failed after 21.0354513 seconds.
2026-08-30T12:39:34.9655189+00:00 ContainerStatus: State: Stopping, Action: CancellingStartup, LastError: ContainerStartupFailure, LastErrorTimestamp: 08/30/2026 12:39:34, LastErrorDetails: Container exited with exit code 1 during startup after 21.2s. Please inspect your container logs for more details., Details: Site container: app-devopsapp-task5 terminated during site startup. Cancelling site startup., DetailsLevel: ERR
2026-08-30T12:39:34.9670647+00:00 ContainerStatus: Failed to start site. Revert by stopping site.
2026-08-30T12:39:34.9672919+00:00 ContainerStatus: State: Stopping, Action: StoppingSite, LastError: ContainerStartupFailure, LastErrorTimestamp: 08/30/2026 12:39:34, LastErrorDetails: Container exited with exit code 1 during startup after 21.2s. Please inspect your container logs for more details., Details: Site container: app-devopsapp-task5 terminated during site startup. Cancelling site startup., DetailsLevel: ERR
2026-08-30T12:39:34.9864336+00:00 ContainerStatus: State: Stopping, Action: StoppingSiteContainers, LastError: ContainerStartupFailure, LastErrorTimestamp: 08/30/2026 12:39:34, LastErrorDetails: Container exited with exit code 1 during startup after 21.2s. Please inspect your container logs for more details., Details: Site container: app-devopsapp-task5 terminated during site startup. Cancelling site startup., DetailsLevel: ERR
2026-08-30T12:39:35.2362167+00:00 ContainerStatus: Site container: app-devopsapp-task5_managedIdentity terminated during site startup.
2026-08-30T12:39:35.2365829+00:00 ContainerStatus: State: Stopping, Action: StoppingSiteContainers, LastError: ContainerStartupFailure, LastErrorTimestamp: 08/30/2026 12:39:34, LastErrorDetails: Container exited with exit code 1 during startup after 21.2s. Please inspect your container logs for more details., Details: Site container: app-devopsapp-task5 terminated during site startup. Cancelling site startup., DetailsLevel: ERR
2026-08-30T12:39:35.2368054+00:00 ContainerStatus: Site: app-devopsapp-task5 stopped.
========== New Cold Start Attempt (2026-08-30T12:42:35.6249142+00:00) ==========
2026-08-30T12:42:35.6249142+00:00 ContainerStatus: State: Starting, Action: EstablishingSiteNetworks, LastError: ContainerStartupFailure, LastErrorTimestamp: 08/30/2026 12:39:34, LastErrorDetails: Container exited with exit code 1 during startup after 21.2s. Please inspect your container logs for more details., Details: Site stopped at 08/30/2026 12:39:35 (UTC), DetailsLevel: ERR
2026-08-30T12:42:37.3861490+00:00 ContainerStatus: State: Starting, Action: StartingMsiContainer, LastError: ContainerStartupFailure, LastErrorTimestamp: 08/30/2026 12:39:34, LastErrorDetails: Container exited with exit code 1 during startup after 21.2s. Please inspect your container logs for more details., Details: Site stopped at 08/30/2026 12:39:35 (UTC), DetailsLevel: ERR
2026-08-30T12:42:48.8046748+00:00 ContainerStatus: State: Starting, Action: StartingSiteContainers, LastError: ContainerStartupFailure, LastErrorTimestamp: 08/30/2026 12:39:34, LastErrorDetails: Container exited with exit code 1 during startup after 21.2s. Please inspect your container logs for more details., Details: Site stopped at 08/30/2026 12:39:35 (UTC), DetailsLevel: ERR
2026-08-30T12:42:48.8222905+00:00 ContainerStatus: Container start method called.
2026-08-30T12:42:48.8223334+00:00 ContainerStatus: State: Starting, Action: PullingImage, LastError: ContainerStartupFailure, LastErrorTimestamp: 08/30/2026 12:39:34, LastErrorDetails: Container exited with exit code 1 during startup after 21.2s. Please inspect your container logs for more details., Details: Pulling image 10.1.0.4:13209/appsvc/node:20-lts_20260710.8.tuxprod for app-devopsapp-task5., DetailsLevel: INFO
2026-08-30T12:42:48.8223664+00:00 ContainerStatus: Establishing network.
2026-08-30T12:42:48.8223954+00:00 ContainerStatus: Pulling image: appsvc/node:20-lts_20260710.8.tuxprod.
2026-08-30T12:42:49.0257540+00:00 ContainerStatus: Container is starting.
2026-08-30T12:42:49.0258887+00:00 ContainerStatus: State: Starting, Action: MountingVolumes, LastError: ContainerStartupFailure, LastErrorTimestamp: 08/30/2026 12:39:34, LastErrorDetails: Container exited with exit code 1 during startup after 21.2s. Please inspect your container logs for more details., Details: Mounting volumes for app-devopsapp-task5., DetailsLevel: INFO
2026-08-30T12:42:49.0259414+00:00 ContainerStatus: Establishing user namespace if not established already.
2026-08-30T12:42:49.0260415+00:00 ContainerStatus: Establishing network if not established already.
2026-08-30T12:42:49.0261173+00:00 ContainerStatus: Mounting volumes.
2026-08-30T12:42:49.0261854+00:00 ContainerStatus: Nested mountpoint site/wwwroot
2026-08-30T12:42:49.0359970+00:00 ContainerStatus: Nested mountpoint volatile/logs
2026-08-30T12:42:49.0470331+00:00 ContainerStatus: Nested mountpoint 
2026-08-30T12:42:49.0683225+00:00 ContainerStatus: Nested mountpoint 
2026-08-30T12:42:49.1582332+00:00 ContainerStatus: Nested mountpoint 
2026-08-30T12:42:49.2673913+00:00 ContainerStatus: Nested mountpoint 
2026-08-30T12:42:49.3166980+00:00 ContainerStatus: Nested mountpoint 
2026-08-30T12:42:49.6071985+00:00 ContainerStatus: State: Starting, Action: CreatingContainer, LastError: ContainerStartupFailure, LastErrorTimestamp: 08/30/2026 12:39:34, LastErrorDetails: Container exited with exit code 1 during startup after 21.2s. Please inspect your container logs for more details., Details: Finished pulling container image and mounting volumes for app-devopsapp-task5. Allocatinng the rest of the container resources to finish container creation., DetailsLevel: INFO
2026-08-30T12:42:49.6074414+00:00 ContainerStatus: Creating container.
2026-08-30T12:42:49.6088156+00:00 ContainerStatus: Creating pipes for streaming container io.
2026-08-30T12:42:49.6089967+00:00 ContainerStatus: Creating stdout named pipe at /podr/container/pipe/6a219f4e9d59_app-devopsapp-task5/stdout_931fec9f96e046dba536b3562903530f.
2026-08-30T12:42:49.6272376+00:00 ContainerStatus: Successfully created stdout named pipe at: /podr/container/pipe/6a219f4e9d59_app-devopsapp-task5/stdout_931fec9f96e046dba536b3562903530f.
2026-08-30T12:42:49.6273020+00:00 ContainerStatus: Opening named pipe /podr/container/pipe/6a219f4e9d59_app-devopsapp-task5/stdout_931fec9f96e046dba536b3562903530f for reading in non-blocking mode.
2026-08-30T12:42:49.6273419+00:00 ContainerStatus: Successfully opened named pipe: /podr/container/pipe/6a219f4e9d59_app-devopsapp-task5/stdout_931fec9f96e046dba536b3562903530f.
2026-08-30T12:42:49.6273690+00:00 ContainerStatus: Successfully removed non-blocking flag from /podr/container/pipe/6a219f4e9d59_app-devopsapp-task5/stdout_931fec9f96e046dba536b3562903530f.
2026-08-30T12:42:49.6274122+00:00 ContainerStatus: Creating stderr named pipe at /podr/container/pipe/6a219f4e9d59_app-devopsapp-task5/stderr_0d88d676081e42988c192107e0f96d3a.
2026-08-30T12:42:49.6274590+00:00 ContainerStatus: Successfully created stderr named pipe at: /podr/container/pipe/6a219f4e9d59_app-devopsapp-task5/stderr_0d88d676081e42988c192107e0f96d3a.
2026-08-30T12:42:49.6274833+00:00 ContainerStatus: Opening named pipe /podr/container/pipe/6a219f4e9d59_app-devopsapp-task5/stderr_0d88d676081e42988c192107e0f96d3a for reading in non-blocking mode.
2026-08-30T12:42:49.6275123+00:00 ContainerStatus: Successfully opened named pipe: /podr/container/pipe/6a219f4e9d59_app-devopsapp-task5/stderr_0d88d676081e42988c192107e0f96d3a.
2026-08-30T12:42:49.6275359+00:00 ContainerStatus: Successfully removed non-blocking flag from /podr/container/pipe/6a219f4e9d59_app-devopsapp-task5/stderr_0d88d676081e42988c192107e0f96d3a.
2026-08-30T12:42:49.6275691+00:00 ContainerStatus: Overriding PORT environment variable with pre-calculated port: 8080.
2026-08-30T12:42:49.6275880+00:00 ContainerStatus: Setting value of PORT variable to 8080
2026-08-30T12:42:49.6276547+00:00 ContainerStatus: Creating container with image: appsvc/node:20-lts_20260710.8.tuxprod from registry: 10.1.0.4:13209 and fully qualified image name: 10.1.0.4:13209/appsvc/node:20-lts_20260710.8.tuxprod
2026-08-30T12:42:49.9854038+00:00 ContainerStatus: Starting container: 6a219f4e9d59_app-devopsapp-task5.
2026-08-30T12:42:50.0273607+00:00 ContainerStatus: Starting watchers and probes.
2026-08-30T12:42:50.0275019+00:00 ContainerStatus: Starting metrics collection.
2026-08-30T12:42:50.0360979+00:00 ContainerStatus: Container is running.
2026-08-30T12:42:50.0361484+00:00 ContainerStatus: State: Starting, Action: CreatingContainer, LastError: ContainerStartupFailure, LastErrorTimestamp: 08/30/2026 12:39:34, LastErrorDetails: Container exited with exit code 1 during startup after 21.2s. Please inspect your container logs for more details., Details: Container app-devopsapp-task5 successfully created and is running., DetailsLevel: INFO
2026-08-30T12:42:50.2374423+00:00 ContainerStatus: Container start method finished after 1415 ms.
2026-08-30T12:42:50.2382538+00:00 ContainerStatus: State: Starting, Action: InitiatingSiteWarmUpProbe, LastError: ContainerStartupFailure, LastErrorTimestamp: 08/30/2026 12:39:34, LastErrorDetails: Container exited with exit code 1 during startup after 21.2s. Please inspect your container logs for more details., Details: Container app-devopsapp-task5 successfully created and is running., DetailsLevel: INFO
2026-08-30T12:42:50.2382900+00:00 ContainerStatus: State: Starting, Action: WaitingForSiteWarmUpProbeSuccess, LastError: ContainerStartupFailure, LastErrorTimestamp: 08/30/2026 12:39:34, LastErrorDetails: Container exited with exit code 1 during startup after 21.2s. Please inspect your container logs for more details., Details: Pinging warmup path to ensure container is ready to receive requests., DetailsLevel: INFO
2026-08-30T12:42:50.4388713+00:00 ContainerStream:    _____                               
2026-08-30T12:42:50.4473521+00:00 ContainerStream:   /  _  \ __________ _________   ____  
2026-08-30T12:42:50.4473579+00:00 ContainerStream:  /  /_\  \\___   /  |  \_  __ \_/ __ \ 
2026-08-30T12:42:50.4473596+00:00 ContainerStream: /    |    \/    /|  |  /|  | \/\  ___/ 
2026-08-30T12:42:50.4473610+00:00 ContainerStream: \____|__  /_____ \____/ |__|    \___  >
2026-08-30T12:42:50.4473627+00:00 ContainerStream:         \/      \/                  \/ 
2026-08-30T12:42:50.4473644+00:00 ContainerStream: A P P   S E R V I C E   O N   L I N U X
2026-08-30T12:42:50.4473671+00:00 ContainerStream: 
2026-08-30T12:42:50.4473690+00:00 ContainerStream: Documentation    : http://aka.ms/webapp-linux
2026-08-30T12:42:50.4473706+00:00 ContainerStream: NodeJS quickstart: https://aka.ms/node-qs
2026-08-30T12:42:50.4473722+00:00 ContainerStream: NodeJS Version   : v20.20.2
2026-08-30T12:42:50.4473737+00:00 ContainerStream: Instance Name    : lw0sdlwk0000PM
2026-08-30T12:42:50.4473757+00:00 ContainerStream: Instance Id      : a9cebb550e254ba9270d015acd372767c78fa4f3f79fc353fb793f2912e673b3
2026-08-30T12:42:50.4473811+00:00 ContainerStream: 
2026-08-30T12:42:50.4473839+00:00 ContainerStream: Note: Any data outside '/home' is not persisted
2026-08-30T12:42:52.4373439+00:00 ContainerStream: Starting OpenBSD Secure Shell server: sshd.
2026-08-30T12:42:52.4485145+00:00 ContainerStream: WEBSITES_INCLUDE_CLOUD_CERTS is not set to true.
2026-08-30T12:42:52.4861847+00:00 ContainerStream: Updating certificates in /etc/ssl/certs...
2026-08-30T12:43:05.2250832+00:00 ContainerStream: rehash: warning: skipping duplicate certificate in azl_SSL.com_TLS_ECC_Root_CA_2022.pem
2026-08-30T12:43:05.2258826+00:00 ContainerStream: rehash: warning: skipping duplicate certificate in azl_SSL.com_TLS_RSA_Root_CA_2022.pem
2026-08-30T12:43:05.4574937+00:00 ContainerStream: rehash: warning: skipping ca-certificates.crt,it does not contain exactly one certificate or CRL
2026-08-30T12:43:05.4950744+00:00 ContainerStream: 4 added, 0 removed; done.
2026-08-30T12:43:05.4954846+00:00 ContainerStream: Running hooks in /etc/ca-certificates/update.d...
2026-08-30T12:43:05.4974200+00:00 ContainerStream: done.
2026-08-30T12:43:05.5370616+00:00 ContainerStream: CA certificates copied and updated successfully.
2026-08-30T12:43:05.9378533+00:00 ContainerStream: Starting periodic command scheduler: cron.
2026-08-30T12:43:06.1153443+00:00 ContainerStream: Could not find build manifest file at '/home/site/wwwroot/oryx-manifest.toml'
2026-08-30T12:43:06.1160135+00:00 ContainerStream: Could not find operation ID in manifest. Generating an operation id...
2026-08-30T12:43:06.1163152+00:00 ContainerStream: Build Operation ID: e984fa0c-193f-427d-919a-4f65049f5dce
2026-08-30T12:43:06.7663560+00:00 ContainerStream: Environment Variables for Application Insight's IPA Codeless Configuration exists..
2026-08-30T12:43:06.9346611+00:00 ContainerStream: Writing output script to '/opt/startup/startup.sh'
2026-08-30T12:43:07.0948180+00:00 ContainerStream: Running #!/bin/sh
2026-08-30T12:43:07.0948413+00:00 ContainerStream: 
2026-08-30T12:43:07.0948483+00:00 ContainerStream: # Enter the source directory to make sure the script runs where the user expects
2026-08-30T12:43:07.0948503+00:00 ContainerStream: cd "/home/site/wwwroot"
2026-08-30T12:43:07.0948517+00:00 ContainerStream: 
2026-08-30T12:43:07.0948532+00:00 ContainerStream: export NODE_PATH=/usr/local/lib/node_modules:$NODE_PATH
2026-08-30T12:43:07.0948547+00:00 ContainerStream: if [ -z "$PORT" ]; then
2026-08-30T12:43:07.0948561+00:00 ContainerStream: 		export PORT=8080
2026-08-30T12:43:07.0948575+00:00 ContainerStream: fi
2026-08-30T12:43:07.0948588+00:00 ContainerStream: 
2026-08-30T12:43:07.0953832+00:00 ContainerStream: PATH="$PATH:/home/site/wwwroot" npm start
2026-08-30T12:43:08.2859829+00:00 ContainerStream: npm info using npm@10.9.2
2026-08-30T12:43:08.2958456+00:00 ContainerStream: npm info using node@v20.20.2
2026-08-30T12:43:09.9256157+00:00 ContainerStream: 
2026-08-30T12:43:09.9256439+00:00 ContainerStream: > task5-app@1.0.0 start
2026-08-30T12:43:09.9256460+00:00 ContainerStream: > node server.js
2026-08-30T12:43:09.9256473+00:00 ContainerStream: 
2026-08-30T12:43:10.1447421+00:00 ContainerStream: node:internal/modules/cjs/loader:1210
2026-08-30T12:43:10.1448997+00:00 ContainerStream:   throw err;
2026-08-30T12:43:10.1449029+00:00 ContainerStream:   ^
2026-08-30T12:43:10.1449044+00:00 ContainerStream: 
2026-08-30T12:43:10.1449060+00:00 ContainerStream: Error: Cannot find module 'express'
2026-08-30T12:43:10.1449075+00:00 ContainerStream: Require stack:
2026-08-30T12:43:10.1449090+00:00 ContainerStream: - /home/site/wwwroot/server.js
2026-08-30T12:43:10.1449106+00:00 ContainerStream:     at Module._resolveFilename (node:internal/modules/cjs/loader:1207:15)
2026-08-30T12:43:10.1449124+00:00 ContainerStream:     at Module._load (node:internal/modules/cjs/loader:1038:27)
2026-08-30T12:43:10.1449157+00:00 ContainerStream:     at Module.require (node:internal/modules/cjs/loader:1289:19)
2026-08-30T12:43:10.1449174+00:00 ContainerStream:     at require (node:internal/modules/helpers:182:18)
2026-08-30T12:43:10.1449190+00:00 ContainerStream:     at Object.<anonymous> (/home/site/wwwroot/server.js:1:17)
2026-08-30T12:43:10.1449205+00:00 ContainerStream:     at Module._compile (node:internal/modules/cjs/loader:1521:14)
2026-08-30T12:43:10.1449220+00:00 ContainerStream:     at Module._extensions..js (node:internal/modules/cjs/loader:1623:10)
2026-08-30T12:43:10.1449236+00:00 ContainerStream:     at Module.load (node:internal/modules/cjs/loader:1266:32)
2026-08-30T12:43:10.1449251+00:00 ContainerStream:     at Module._load (node:internal/modules/cjs/loader:1091:12)
2026-08-30T12:43:10.1449283+00:00 ContainerStream:     at Function.executeUserEntryPoint [as runMain] (node:internal/modules/run_main:164:12) {
2026-08-30T12:43:10.1449306+00:00 ContainerStream:   code: 'MODULE_NOT_FOUND',
2026-08-30T12:43:10.1449325+00:00 ContainerStream:   requireStack: [ '/home/site/wwwroot/server.js' ]
2026-08-30T12:43:10.1449338+00:00 ContainerStream: }
2026-08-30T12:43:10.1455211+00:00 ContainerStream: 
2026-08-30T12:43:10.1455271+00:00 ContainerStream: Node.js v20.20.2
2026-08-30T12:43:10.3105137+00:00 ContainerStatus: Container has finished running with exit code: 1.
2026-08-30T12:43:10.3145824+00:00 ContainerStatus: Container is terminating. Grace period: 5 seconds.
2026-08-30T12:43:10.3147782+00:00 ContainerStatus: Stop and delete container. Retry count = 0
2026-08-30T12:43:10.3148287+00:00 ContainerStatus: Stopping container: 6a219f4e9d59_app-devopsapp-task5.
2026-08-30T12:43:10.3748771+00:00 ContainerStatus: Deleting container: 6a219f4e9d59_app-devopsapp-task5. Retry count = 0
2026-08-30T12:43:10.5362031+00:00 ContainerStatus: Container spec TerminationMessagePolicy  path 
2026-08-30T12:43:10.5364541+00:00 ContainerStatus: Container is terminated. Total time elapsed: 221 ms.
2026-08-30T12:43:10.5366693+00:00 ContainerStatus: Site container: app-devopsapp-task5 terminated during site startup.
2026-08-30T12:43:10.5485300+00:00 ContainerStatus: State: Stopping, Action: CancellingStartup, LastError: ContainerStartupFailure, LastErrorTimestamp: 08/30/2026 12:39:34, LastErrorDetails: Container exited with exit code 1 during startup after 21.2s. Please inspect your container logs for more details., Details: Site container: app-devopsapp-task5 terminated during site startup. Cancelling site startup., DetailsLevel: ERR
2026-08-30T12:43:10.5764271+00:00 ContainerStatus: Site startup probe failed after 20.3379199 seconds.
2026-08-30T12:43:10.7872254+00:00 ContainerStatus: State: Stopping, Action: CancellingStartup, LastError: ContainerStartupFailure, LastErrorTimestamp: 08/30/2026 12:43:10, LastErrorDetails: Container exited with exit code 1 during startup after 20.5s. Please inspect your container logs for more details., Details: Site container: app-devopsapp-task5 terminated during site startup. Cancelling site startup., DetailsLevel: ERR
2026-08-30T12:43:10.7885912+00:00 ContainerStatus: Failed to start site. Revert by stopping site.
2026-08-30T12:43:10.7886752+00:00 ContainerStatus: State: Stopping, Action: StoppingSite, LastError: ContainerStartupFailure, LastErrorTimestamp: 08/30/2026 12:43:10, LastErrorDetails: Container exited with exit code 1 during startup after 20.5s. Please inspect your container logs for more details., Details: Site container: app-devopsapp-task5 terminated during site startup. Cancelling site startup., DetailsLevel: ERR
2026-08-30T12:43:10.7986312+00:00 ContainerStatus: State: Stopping, Action: StoppingSiteContainers, LastError: ContainerStartupFailure, LastErrorTimestamp: 08/30/2026 12:43:10, LastErrorDetails: Container exited with exit code 1 during startup after 20.5s. Please inspect your container logs for more details., Details: Site container: app-devopsapp-task5 terminated during site startup. Cancelling site startup., DetailsLevel: ERR
2026-08-30T12:43:11.1100255+00:00 ContainerStatus: Site container: app-devopsapp-task5_managedIdentity terminated during site startup.
2026-08-30T12:43:11.1103322+00:00 ContainerStatus: State: Stopping, Action: StoppingSiteContainers, LastError: ContainerStartupFailure, LastErrorTimestamp: 08/30/2026 12:43:10, LastErrorDetails: Container exited with exit code 1 during startup after 20.5s. Please inspect your container logs for more details., Details: Site container: app-devopsapp-task5 terminated during site startup. Cancelling site startup., DetailsLevel: ERR
2026-08-30T12:43:11.1175317+00:00 ContainerStatus: Site: app-devopsapp-task5 stopped.
========== New Cold Start Attempt (2026-08-30T12:43:11.1273893+00:00) ==========
2026-08-30T12:43:11.1273893+00:00 ContainerStatus: State: Stopping, Action: UnmountingVolumes, LastError: ContainerStartupFailure, LastErrorTimestamp: 08/30/2026 12:43:10, LastErrorDetails: Container exited with exit code 1 during startup after 20.5s. Please inspect your container logs for more details., Details: Site container: app-devopsapp-task5 terminated during site startup. Cancelling site startup., DetailsLevel: ERR
2026-08-30T12:43:11.3805031+00:00 ContainerStatus: State: Stopping, Action: StoppingSiteNetworks, LastError: ContainerStartupFailure, LastErrorTimestamp: 08/30/2026 12:43:10, LastErrorDetails: Container exited with exit code 1 during startup after 20.5s. Please inspect your container logs for more details., Details: Site container: app-devopsapp-task5 terminated during site startup. Cancelling site startup., DetailsLevel: ERR
2026-08-30T12:43:11.7882965+00:00 ContainerStatus: State: Stopped, Action: None, LastError: ContainerStartupFailure, LastErrorTimestamp: 08/30/2026 12:43:10, LastErrorDetails: Container exited with exit code 1 during startup after 20.5s. Please inspect your container logs for more details., Details: Site stopped at 08/30/2026 12:43:11 (UTC), DetailsLevel: ERR
2026-08-30T12:43:11.9303635+00:00 ContainerStatus: State: Stopped, Action: None, LastError: ContainerStartupFailure, LastErrorTimestamp: 08/30/2026 12:43:10, LastErrorDetails: Container exited with exit code 1 during startup after 20.5s. Please inspect your container logs for more details., Details: Site stopped at 08/30/2026 12:43:11 (UTC), DetailsLevel: ERR
2026-08-30T12:43:12.4041897+00:00 ContainerStatus: State: Starting, Action: EstablishingSiteNetworks, LastError: ContainerStartupFailure, LastErrorTimestamp: 08/30/2026 12:43:10, LastErrorDetails: Container exited with exit code 1 during startup after 20.5s. Please inspect your container logs for more details., Details: Site stopped at 08/30/2026 12:43:11 (UTC), DetailsLevel: ERR
2026-08-30T12:43:14.0249000+00:00 ContainerStatus: State: Starting, Action: StartingMsiContainer, LastError: ContainerStartupFailure, LastErrorTimestamp: 08/30/2026 12:43:10, LastErrorDetails: Container exited with exit code 1 during startup after 20.5s. Please inspect your container logs for more details., Details: Site stopped at 08/30/2026 12:43:11 (UTC), DetailsLevel: ERR
2026-08-30T12:43:24.1832139+00:00 ContainerStatus: State: Starting, Action: StartingSiteContainers, LastError: ContainerStartupFailure, LastErrorTimestamp: 08/30/2026 12:43:10, LastErrorDetails: Container exited with exit code 1 during startup after 20.5s. Please inspect your container logs for more details., Details: Site stopped at 08/30/2026 12:43:11 (UTC), DetailsLevel: ERR
2026-08-30T12:43:24.1832786+00:00 ContainerStatus: Container start method called.
2026-08-30T12:43:24.1833177+00:00 ContainerStatus: State: Starting, Action: PullingImage, LastError: ContainerStartupFailure, LastErrorTimestamp: 08/30/2026 12:43:10, LastErrorDetails: Container exited with exit code 1 during startup after 20.5s. Please inspect your container logs for more details., Details: Pulling image 10.1.0.4:13209/appsvc/node:20-lts_20260710.8.tuxprod for app-devopsapp-task5., DetailsLevel: INFO
2026-08-30T12:43:24.1833572+00:00 ContainerStatus: Establishing network.
2026-08-30T12:43:24.1834024+00:00 ContainerStatus: Pulling image: appsvc/node:20-lts_20260710.8.tuxprod.
2026-08-30T12:43:24.4244434+00:00 ContainerStatus: Container is starting.
2026-08-30T12:43:24.4246251+00:00 ContainerStatus: State: Starting, Action: MountingVolumes, LastError: ContainerStartupFailure, LastErrorTimestamp: 08/30/2026 12:43:10, LastErrorDetails: Container exited with exit code 1 during startup after 20.5s. Please inspect your container logs for more details., Details: Mounting volumes for app-devopsapp-task5., DetailsLevel: INFO
2026-08-30T12:43:24.4246887+00:00 ContainerStatus: Establishing user namespace if not established already.
2026-08-30T12:43:24.4247343+00:00 ContainerStatus: Establishing network if not established already.
2026-08-30T12:43:24.4247834+00:00 ContainerStatus: Mounting volumes.
2026-08-30T12:43:24.4248506+00:00 ContainerStatus: Nested mountpoint site/wwwroot
2026-08-30T12:43:24.4537146+00:00 ContainerStatus: Nested mountpoint volatile/logs
2026-08-30T12:43:24.4556292+00:00 ContainerStatus: Nested mountpoint 
2026-08-30T12:43:24.4559897+00:00 ContainerStatus: Nested mountpoint 
2026-08-30T12:43:24.5441075+00:00 ContainerStatus: Nested mountpoint 
2026-08-30T12:43:24.5444466+00:00 ContainerStatus: Nested mountpoint 
2026-08-30T12:43:24.6148146+00:00 ContainerStatus: Nested mountpoint 
2026-08-30T12:43:24.9795244+00:00 ContainerStatus: State: Starting, Action: CreatingContainer, LastError: ContainerStartupFailure, LastErrorTimestamp: 08/30/2026 12:43:10, LastErrorDetails: Container exited with exit code 1 during startup after 20.5s. Please inspect your container logs for more details., Details: Finished pulling container image and mounting volumes for app-devopsapp-task5. Allocatinng the rest of the container resources to finish container creation., DetailsLevel: INFO
2026-08-30T12:43:24.9797924+00:00 ContainerStatus: Creating container.
2026-08-30T12:43:24.9800160+00:00 ContainerStatus: Creating pipes for streaming container io.
2026-08-30T12:43:24.9844047+00:00 ContainerStatus: Creating stdout named pipe at /podr/container/pipe/abf14e34dc4a_app-devopsapp-task5/stdout_a8969ce391934541a011c4d026e99941.
2026-08-30T12:43:24.9848972+00:00 ContainerStatus: Successfully created stdout named pipe at: /podr/container/pipe/abf14e34dc4a_app-devopsapp-task5/stdout_a8969ce391934541a011c4d026e99941.
2026-08-30T12:43:24.9850052+00:00 ContainerStatus: Opening named pipe /podr/container/pipe/abf14e34dc4a_app-devopsapp-task5/stdout_a8969ce391934541a011c4d026e99941 for reading in non-blocking mode.
2026-08-30T12:43:24.9850531+00:00 ContainerStatus: Successfully opened named pipe: /podr/container/pipe/abf14e34dc4a_app-devopsapp-task5/stdout_a8969ce391934541a011c4d026e99941.
2026-08-30T12:43:24.9850943+00:00 ContainerStatus: Successfully removed non-blocking flag from /podr/container/pipe/abf14e34dc4a_app-devopsapp-task5/stdout_a8969ce391934541a011c4d026e99941.
2026-08-30T12:43:24.9859094+00:00 ContainerStatus: Creating stderr named pipe at /podr/container/pipe/abf14e34dc4a_app-devopsapp-task5/stderr_6e79eaf265f549debb705ab66f7414b5.
2026-08-30T12:43:24.9859674+00:00 ContainerStatus: Successfully created stderr named pipe at: /podr/container/pipe/abf14e34dc4a_app-devopsapp-task5/stderr_6e79eaf265f549debb705ab66f7414b5.
2026-08-30T12:43:24.9859890+00:00 ContainerStatus: Opening named pipe /podr/container/pipe/abf14e34dc4a_app-devopsapp-task5/stderr_6e79eaf265f549debb705ab66f7414b5 for reading in non-blocking mode.
2026-08-30T12:43:24.9860168+00:00 ContainerStatus: Successfully opened named pipe: /podr/container/pipe/abf14e34dc4a_app-devopsapp-task5/stderr_6e79eaf265f549debb705ab66f7414b5.
2026-08-30T12:43:24.9860402+00:00 ContainerStatus: Successfully removed non-blocking flag from /podr/container/pipe/abf14e34dc4a_app-devopsapp-task5/stderr_6e79eaf265f549debb705ab66f7414b5.
2026-08-30T12:43:24.9860748+00:00 ContainerStatus: Overriding PORT environment variable with pre-calculated port: 8080.
2026-08-30T12:43:24.9860947+00:00 ContainerStatus: Setting value of PORT variable to 8080
2026-08-30T12:43:24.9861489+00:00 ContainerStatus: Creating container with image: appsvc/node:20-lts_20260710.8.tuxprod from registry: 10.1.0.4:13209 and fully qualified image name: 10.1.0.4:13209/appsvc/node:20-lts_20260710.8.tuxprod
2026-08-30T12:43:25.5613215+00:00 ContainerStatus: Starting container: abf14e34dc4a_app-devopsapp-task5.
2026-08-30T12:43:25.6031770+00:00 ContainerStatus: Starting watchers and probes.
2026-08-30T12:43:25.6034869+00:00 ContainerStatus: Starting metrics collection.
2026-08-30T12:43:25.6038123+00:00 ContainerStatus: Container is running.
2026-08-30T12:43:25.6039668+00:00 ContainerStatus: State: Starting, Action: CreatingContainer, LastError: ContainerStartupFailure, LastErrorTimestamp: 08/30/2026 12:43:10, LastErrorDetails: Container exited with exit code 1 during startup after 20.5s. Please inspect your container logs for more details., Details: Container app-devopsapp-task5 successfully created and is running., DetailsLevel: INFO
2026-08-30T12:43:25.8238703+00:00 ContainerStream:    _____                               
2026-08-30T12:43:25.8238847+00:00 ContainerStream:   /  _  \ __________ _________   ____  
2026-08-30T12:43:25.8238863+00:00 ContainerStream:  /  /_\  \\___   /  |  \_  __ \_/ __ \ 
2026-08-30T12:43:25.8238876+00:00 ContainerStream: /    |    \/    /|  |  /|  | \/\  ___/ 
2026-08-30T12:43:25.8238890+00:00 ContainerStream: \____|__  /_____ \____/ |__|    \___  >
2026-08-30T12:43:25.8238900+00:00 ContainerStream:         \/      \/                  \/ 
2026-08-30T12:43:25.8238911+00:00 ContainerStream: A P P   S E R V I C E   O N   L I N U X
2026-08-30T12:43:25.8238921+00:00 ContainerStream: 
2026-08-30T12:43:25.8238933+00:00 ContainerStream: Documentation    : http://aka.ms/webapp-linux
2026-08-30T12:43:25.8238945+00:00 ContainerStream: NodeJS quickstart: https://aka.ms/node-qs
2026-08-30T12:43:25.8238958+00:00 ContainerStream: NodeJS Version   : v20.20.2
2026-08-30T12:43:25.8238972+00:00 ContainerStream: Instance Name    : lw0sdlwk0000PM
2026-08-30T12:43:25.8239017+00:00 ContainerStream: Instance Id      : a9cebb550e254ba9270d015acd372767c78fa4f3f79fc353fb793f2912e673b3
2026-08-30T12:43:25.8239027+00:00 ContainerStream: 
2026-08-30T12:43:25.8239040+00:00 ContainerStream: Note: Any data outside '/home' is not persisted
2026-08-30T12:43:25.9439656+00:00 ContainerStatus: Container start method finished after 1760 ms.
2026-08-30T12:43:25.9440574+00:00 ContainerStatus: State: Starting, Action: InitiatingSiteWarmUpProbe, LastError: ContainerStartupFailure, LastErrorTimestamp: 08/30/2026 12:43:10, LastErrorDetails: Container exited with exit code 1 during startup after 20.5s. Please inspect your container logs for more details., Details: Container app-devopsapp-task5 successfully created and is running., DetailsLevel: INFO
2026-08-30T12:43:25.9440697+00:00 ContainerStatus: State: Starting, Action: WaitingForSiteWarmUpProbeSuccess, LastError: ContainerStartupFailure, LastErrorTimestamp: 08/30/2026 12:43:10, LastErrorDetails: Container exited with exit code 1 during startup after 20.5s. Please inspect your container logs for more details., Details: Pinging warmup path to ensure container is ready to receive requests., DetailsLevel: INFO
2026-08-30T12:43:30.5981685+00:00 ContainerStream: Starting OpenBSD Secure Shell server: sshd.
2026-08-30T12:43:30.6085511+00:00 ContainerStream: WEBSITES_INCLUDE_CLOUD_CERTS is not set to true.
2026-08-30T12:43:30.6964157+00:00 ContainerStream: Updating certificates in /etc/ssl/certs...
2026-08-30T12:43:41.2109859+00:00 ContainerStream: rehash: warning: skipping duplicate certificate in azl_SSL.com_TLS_ECC_Root_CA_2022.pem
2026-08-30T12:43:41.2200484+00:00 ContainerStream: rehash: warning: skipping duplicate certificate in azl_SSL.com_TLS_RSA_Root_CA_2022.pem
2026-08-30T12:43:41.5006927+00:00 ContainerStream: rehash: warning: skipping ca-certificates.crt,it does not contain exactly one certificate or CRL
2026-08-30T12:43:41.5317347+00:00 ContainerStream: 4 added, 0 removed; done.
2026-08-30T12:43:41.5321094+00:00 ContainerStream: Running hooks in /etc/ca-certificates/update.d...
2026-08-30T12:43:41.5416965+00:00 ContainerStream: done.
2026-08-30T12:43:41.5705888+00:00 ContainerStream: CA certificates copied and updated successfully.
2026-08-30T12:43:41.7156795+00:00 ContainerStream: Starting periodic command scheduler: cron.
2026-08-30T12:43:41.8551342+00:00 ContainerStream: Could not find build manifest file at '/home/site/wwwroot/oryx-manifest.toml'
2026-08-30T12:43:41.8556403+00:00 ContainerStream: Could not find operation ID in manifest. Generating an operation id...
2026-08-30T12:43:41.8628938+00:00 ContainerStream: Build Operation ID: a9a22678-5541-46f1-832a-8533dc8d96fa
2026-08-30T12:43:42.5130019+00:00 ContainerStream: Environment Variables for Application Insight's IPA Codeless Configuration exists..
2026-08-30T12:43:42.6466535+00:00 ContainerStream: Writing output script to '/opt/startup/startup.sh'
2026-08-30T12:43:42.8839455+00:00 ContainerStream: Running #!/bin/sh
2026-08-30T12:43:42.8839596+00:00 ContainerStream: 
2026-08-30T12:43:42.8839617+00:00 ContainerStream: # Enter the source directory to make sure the script runs where the user expects
2026-08-30T12:43:42.8839628+00:00 ContainerStream: cd "/home/site/wwwroot"
2026-08-30T12:43:42.8839637+00:00 ContainerStream: 
2026-08-30T12:43:42.8839651+00:00 ContainerStream: export NODE_PATH=/usr/local/lib/node_modules:$NODE_PATH
2026-08-30T12:43:42.8839662+00:00 ContainerStream: if [ -z "$PORT" ]; then
2026-08-30T12:43:42.8839674+00:00 ContainerStream: 		export PORT=8080
2026-08-30T12:43:42.8839687+00:00 ContainerStream: fi
2026-08-30T12:43:42.8839696+00:00 ContainerStream: 
2026-08-30T12:43:42.8839709+00:00 ContainerStream: PATH="$PATH:/home/site/wwwroot" npm start
2026-08-30T12:43:43.7242919+00:00 ContainerStream: npm info using npm@10.9.2
2026-08-30T12:43:43.7248622+00:00 ContainerStream: npm info using node@v20.20.2
2026-08-30T12:43:44.9491179+00:00 ContainerStream: 
2026-08-30T12:43:44.9491495+00:00 ContainerStream: > task5-app@1.0.0 start
2026-08-30T12:43:44.9491510+00:00 ContainerStream: > node server.js
2026-08-30T12:43:44.9491521+00:00 ContainerStream: 
2026-08-30T12:43:45.2055105+00:00 ContainerStream: node:internal/modules/cjs/loader:1210
2026-08-30T12:43:45.2055331+00:00 ContainerStream:   throw err;
2026-08-30T12:43:45.2055347+00:00 ContainerStream:   ^
2026-08-30T12:43:45.2055357+00:00 ContainerStream: 
2026-08-30T12:43:45.2055370+00:00 ContainerStream: Error: Cannot find module 'express'
2026-08-30T12:43:45.2055380+00:00 ContainerStream: Require stack:
2026-08-30T12:43:45.2055428+00:00 ContainerStream: - /home/site/wwwroot/server.js
2026-08-30T12:43:45.2055443+00:00 ContainerStream:     at Module._resolveFilename (node:internal/modules/cjs/loader:1207:15)
2026-08-30T12:43:45.2055456+00:00 ContainerStream:     at Module._load (node:internal/modules/cjs/loader:1038:27)
2026-08-30T12:43:45.2055470+00:00 ContainerStream:     at Module.require (node:internal/modules/cjs/loader:1289:19)
2026-08-30T12:43:45.2055483+00:00 ContainerStream:     at require (node:internal/modules/helpers:182:18)
2026-08-30T12:43:45.2055495+00:00 ContainerStream:     at Object.<anonymous> (/home/site/wwwroot/server.js:1:17)
2026-08-30T12:43:45.2055508+00:00 ContainerStream:     at Module._compile (node:internal/modules/cjs/loader:1521:14)
2026-08-30T12:43:45.2055521+00:00 ContainerStream:     at Module._extensions..js (node:internal/modules/cjs/loader:1623:10)
2026-08-30T12:43:45.2055533+00:00 ContainerStream:     at Module.load (node:internal/modules/cjs/loader:1266:32)
2026-08-30T12:43:45.2055546+00:00 ContainerStream:     at Module._load (node:internal/modules/cjs/loader:1091:12)
2026-08-30T12:43:45.2055560+00:00 ContainerStream:     at Function.executeUserEntryPoint [as runMain] (node:internal/modules/run_main:164:12) {
2026-08-30T12:43:45.2055572+00:00 ContainerStream:   code: 'MODULE_NOT_FOUND',
2026-08-30T12:43:45.2055660+00:00 ContainerStream:   requireStack: [ '/home/site/wwwroot/server.js' ]
2026-08-30T12:43:45.2055671+00:00 ContainerStream: }
2026-08-30T12:43:45.2062205+00:00 ContainerStream: 
2026-08-30T12:43:45.2062281+00:00 ContainerStream: Node.js v20.20.2
2026-08-30T12:43:45.3223819+00:00 ContainerStatus: Container has finished running with exit code: 1.
2026-08-30T12:43:45.3248513+00:00 ContainerStatus: Container is terminating. Grace period: 5 seconds.
2026-08-30T12:43:45.3250613+00:00 ContainerStatus: Stop and delete container. Retry count = 0
2026-08-30T12:43:45.3251070+00:00 ContainerStatus: Stopping container: abf14e34dc4a_app-devopsapp-task5.
2026-08-30T12:43:45.3651604+00:00 ContainerStatus: Deleting container: abf14e34dc4a_app-devopsapp-task5. Retry count = 0
2026-08-30T12:43:45.5162755+00:00 ContainerStatus: Container spec TerminationMessagePolicy  path 
2026-08-30T12:43:45.5164526+00:00 ContainerStatus: Container is terminated. Total time elapsed: 191 ms.
2026-08-30T12:43:45.5165199+00:00 ContainerStatus: Site container: app-devopsapp-task5 terminated during site startup.
2026-08-30T12:43:45.5166921+00:00 ContainerStatus: State: Stopping, Action: CancellingStartup, LastError: ContainerStartupFailure, LastErrorTimestamp: 08/30/2026 12:43:10, LastErrorDetails: Container exited with exit code 1 during startup after 20.5s. Please inspect your container logs for more details., Details: Site container: app-devopsapp-task5 terminated during site startup. Cancelling site startup., DetailsLevel: ERR
2026-08-30T12:43:45.5566277+00:00 ContainerStatus: Site startup probe failed after 19.6123173 seconds.
2026-08-30T12:43:45.7848801+00:00 ContainerStatus: State: Stopping, Action: CancellingStartup, LastError: ContainerStartupFailure, LastErrorTimestamp: 08/30/2026 12:43:45, LastErrorDetails: Container exited with exit code 1 during startup after 19.9s. Please inspect your container logs for more details., Details: Site container: app-devopsapp-task5 terminated during site startup. Cancelling site startup., DetailsLevel: ERR
2026-08-30T12:43:45.7860138+00:00 ContainerStatus: Failed to start site. Revert by stopping site.
2026-08-30T12:43:45.7862075+00:00 ContainerStatus: State: Stopping, Action: StoppingSite, LastError: ContainerStartupFailure, LastErrorTimestamp: 08/30/2026 12:43:45, LastErrorDetails: Container exited with exit code 1 during startup after 19.9s. Please inspect your container logs for more details., Details: Site container: app-devopsapp-task5 terminated during site startup. Cancelling site startup., DetailsLevel: ERR
2026-08-30T12:43:45.7867431+00:00 ContainerStatus: State: Stopping, Action: StoppingSiteContainers, LastError: ContainerStartupFailure, LastErrorTimestamp: 08/30/2026 12:43:45, LastErrorDetails: Container exited with exit code 1 during startup after 19.9s. Please inspect your container logs for more details., Details: Site container: app-devopsapp-task5 terminated during site startup. Cancelling site startup., DetailsLevel: ERR
2026-08-30T12:43:46.1461691+00:00 ContainerStatus: Site container: app-devopsapp-task5_managedIdentity terminated during site startup.
2026-08-30T12:43:46.1469554+00:00 ContainerStatus: State: Stopping, Action: StoppingSiteContainers, LastError: ContainerStartupFailure, LastErrorTimestamp: 08/30/2026 12:43:45, LastErrorDetails: Container exited with exit code 1 during startup after 19.9s. Please inspect your container logs for more details., Details: Site container: app-devopsapp-task5 terminated during site startup. Cancelling site startup., DetailsLevel: ERR
2026-08-30T12:43:46.1473323+00:00 ContainerStatus: Site: app-devopsapp-task5 stopped.
========== New Cold Start Attempt (2026-08-30T12:43:46.1700651+00:00) ==========
2026-08-30T12:43:46.1700651+00:00 ContainerStatus: State: Stopping, Action: UnmountingVolumes, LastError: ContainerStartupFailure, LastErrorTimestamp: 08/30/2026 12:43:45, LastErrorDetails: Container exited with exit code 1 during startup after 19.9s. Please inspect your container logs for more details., Details: Site container: app-devopsapp-task5 terminated during site startup. Cancelling site startup., DetailsLevel: ERR
2026-08-30T12:43:46.4473071+00:00 ContainerStatus: State: Stopping, Action: StoppingSiteNetworks, LastError: ContainerStartupFailure, LastErrorTimestamp: 08/30/2026 12:43:45, LastErrorDetails: Container exited with exit code 1 during startup after 19.9s. Please inspect your container logs for more details., Details: Site container: app-devopsapp-task5 terminated during site startup. Cancelling site startup., DetailsLevel: ERR
2026-08-30T12:43:46.7974823+00:00 ContainerStatus: Site: app-devopsapp-task5 will be blocked for 1 minutes till 08/30/2026 12:44:46
2026-08-30T12:43:46.7976903+00:00 ContainerStatus: State: Blocked, Action: StoppingSiteNetworks, LastError: ContainerStartupFailure, LastErrorTimestamp: 08/30/2026 12:43:45, LastErrorDetails: Container exited with exit code 1 during startup after 19.9s. Please inspect your container logs for more details., Details: Site: app-devopsapp-task5 will be blocked for 1 minutes till 08/30/2026 12:44:46, DetailsLevel: WARN
2026-08-30T12:43:46.8062435+00:00 ContainerStatus: State: Stopped, Action: None, LastError: ContainerStartupFailure, LastErrorTimestamp: 08/30/2026 12:43:45, LastErrorDetails: Container exited with exit code 1 during startup after 19.9s. Please inspect your container logs for more details., Details: Site stopped at 08/30/2026 12:43:46 (UTC), DetailsLevel: WARN
2026-08-30T12:43:46.9999798+00:00 ContainerStatus: State: Stopped, Action: None, LastError: ContainerStartupFailure, LastErrorTimestamp: 08/30/2026 12:43:45, LastErrorDetails: Container exited with exit code 1 during startup after 19.9s. Please inspect your container logs for more details., Details: Site stopped at 08/30/2026 12:43:46 (UTC), DetailsLevel: WARN
2026-08-30T12:44:46.7984501+00:00 ContainerStatus: Site: app-devopsapp-task5 is unblocked.
2026-08-30T12:45:03.8074727+00:00 ContainerStatus: State: Starting, Action: EstablishingSiteNetworks, LastError: ContainerStartupFailure, LastErrorTimestamp: 08/30/2026 12:43:45, LastErrorDetails: Container exited with exit code 1 during startup after 19.9s. Please inspect your container logs for more details., Details: Site stopped at 08/30/2026 12:43:46 (UTC), DetailsLevel: WARN
2026-08-30T12:45:05.7874049+00:00 ContainerStatus: State: Starting, Action: StartingMsiContainer, LastError: ContainerStartupFailure, LastErrorTimestamp: 08/30/2026 12:43:45, LastErrorDetails: Container exited with exit code 1 during startup after 19.9s. Please inspect your container logs for more details., Details: Site stopped at 08/30/2026 12:43:46 (UTC), DetailsLevel: WARN
2026-08-30T12:45:15.1596452+00:00 ContainerStatus: State: Starting, Action: StartingSiteContainers, LastError: ContainerStartupFailure, LastErrorTimestamp: 08/30/2026 12:43:45, LastErrorDetails: Container exited with exit code 1 during startup after 19.9s. Please inspect your container logs for more details., Details: Site stopped at 08/30/2026 12:43:46 (UTC), DetailsLevel: WARN
2026-08-30T12:45:15.1772278+00:00 ContainerStatus: Container start method called.
2026-08-30T12:45:15.1780420+00:00 ContainerStatus: State: Starting, Action: PullingImage, LastError: ContainerStartupFailure, LastErrorTimestamp: 08/30/2026 12:43:45, LastErrorDetails: Container exited with exit code 1 during startup after 19.9s. Please inspect your container logs for more details., Details: Pulling image 10.1.0.4:13209/appsvc/node:20-lts_20260710.8.tuxprod for app-devopsapp-task5., DetailsLevel: INFO
2026-08-30T12:45:15.1781512+00:00 ContainerStatus: Establishing network.
2026-08-30T12:45:15.1782111+00:00 ContainerStatus: Pulling image: appsvc/node:20-lts_20260710.8.tuxprod.
2026-08-30T12:45:15.3497612+00:00 ContainerStatus: Container is starting.
2026-08-30T12:45:15.3498133+00:00 ContainerStatus: State: Starting, Action: MountingVolumes, LastError: ContainerStartupFailure, LastErrorTimestamp: 08/30/2026 12:43:45, LastErrorDetails: Container exited with exit code 1 during startup after 19.9s. Please inspect your container logs for more details., Details: Mounting volumes for app-devopsapp-task5., DetailsLevel: INFO
2026-08-30T12:45:15.3498555+00:00 ContainerStatus: Establishing user namespace if not established already.
2026-08-30T12:45:15.3498991+00:00 ContainerStatus: Establishing network if not established already.
2026-08-30T12:45:15.3499476+00:00 ContainerStatus: Mounting volumes.
2026-08-30T12:45:15.3500113+00:00 ContainerStatus: Nested mountpoint site/wwwroot
2026-08-30T12:45:15.3704234+00:00 ContainerStatus: Nested mountpoint volatile/logs
2026-08-30T12:45:15.4002775+00:00 ContainerStatus: Nested mountpoint 
2026-08-30T12:45:15.4004824+00:00 ContainerStatus: Nested mountpoint 
2026-08-30T12:45:15.4218258+00:00 ContainerStatus: Nested mountpoint 
2026-08-30T12:45:15.4297668+00:00 ContainerStatus: Nested mountpoint 
2026-08-30T12:45:15.4303865+00:00 ContainerStatus: Nested mountpoint 
2026-08-30T12:45:15.9926404+00:00 ContainerStatus: State: Starting, Action: CreatingContainer, LastError: ContainerStartupFailure, LastErrorTimestamp: 08/30/2026 12:43:45, LastErrorDetails: Container exited with exit code 1 during startup after 19.9s. Please inspect your container logs for more details., Details: Finished pulling container image and mounting volumes for app-devopsapp-task5. Allocatinng the rest of the container resources to finish container creation., DetailsLevel: INFO
2026-08-30T12:45:16.0004383+00:00 ContainerStatus: Creating container.
2026-08-30T12:45:16.0004981+00:00 ContainerStatus: Creating pipes for streaming container io.
2026-08-30T12:45:16.0005412+00:00 ContainerStatus: Creating stdout named pipe at /podr/container/pipe/87a1a6462134_app-devopsapp-task5/stdout_88db03cecf4040bfbb42e2de72a39037.
2026-08-30T12:45:16.0006335+00:00 ContainerStatus: Successfully created stdout named pipe at: /podr/container/pipe/87a1a6462134_app-devopsapp-task5/stdout_88db03cecf4040bfbb42e2de72a39037.
2026-08-30T12:45:16.0006776+00:00 ContainerStatus: Opening named pipe /podr/container/pipe/87a1a6462134_app-devopsapp-task5/stdout_88db03cecf4040bfbb42e2de72a39037 for reading in non-blocking mode.
2026-08-30T12:45:16.0007265+00:00 ContainerStatus: Successfully opened named pipe: /podr/container/pipe/87a1a6462134_app-devopsapp-task5/stdout_88db03cecf4040bfbb42e2de72a39037.
2026-08-30T12:45:16.0007658+00:00 ContainerStatus: Successfully removed non-blocking flag from /podr/container/pipe/87a1a6462134_app-devopsapp-task5/stdout_88db03cecf4040bfbb42e2de72a39037.
2026-08-30T12:45:16.0015860+00:00 ContainerStatus: Creating stderr named pipe at /podr/container/pipe/87a1a6462134_app-devopsapp-task5/stderr_d5fb50ec09684e16b956c7c1a1312c99.
2026-08-30T12:45:16.0016644+00:00 ContainerStatus: Successfully created stderr named pipe at: /podr/container/pipe/87a1a6462134_app-devopsapp-task5/stderr_d5fb50ec09684e16b956c7c1a1312c99.
2026-08-30T12:45:16.0017162+00:00 ContainerStatus: Opening named pipe /podr/container/pipe/87a1a6462134_app-devopsapp-task5/stderr_d5fb50ec09684e16b956c7c1a1312c99 for reading in non-blocking mode.
2026-08-30T12:45:16.0017648+00:00 ContainerStatus: Successfully opened named pipe: /podr/container/pipe/87a1a6462134_app-devopsapp-task5/stderr_d5fb50ec09684e16b956c7c1a1312c99.
2026-08-30T12:45:16.0018080+00:00 ContainerStatus: Successfully removed non-blocking flag from /podr/container/pipe/87a1a6462134_app-devopsapp-task5/stderr_d5fb50ec09684e16b956c7c1a1312c99.
2026-08-30T12:45:16.0019274+00:00 ContainerStatus: Overriding PORT environment variable with pre-calculated port: 8080.
2026-08-30T12:45:16.0020246+00:00 ContainerStatus: Setting value of PORT variable to 8080
2026-08-30T12:45:16.0021062+00:00 ContainerStatus: Creating container with image: appsvc/node:20-lts_20260710.8.tuxprod from registry: 10.1.0.4:13209 and fully qualified image name: 10.1.0.4:13209/appsvc/node:20-lts_20260710.8.tuxprod
2026-08-30T12:45:16.3727454+00:00 ContainerStatus: Starting container: 87a1a6462134_app-devopsapp-task5.
2026-08-30T12:45:16.6221877+00:00 ContainerStatus: Starting watchers and probes.
2026-08-30T12:45:16.6228934+00:00 ContainerStatus: Starting metrics collection.
2026-08-30T12:45:16.6307267+00:00 ContainerStatus: Container is running.
2026-08-30T12:45:16.6307718+00:00 ContainerStatus: State: Starting, Action: CreatingContainer, LastError: ContainerStartupFailure, LastErrorTimestamp: 08/30/2026 12:43:45, LastErrorDetails: Container exited with exit code 1 during startup after 19.9s. Please inspect your container logs for more details., Details: Container app-devopsapp-task5 successfully created and is running., DetailsLevel: INFO
2026-08-30T12:45:16.9953504+00:00 ContainerStatus: Container start method finished after 1817 ms.
2026-08-30T12:45:17.0002878+00:00 ContainerStatus: State: Starting, Action: InitiatingSiteWarmUpProbe, LastError: ContainerStartupFailure, LastErrorTimestamp: 08/30/2026 12:43:45, LastErrorDetails: Container exited with exit code 1 during startup after 19.9s. Please inspect your container logs for more details., Details: Container app-devopsapp-task5 successfully created and is running., DetailsLevel: INFO
2026-08-30T12:45:17.0004927+00:00 ContainerStatus: State: Starting, Action: WaitingForSiteWarmUpProbeSuccess, LastError: ContainerStartupFailure, LastErrorTimestamp: 08/30/2026 12:43:45, LastErrorDetails: Container exited with exit code 1 during startup after 19.9s. Please inspect your container logs for more details., Details: Pinging warmup path to ensure container is ready to receive requests., DetailsLevel: INFO
2026-08-30T12:45:17.0827813+00:00 ContainerStream:    _____                               
2026-08-30T12:45:17.0827965+00:00 ContainerStream:   /  _  \ __________ _________   ____  
2026-08-30T12:45:17.0827979+00:00 ContainerStream:  /  /_\  \\___   /  |  \_  __ \_/ __ \ 
2026-08-30T12:45:17.0827990+00:00 ContainerStream: /    |    \/    /|  |  /|  | \/\  ___/ 
2026-08-30T12:45:17.0828002+00:00 ContainerStream: \____|__  /_____ \____/ |__|    \___  >
2026-08-30T12:45:17.0828012+00:00 ContainerStream:         \/      \/                  \/ 
2026-08-30T12:45:17.0828022+00:00 ContainerStream: A P P   S E R V I C E   O N   L I N U X
2026-08-30T12:45:17.0828032+00:00 ContainerStream: 
2026-08-30T12:45:17.0828044+00:00 ContainerStream: Documentation    : http://aka.ms/webapp-linux
2026-08-30T12:45:17.0828055+00:00 ContainerStream: NodeJS quickstart: https://aka.ms/node-qs
2026-08-30T12:45:17.0828066+00:00 ContainerStream: NodeJS Version   : v20.20.2
2026-08-30T12:45:17.0828078+00:00 ContainerStream: Instance Name    : lw0sdlwk0000PM
2026-08-30T12:45:17.0828094+00:00 ContainerStream: Instance Id      : a9cebb550e254ba9270d015acd372767c78fa4f3f79fc353fb793f2912e673b3
2026-08-30T12:45:17.0828116+00:00 ContainerStream: 
2026-08-30T12:45:17.0828128+00:00 ContainerStream: Note: Any data outside '/home' is not persisted
2026-08-30T12:45:19.0715051+00:00 ContainerStream: Starting OpenBSD Secure Shell server: sshd.
2026-08-30T12:45:19.0822908+00:00 ContainerStream: WEBSITES_INCLUDE_CLOUD_CERTS is not set to true.
2026-08-30T12:45:19.1115897+00:00 ContainerStream: Updating certificates in /etc/ssl/certs...
2026-08-30T12:45:29.5477405+00:00 ContainerStream: rehash: warning: skipping duplicate certificate in azl_SSL.com_TLS_ECC_Root_CA_2022.pem
2026-08-30T12:45:29.5565387+00:00 ContainerStream: rehash: warning: skipping duplicate certificate in azl_SSL.com_TLS_RSA_Root_CA_2022.pem
2026-08-30T12:45:29.9388111+00:00 ContainerStream: 4 added, 0 removed; done.
2026-08-30T12:45:29.9684057+00:00 ContainerStream: rehash: warning: skipping ca-certificates.crt,it does not contain exactly one certificate or CRL
2026-08-30T12:45:29.9687495+00:00 ContainerStream: Running hooks in /etc/ca-certificates/update.d...
2026-08-30T12:45:29.9687560+00:00 ContainerStream: done.
2026-08-30T12:45:29.9687575+00:00 ContainerStream: CA certificates copied and updated successfully.
2026-08-30T12:45:29.9887191+00:00 ContainerStream: Starting periodic command scheduler: cron.
2026-08-30T12:45:30.1362328+00:00 ContainerStream: Could not find build manifest file at '/home/site/wwwroot/oryx-manifest.toml'
2026-08-30T12:45:30.1367253+00:00 ContainerStream: Could not find operation ID in manifest. Generating an operation id...
2026-08-30T12:45:30.1371204+00:00 ContainerStream: Build Operation ID: 820d490d-9fc7-48fd-b4d5-38333c0d0c63
2026-08-30T12:45:30.8670641+00:00 ContainerStream: Environment Variables for Application Insight's IPA Codeless Configuration exists..
2026-08-30T12:45:31.0364187+00:00 ContainerStream: Writing output script to '/opt/startup/startup.sh'
2026-08-30T12:45:31.2179986+00:00 ContainerStream: Running #!/bin/sh
2026-08-30T12:45:31.2180193+00:00 ContainerStream: 
2026-08-30T12:45:31.2180216+00:00 ContainerStream: # Enter the source directory to make sure the script runs where the user expects
2026-08-30T12:45:31.2180227+00:00 ContainerStream: cd "/home/site/wwwroot"
2026-08-30T12:45:31.2180237+00:00 ContainerStream: 
2026-08-30T12:45:31.2180281+00:00 ContainerStream: export NODE_PATH=/usr/local/lib/node_modules:$NODE_PATH
2026-08-30T12:45:31.2180295+00:00 ContainerStream: if [ -z "$PORT" ]; then
2026-08-30T12:45:31.2180306+00:00 ContainerStream: 		export PORT=8080
2026-08-30T12:45:31.2180315+00:00 ContainerStream: fi
2026-08-30T12:45:31.2180325+00:00 ContainerStream: 
2026-08-30T12:45:31.2186748+00:00 ContainerStream: PATH="$PATH:/home/site/wwwroot" npm start
2026-08-30T12:45:32.1266507+00:00 ContainerStream: npm info using npm@10.9.2
2026-08-30T12:45:32.1278580+00:00 ContainerStream: npm info using node@v20.20.2
2026-08-30T12:45:33.6189497+00:00 ContainerStream: 
2026-08-30T12:45:33.6189748+00:00 ContainerStream: > task5-app@1.0.0 start
2026-08-30T12:45:33.6189763+00:00 ContainerStream: > node server.js
2026-08-30T12:45:33.6189773+00:00 ContainerStream: 
2026-08-30T12:45:33.9385118+00:00 ContainerStream: node:internal/modules/cjs/loader:1210
2026-08-30T12:45:33.9385367+00:00 ContainerStream:   throw err;
2026-08-30T12:45:33.9385384+00:00 ContainerStream:   ^
2026-08-30T12:45:33.9385394+00:00 ContainerStream: 
2026-08-30T12:45:33.9385407+00:00 ContainerStream: Error: Cannot find module 'express'
2026-08-30T12:45:33.9385418+00:00 ContainerStream: Require stack:
2026-08-30T12:45:33.9385486+00:00 ContainerStream: - /home/site/wwwroot/server.js
2026-08-30T12:45:33.9385500+00:00 ContainerStream:     at Module._resolveFilename (node:internal/modules/cjs/loader:1207:15)
2026-08-30T12:45:33.9385513+00:00 ContainerStream:     at Module._load (node:internal/modules/cjs/loader:1038:27)
2026-08-30T12:45:33.9385525+00:00 ContainerStream:     at Module.require (node:internal/modules/cjs/loader:1289:19)
2026-08-30T12:45:33.9385538+00:00 ContainerStream:     at require (node:internal/modules/helpers:182:18)
2026-08-30T12:45:33.9385551+00:00 ContainerStream:     at Object.<anonymous> (/home/site/wwwroot/server.js:1:17)
2026-08-30T12:45:33.9385626+00:00 ContainerStream:     at Module._compile (node:internal/modules/cjs/loader:1521:14)
2026-08-30T12:45:33.9385642+00:00 ContainerStream:     at Module._extensions..js (node:internal/modules/cjs/loader:1623:10)
2026-08-30T12:45:33.9385653+00:00 ContainerStream:     at Module.load (node:internal/modules/cjs/loader:1266:32)
2026-08-30T12:45:33.9385665+00:00 ContainerStream:     at Module._load (node:internal/modules/cjs/loader:1091:12)
2026-08-30T12:45:33.9385679+00:00 ContainerStream:     at Function.executeUserEntryPoint [as runMain] (node:internal/modules/run_main:164:12) {
2026-08-30T12:45:33.9385689+00:00 ContainerStream:   code: 'MODULE_NOT_FOUND',
2026-08-30T12:45:33.9385715+00:00 ContainerStream:   requireStack: [ '/home/site/wwwroot/server.js' ]
2026-08-30T12:45:33.9385725+00:00 ContainerStream: }
2026-08-30T12:45:33.9392643+00:00 ContainerStream: 
2026-08-30T12:45:33.9392714+00:00 ContainerStream: Node.js v20.20.2
2026-08-30T12:45:34.0403498+00:00 ContainerStream: npm http fetch GET 200 https://registry.npmjs.org/npm 519ms
2026-08-30T12:45:34.0586486+00:00 ContainerStream: npm notice
2026-08-30T12:45:34.0586642+00:00 ContainerStream: npm notice New major version of npm available! 10.9.2 -> 12.0.2
2026-08-30T12:45:34.0586659+00:00 ContainerStream: npm notice Changelog: https://github.com/npm/cli/releases/tag/v12.0.2
2026-08-30T12:45:34.0586672+00:00 ContainerStream: npm notice To update run: npm install -g npm@12.0.2
2026-08-30T12:45:34.0586682+00:00 ContainerStream: npm notice
2026-08-30T12:45:34.1604437+00:00 ContainerStatus: Container has finished running with exit code: 1.
2026-08-30T12:45:34.1682838+00:00 ContainerStatus: Container is terminating. Grace period: 5 seconds.
2026-08-30T12:45:34.1689084+00:00 ContainerStatus: Stop and delete container. Retry count = 0
2026-08-30T12:45:34.1689671+00:00 ContainerStatus: Stopping container: 87a1a6462134_app-devopsapp-task5.
2026-08-30T12:45:34.4541691+00:00 ContainerStatus: Deleting container: 87a1a6462134_app-devopsapp-task5. Retry count = 0
2026-08-30T12:45:34.6138572+00:00 ContainerStatus: Container spec TerminationMessagePolicy  path 
2026-08-30T12:45:34.6142085+00:00 ContainerStatus: Container is terminated. Total time elapsed: 445 ms.
2026-08-30T12:45:34.6142649+00:00 ContainerStatus: Site container: app-devopsapp-task5 terminated during site startup.
2026-08-30T12:45:34.6143313+00:00 ContainerStatus: State: Stopping, Action: CancellingStartup, LastError: ContainerStartupFailure, LastErrorTimestamp: 08/30/2026 12:43:45, LastErrorDetails: Container exited with exit code 1 during startup after 19.9s. Please inspect your container logs for more details., Details: Site container: app-devopsapp-task5 terminated during site startup. Cancelling site startup., DetailsLevel: ERR
2026-08-30T12:45:34.6954456+00:00 ContainerStatus: Site startup probe failed after 17.6943741 seconds.
2026-08-30T12:45:34.9160122+00:00 ContainerStatus: State: Stopping, Action: CancellingStartup, LastError: ContainerStartupFailure, LastErrorTimestamp: 08/30/2026 12:45:34, LastErrorDetails: Container exited with exit code 1 during startup after 18.0s. Please inspect your container logs for more details., Details: Site container: app-devopsapp-task5 terminated during site startup. Cancelling site startup., DetailsLevel: ERR
2026-08-30T12:45:34.9355341+00:00 ContainerStatus: Failed to start site. Revert by stopping site.
2026-08-30T12:45:34.9356686+00:00 ContainerStatus: State: Stopping, Action: StoppingSite, LastError: ContainerStartupFailure, LastErrorTimestamp: 08/30/2026 12:45:34, LastErrorDetails: Container exited with exit code 1 during startup after 18.0s. Please inspect your container logs for more details., Details: Site container: app-devopsapp-task5 terminated during site startup. Cancelling site startup., DetailsLevel: ERR
2026-08-30T12:45:34.9360606+00:00 ContainerStatus: State: Stopping, Action: StoppingSiteContainers, LastError: ContainerStartupFailure, LastErrorTimestamp: 08/30/2026 12:45:34, LastErrorDetails: Container exited with exit code 1 during startup after 18.0s. Please inspect your container logs for more details., Details: Site container: app-devopsapp-task5 terminated during site startup. Cancelling site startup., DetailsLevel: ERR
2026-08-30T12:45:35.2694126+00:00 ContainerStatus: Site container: app-devopsapp-task5_managedIdentity terminated during site startup.
2026-08-30T12:45:35.2699447+00:00 ContainerStatus: State: Stopping, Action: StoppingSiteContainers, LastError: ContainerStartupFailure, LastErrorTimestamp: 08/30/2026 12:45:34, LastErrorDetails: Container exited with exit code 1 during startup after 18.0s. Please inspect your container logs for more details., Details: Site container: app-devopsapp-task5 terminated during site startup. Cancelling site startup., DetailsLevel: ERR
2026-08-30T12:45:35.2703570+00:00 ContainerStatus: Site: app-devopsapp-task5 stopped.
========== New Cold Start Attempt (2026-08-30T12:45:35.2895260+00:00) ==========
2026-08-30T12:45:35.2895260+00:00 ContainerStatus: State: Stopping, Action: UnmountingVolumes, LastError: ContainerStartupFailure, LastErrorTimestamp: 08/30/2026 12:45:34, LastErrorDetails: Container exited with exit code 1 during startup after 18.0s. Please inspect your container logs for more details., Details: Site container: app-devopsapp-task5 terminated during site startup. Cancelling site startup., DetailsLevel: ERR
2026-08-30T12:45:35.7005788+00:00 ContainerStatus: State: Stopping, Action: StoppingSiteNetworks, LastError: ContainerStartupFailure, LastErrorTimestamp: 08/30/2026 12:45:34, LastErrorDetails: Container exited with exit code 1 during startup after 18.0s. Please inspect your container logs for more details., Details: Site container: app-devopsapp-task5 terminated during site startup. Cancelling site startup., DetailsLevel: ERR
2026-08-30T12:45:35.9977846+00:00 ContainerStatus: Site: app-devopsapp-task5 will be blocked for 1 minutes till 08/30/2026 12:46:35
2026-08-30T12:45:35.9981500+00:00 ContainerStatus: State: Blocked, Action: StoppingSiteNetworks, LastError: ContainerStartupFailure, LastErrorTimestamp: 08/30/2026 12:45:34, LastErrorDetails: Container exited with exit code 1 during startup after 18.0s. Please inspect your container logs for more details., Details: Site: app-devopsapp-task5 will be blocked for 1 minutes till 08/30/2026 12:46:35, DetailsLevel: WARN
2026-08-30T12:45:35.9983031+00:00 ContainerStatus: State: Stopped, Action: None, LastError: ContainerStartupFailure, LastErrorTimestamp: 08/30/2026 12:45:34, LastErrorDetails: Container exited with exit code 1 during startup after 18.0s. Please inspect your container logs for more details., Details: Site stopped at 08/30/2026 12:45:35 (UTC), DetailsLevel: WARN
2026-08-30T12:45:36.2404497+00:00 ContainerStatus: State: Stopped, Action: None, LastError: ContainerStartupFailure, LastErrorTimestamp: 08/30/2026 12:45:34, LastErrorDetails: Container exited with exit code 1 during startup after 18.0s. Please inspect your container logs for more details., Details: Site stopped at 08/30/2026 12:45:35 (UTC), DetailsLevel: WARN
2026-08-30T12:45:45.1752554+00:00 ContainerStatus: State: Blocked, Action: None, LastError: ContainerStartupFailure, LastErrorTimestamp: 08/30/2026 12:45:34, LastErrorDetails: Container exited with exit code 1 during startup after 18.0s. Please inspect your container logs for more details., Details: Site is blocked due to multiple, consecutive cold start failures. Site scheduled to be unblocked at 08/30/2026 12:46:35, DetailsLevel: WARN
2026-08-30T12:45:45.1759188+00:00 ContainerStatus: Start site prohibitted because the site is being blocked.
2026-08-30T12:45:45.3490716+00:00 ContainerStatus: State: Blocked, Action: None, LastError: ContainerStartupFailure, LastErrorTimestamp: 08/30/2026 12:45:34, LastErrorDetails: Container exited with exit code 1 during startup after 18.0s. Please inspect your container logs for more details., Details: Site is blocked due to multiple, consecutive cold start failures. Site scheduled to be unblocked at 08/30/2026 12:46:35, DetailsLevel: WARN
2026-08-30T12:45:45.3490898+00:00 ContainerStatus: Start site prohibitted because the site is being blocked.
2026-08-30T12:46:35.9973420+00:00 ContainerStatus: Site: app-devopsapp-task5 is unblocked.
2026-08-30T12:52:57.7256290+00:00 ContainerStatus: State: Starting, Action: EstablishingSiteNetworks, LastError: ContainerStartupFailure, LastErrorTimestamp: 08/30/2026 12:45:34, LastErrorDetails: Container exited with exit code 1 during startup after 18.0s. Please inspect your container logs for more details., Details: Site is blocked due to multiple, consecutive cold start failures. Site scheduled to be unblocked at 08/30/2026 12:46:35, DetailsLevel: WARN
2026-08-30T12:53:00.1681490+00:00 ContainerStatus: State: Starting, Action: StartingMsiContainer, LastError: ContainerStartupFailure, LastErrorTimestamp: 08/30/2026 12:45:34, LastErrorDetails: Container exited with exit code 1 during startup after 18.0s. Please inspect your container logs for more details., Details: Site is blocked due to multiple, consecutive cold start failures. Site scheduled to be unblocked at 08/30/2026 12:46:35, DetailsLevel: WARN
2026-08-30T12:53:10.3782276+00:00 ContainerStatus: State: Starting, Action: StartingSiteContainers, LastError: ContainerStartupFailure, LastErrorTimestamp: 08/30/2026 12:45:34, LastErrorDetails: Container exited with exit code 1 during startup after 18.0s. Please inspect your container logs for more details., Details: Site is blocked due to multiple, consecutive cold start failures. Site scheduled to be unblocked at 08/30/2026 12:46:35, DetailsLevel: WARN
2026-08-30T12:53:10.3959894+00:00 ContainerStatus: Container start method called.
2026-08-30T12:53:10.3962157+00:00 ContainerStatus: State: Starting, Action: PullingImage, LastError: ContainerStartupFailure, LastErrorTimestamp: 08/30/2026 12:45:34, LastErrorDetails: Container exited with exit code 1 during startup after 18.0s. Please inspect your container logs for more details., Details: Pulling image 10.1.0.4:13209/appsvc/node:20-lts_20260710.8.tuxprod for app-devopsapp-task5., DetailsLevel: INFO
2026-08-30T12:53:10.3962972+00:00 ContainerStatus: Establishing network.
2026-08-30T12:53:10.3965897+00:00 ContainerStatus: Pulling image: appsvc/node:20-lts_20260710.8.tuxprod.
2026-08-30T12:53:10.6242513+00:00 ContainerStatus: Container is starting.
2026-08-30T12:53:10.6243133+00:00 ContainerStatus: State: Starting, Action: MountingVolumes, LastError: ContainerStartupFailure, LastErrorTimestamp: 08/30/2026 12:45:34, LastErrorDetails: Container exited with exit code 1 during startup after 18.0s. Please inspect your container logs for more details., Details: Mounting volumes for app-devopsapp-task5., DetailsLevel: INFO
2026-08-30T12:53:10.6243637+00:00 ContainerStatus: Establishing user namespace if not established already.
2026-08-30T12:53:10.6244081+00:00 ContainerStatus: Establishing network if not established already.
2026-08-30T12:53:10.6244587+00:00 ContainerStatus: Mounting volumes.
2026-08-30T12:53:10.6245238+00:00 ContainerStatus: Nested mountpoint site/wwwroot
2026-08-30T12:53:10.6404281+00:00 ContainerStatus: Nested mountpoint volatile/logs
2026-08-30T12:53:10.6904818+00:00 ContainerStatus: Nested mountpoint 
2026-08-30T12:53:10.6910453+00:00 ContainerStatus: Nested mountpoint 
2026-08-30T12:53:10.7130421+00:00 ContainerStatus: Nested mountpoint 
2026-08-30T12:53:10.7132729+00:00 ContainerStatus: Nested mountpoint 
2026-08-30T12:53:10.7416149+00:00 ContainerStatus: Nested mountpoint 
2026-08-30T12:53:11.3423908+00:00 ContainerStatus: State: Starting, Action: CreatingContainer, LastError: ContainerStartupFailure, LastErrorTimestamp: 08/30/2026 12:45:34, LastErrorDetails: Container exited with exit code 1 during startup after 18.0s. Please inspect your container logs for more details., Details: Finished pulling container image and mounting volumes for app-devopsapp-task5. Allocatinng the rest of the container resources to finish container creation., DetailsLevel: INFO
2026-08-30T12:53:11.3424285+00:00 ContainerStatus: Creating container.
2026-08-30T12:53:11.3424545+00:00 ContainerStatus: Creating pipes for streaming container io.
2026-08-30T12:53:11.3424774+00:00 ContainerStatus: Creating stdout named pipe at /podr/container/pipe/23c0101dda7c_app-devopsapp-task5/stdout_c1bba3343366439c8881f9645a24da70.
2026-08-30T12:53:11.3425615+00:00 ContainerStatus: Successfully created stdout named pipe at: /podr/container/pipe/23c0101dda7c_app-devopsapp-task5/stdout_c1bba3343366439c8881f9645a24da70.
2026-08-30T12:53:11.3425871+00:00 ContainerStatus: Opening named pipe /podr/container/pipe/23c0101dda7c_app-devopsapp-task5/stdout_c1bba3343366439c8881f9645a24da70 for reading in non-blocking mode.
2026-08-30T12:53:11.3426162+00:00 ContainerStatus: Successfully opened named pipe: /podr/container/pipe/23c0101dda7c_app-devopsapp-task5/stdout_c1bba3343366439c8881f9645a24da70.
2026-08-30T12:53:11.3426388+00:00 ContainerStatus: Successfully removed non-blocking flag from /podr/container/pipe/23c0101dda7c_app-devopsapp-task5/stdout_c1bba3343366439c8881f9645a24da70.
2026-08-30T12:53:11.3426821+00:00 ContainerStatus: Creating stderr named pipe at /podr/container/pipe/23c0101dda7c_app-devopsapp-task5/stderr_1d4504f0bedb4062ac918002f93974bb.
2026-08-30T12:53:11.3427215+00:00 ContainerStatus: Successfully created stderr named pipe at: /podr/container/pipe/23c0101dda7c_app-devopsapp-task5/stderr_1d4504f0bedb4062ac918002f93974bb.
2026-08-30T12:53:11.3427441+00:00 ContainerStatus: Opening named pipe /podr/container/pipe/23c0101dda7c_app-devopsapp-task5/stderr_1d4504f0bedb4062ac918002f93974bb for reading in non-blocking mode.
2026-08-30T12:53:11.3427723+00:00 ContainerStatus: Successfully opened named pipe: /podr/container/pipe/23c0101dda7c_app-devopsapp-task5/stderr_1d4504f0bedb4062ac918002f93974bb.
2026-08-30T12:53:11.3427965+00:00 ContainerStatus: Successfully removed non-blocking flag from /podr/container/pipe/23c0101dda7c_app-devopsapp-task5/stderr_1d4504f0bedb4062ac918002f93974bb.
2026-08-30T12:53:11.3428284+00:00 ContainerStatus: Overriding PORT environment variable with pre-calculated port: 8080.
2026-08-30T12:53:11.3428471+00:00 ContainerStatus: Setting value of PORT variable to 8080
2026-08-30T12:53:11.3429020+00:00 ContainerStatus: Creating container with image: appsvc/node:20-lts_20260710.8.tuxprod from registry: 10.1.0.4:13209 and fully qualified image name: 10.1.0.4:13209/appsvc/node:20-lts_20260710.8.tuxprod
2026-08-30T12:53:12.1391494+00:00 ContainerStatus: Starting container: 23c0101dda7c_app-devopsapp-task5.
2026-08-30T12:53:12.1698267+00:00 ContainerStatus: Starting watchers and probes.
2026-08-30T12:53:12.1699259+00:00 ContainerStatus: Starting metrics collection.
2026-08-30T12:53:12.1704655+00:00 ContainerStatus: Container is running.
2026-08-30T12:53:12.1798298+00:00 ContainerStatus: State: Starting, Action: CreatingContainer, LastError: ContainerStartupFailure, LastErrorTimestamp: 08/30/2026 12:45:34, LastErrorDetails: Container exited with exit code 1 during startup after 18.0s. Please inspect your container logs for more details., Details: Container app-devopsapp-task5 successfully created and is running., DetailsLevel: INFO
2026-08-30T12:53:12.3283961+00:00 ContainerStatus: Container start method finished after 1932 ms.
2026-08-30T12:53:12.3284807+00:00 ContainerStatus: State: Starting, Action: InitiatingSiteWarmUpProbe, LastError: ContainerStartupFailure, LastErrorTimestamp: 08/30/2026 12:45:34, LastErrorDetails: Container exited with exit code 1 during startup after 18.0s. Please inspect your container logs for more details., Details: Container app-devopsapp-task5 successfully created and is running., DetailsLevel: INFO
2026-08-30T12:53:12.3284957+00:00 ContainerStatus: State: Starting, Action: WaitingForSiteWarmUpProbeSuccess, LastError: ContainerStartupFailure, LastErrorTimestamp: 08/30/2026 12:45:34, LastErrorDetails: Container exited with exit code 1 during startup after 18.0s. Please inspect your container logs for more details., Details: Pinging warmup path to ensure container is ready to receive requests., DetailsLevel: INFO
2026-08-30T12:53:12.6185625+00:00 ContainerStream:    _____                               
2026-08-30T12:53:12.6185897+00:00 ContainerStream:   /  _  \ __________ _________   ____  
2026-08-30T12:53:12.6185912+00:00 ContainerStream:  /  /_\  \\___   /  |  \_  __ \_/ __ \ 
2026-08-30T12:53:12.6185923+00:00 ContainerStream: /    |    \/    /|  |  /|  | \/\  ___/ 
2026-08-30T12:53:12.6185986+00:00 ContainerStream: \____|__  /_____ \____/ |__|    \___  >
2026-08-30T12:53:12.6185999+00:00 ContainerStream:         \/      \/                  \/ 
2026-08-30T12:53:12.6186010+00:00 ContainerStream: A P P   S E R V I C E   O N   L I N U X
2026-08-30T12:53:12.6186020+00:00 ContainerStream: 
2026-08-30T12:53:12.6186031+00:00 ContainerStream: Documentation    : http://aka.ms/webapp-linux
2026-08-30T12:53:12.6186043+00:00 ContainerStream: NodeJS quickstart: https://aka.ms/node-qs
2026-08-30T12:53:12.6186112+00:00 ContainerStream: NodeJS Version   : v20.20.2
2026-08-30T12:53:12.6186123+00:00 ContainerStream: Instance Name    : lw0sdlwk0000PM
2026-08-30T12:53:12.6186139+00:00 ContainerStream: Instance Id      : a9cebb550e254ba9270d015acd372767c78fa4f3f79fc353fb793f2912e673b3
2026-08-30T12:53:12.6186148+00:00 ContainerStream: 
2026-08-30T12:53:12.6186161+00:00 ContainerStream: Note: Any data outside '/home' is not persisted
2026-08-30T12:53:15.7698548+00:00 ContainerStream: Starting OpenBSD Secure Shell server: sshd.
2026-08-30T12:53:15.7795843+00:00 ContainerStream: WEBSITES_INCLUDE_CLOUD_CERTS is not set to true.
2026-08-30T12:53:15.8199422+00:00 ContainerStream: Updating certificates in /etc/ssl/certs...
2026-08-30T12:53:26.7129380+00:00 ContainerStream: rehash: warning: skipping duplicate certificate in azl_SSL.com_TLS_ECC_Root_CA_2022.pem
2026-08-30T12:53:26.7140345+00:00 ContainerStream: rehash: warning: skipping duplicate certificate in azl_SSL.com_TLS_RSA_Root_CA_2022.pem
2026-08-30T12:53:26.9136444+00:00 ContainerStream: rehash: warning: skipping ca-certificates.crt,it does not contain exactly one certificate or CRL
2026-08-30T12:53:26.9530285+00:00 ContainerStream: 4 added, 0 removed; done.
2026-08-30T12:53:26.9540079+00:00 ContainerStream: Running hooks in /etc/ca-certificates/update.d...
2026-08-30T12:53:26.9634145+00:00 ContainerStream: done.
2026-08-30T12:53:26.9827959+00:00 ContainerStream: CA certificates copied and updated successfully.
2026-08-30T12:53:27.1038088+00:00 ContainerStream: Starting periodic command scheduler: cron.
2026-08-30T12:53:27.2845856+00:00 ContainerStream: Could not find build manifest file at '/home/site/wwwroot/oryx-manifest.toml'
2026-08-30T12:53:27.2852526+00:00 ContainerStream: Could not find operation ID in manifest. Generating an operation id...
2026-08-30T12:53:27.2940107+00:00 ContainerStream: Build Operation ID: 42f2c47a-a064-4ec5-8b74-9f23ecf4aefc
2026-08-30T12:53:28.0429294+00:00 ContainerStream: Environment Variables for Application Insight's IPA Codeless Configuration exists..
2026-08-30T12:53:28.1825263+00:00 ContainerStream: Writing output script to '/opt/startup/startup.sh'
2026-08-30T12:53:28.3633645+00:00 ContainerStream: Running #!/bin/sh
2026-08-30T12:53:28.3633892+00:00 ContainerStream: 
2026-08-30T12:53:28.3633916+00:00 ContainerStream: # Enter the source directory to make sure the script runs where the user expects
2026-08-30T12:53:28.3633927+00:00 ContainerStream: cd "/home/site/wwwroot"
2026-08-30T12:53:28.3633939+00:00 ContainerStream: 
2026-08-30T12:53:28.3633955+00:00 ContainerStream: export NODE_PATH=/usr/local/lib/node_modules:$NODE_PATH
2026-08-30T12:53:28.3633966+00:00 ContainerStream: if [ -z "$PORT" ]; then
2026-08-30T12:53:28.3633978+00:00 ContainerStream: 		export PORT=8080
2026-08-30T12:53:28.3633988+00:00 ContainerStream: fi
2026-08-30T12:53:28.3633997+00:00 ContainerStream: 
2026-08-30T12:53:28.3639934+00:00 ContainerStream: PATH="$PATH:/home/site/wwwroot" npm start
2026-08-30T12:53:30.0346390+00:00 ContainerStream: npm info using npm@10.9.2
2026-08-30T12:53:30.0355137+00:00 ContainerStream: npm info using node@v20.20.2
2026-08-30T12:53:31.4444704+00:00 ContainerStream: 
2026-08-30T12:53:31.4444920+00:00 ContainerStream: > task5-app@1.0.0 start
2026-08-30T12:53:31.4444937+00:00 ContainerStream: > node server.js
2026-08-30T12:53:31.4444947+00:00 ContainerStream: 
2026-08-30T12:53:31.6750154+00:00 ContainerStream: node:internal/modules/cjs/loader:1210
2026-08-30T12:53:31.6750359+00:00 ContainerStream:   throw err;
2026-08-30T12:53:31.6750375+00:00 ContainerStream:   ^
2026-08-30T12:53:31.6750386+00:00 ContainerStream: 
2026-08-30T12:53:31.6750398+00:00 ContainerStream: Error: Cannot find module 'express'
2026-08-30T12:53:31.6750414+00:00 ContainerStream: Require stack:
2026-08-30T12:53:31.6750451+00:00 ContainerStream: - /home/site/wwwroot/server.js
2026-08-30T12:53:31.6750466+00:00 ContainerStream:     at Module._resolveFilename (node:internal/modules/cjs/loader:1207:15)
2026-08-30T12:53:31.6750479+00:00 ContainerStream:     at Module._load (node:internal/modules/cjs/loader:1038:27)
2026-08-30T12:53:31.6750492+00:00 ContainerStream:     at Module.require (node:internal/modules/cjs/loader:1289:19)
2026-08-30T12:53:31.6750505+00:00 ContainerStream:     at require (node:internal/modules/helpers:182:18)
2026-08-30T12:53:31.6750517+00:00 ContainerStream:     at Object.<anonymous> (/home/site/wwwroot/server.js:1:17)
2026-08-30T12:53:31.6750530+00:00 ContainerStream:     at Module._compile (node:internal/modules/cjs/loader:1521:14)
2026-08-30T12:53:31.6750542+00:00 ContainerStream:     at Module._extensions..js (node:internal/modules/cjs/loader:1623:10)
2026-08-30T12:53:31.6750553+00:00 ContainerStream:     at Module.load (node:internal/modules/cjs/loader:1266:32)
2026-08-30T12:53:31.6750565+00:00 ContainerStream:     at Module._load (node:internal/modules/cjs/loader:1091:12)
2026-08-30T12:53:31.6750579+00:00 ContainerStream:     at Function.executeUserEntryPoint [as runMain] (node:internal/modules/run_main:164:12) {
2026-08-30T12:53:31.6750591+00:00 ContainerStream:   code: 'MODULE_NOT_FOUND',
2026-08-30T12:53:31.6750615+00:00 ContainerStream:   requireStack: [ '/home/site/wwwroot/server.js' ]
2026-08-30T12:53:31.6750625+00:00 ContainerStream: }
2026-08-30T12:53:31.6759146+00:00 ContainerStream: 
2026-08-30T12:53:31.6759270+00:00 ContainerStream: Node.js v20.20.2
2026-08-30T12:53:31.7851016+00:00 ContainerStatus: Container has finished running with exit code: 1.
2026-08-30T12:53:31.7852262+00:00 ContainerStatus: Container is terminating. Grace period: 5 seconds.
2026-08-30T12:53:31.8075215+00:00 ContainerStatus: Stop and delete container. Retry count = 0
2026-08-30T12:53:31.8078968+00:00 ContainerStatus: Stopping container: 23c0101dda7c_app-devopsapp-task5.
2026-08-30T12:53:31.8646188+00:00 ContainerStatus: Deleting container: 23c0101dda7c_app-devopsapp-task5. Retry count = 0
2026-08-30T12:53:32.1038517+00:00 ContainerStatus: Container spec TerminationMessagePolicy  path 
2026-08-30T12:53:32.1065787+00:00 ContainerStatus: Container is terminated. Total time elapsed: 320 ms.
2026-08-30T12:53:32.1068599+00:00 ContainerStatus: Site container: app-devopsapp-task5 terminated during site startup.
2026-08-30T12:53:32.1149187+00:00 ContainerStatus: State: Stopping, Action: CancellingStartup, LastError: ContainerStartupFailure, LastErrorTimestamp: 08/30/2026 12:45:34, LastErrorDetails: Container exited with exit code 1 during startup after 18.0s. Please inspect your container logs for more details., Details: Site container: app-devopsapp-task5 terminated during site startup. Cancelling site startup., DetailsLevel: ERR
2026-08-30T12:53:32.1736069+00:00 ContainerStatus: Site startup probe failed after 19.8064052 seconds.
2026-08-30T12:53:32.4651568+00:00 ContainerStatus: State: Stopping, Action: CancellingStartup, LastError: ContainerStartupFailure, LastErrorTimestamp: 08/30/2026 12:53:32, LastErrorDetails: Container exited with exit code 1 during startup after 19.9s. Please inspect your container logs for more details., Details: Site container: app-devopsapp-task5 terminated during site startup. Cancelling site startup., DetailsLevel: ERR
2026-08-30T12:53:32.4937464+00:00 ContainerStatus: Failed to start site. Revert by stopping site.
2026-08-30T12:53:32.4939420+00:00 ContainerStatus: State: Stopping, Action: StoppingSite, LastError: ContainerStartupFailure, LastErrorTimestamp: 08/30/2026 12:53:32, LastErrorDetails: Container exited with exit code 1 during startup after 19.9s. Please inspect your container logs for more details., Details: Site container: app-devopsapp-task5 terminated during site startup. Cancelling site startup., DetailsLevel: ERR
2026-08-30T12:53:32.4941713+00:00 ContainerStatus: State: Stopping, Action: StoppingSiteContainers, LastError: ContainerStartupFailure, LastErrorTimestamp: 08/30/2026 12:53:32, LastErrorDetails: Container exited with exit code 1 during startup after 19.9s. Please inspect your container logs for more details., Details: Site container: app-devopsapp-task5 terminated during site startup. Cancelling site startup., DetailsLevel: ERR
2026-08-30T12:53:32.7741611+00:00 ContainerStatus: Site container: app-devopsapp-task5_managedIdentity terminated during site startup.
2026-08-30T12:53:32.7742310+00:00 ContainerStatus: State: Stopping, Action: StoppingSiteContainers, LastError: ContainerStartupFailure, LastErrorTimestamp: 08/30/2026 12:53:32, LastErrorDetails: Container exited with exit code 1 during startup after 19.9s. Please inspect your container logs for more details., Details: Site container: app-devopsapp-task5 terminated during site startup. Cancelling site startup., DetailsLevel: ERR
2026-08-30T12:53:32.7742948+00:00 ContainerStatus: Site: app-devopsapp-task5 stopped.
========== New Cold Start Attempt (2026-08-30T12:53:32.7953196+00:00) ==========
2026-08-30T12:53:32.7953196+00:00 ContainerStatus: State: Stopping, Action: UnmountingVolumes, LastError: ContainerStartupFailure, LastErrorTimestamp: 08/30/2026 12:53:32, LastErrorDetails: Container exited with exit code 1 during startup after 19.9s. Please inspect your container logs for more details., Details: Site container: app-devopsapp-task5 terminated during site startup. Cancelling site startup., DetailsLevel: ERR
2026-08-30T12:53:33.2461510+00:00 ContainerStatus: State: Stopping, Action: StoppingSiteNetworks, LastError: ContainerStartupFailure, LastErrorTimestamp: 08/30/2026 12:53:32, LastErrorDetails: Container exited with exit code 1 during startup after 19.9s. Please inspect your container logs for more details., Details: Site container: app-devopsapp-task5 terminated during site startup. Cancelling site startup., DetailsLevel: ERR
2026-08-30T12:53:33.5465867+00:00 ContainerStatus: Site: app-devopsapp-task5 will be blocked for 2 minutes till 08/30/2026 12:55:33
2026-08-30T12:53:33.5544275+00:00 ContainerStatus: State: Blocked, Action: StoppingSiteNetworks, LastError: ContainerStartupFailure, LastErrorTimestamp: 08/30/2026 12:53:32, LastErrorDetails: Container exited with exit code 1 during startup after 19.9s. Please inspect your container logs for more details., Details: Site: app-devopsapp-task5 will be blocked for 2 minutes till 08/30/2026 12:55:33, DetailsLevel: WARN
2026-08-30T12:53:33.5552532+00:00 ContainerStatus: State: Stopped, Action: None, LastError: ContainerStartupFailure, LastErrorTimestamp: 08/30/2026 12:53:32, LastErrorDetails: Container exited with exit code 1 during startup after 19.9s. Please inspect your container logs for more details., Details: Site stopped at 08/30/2026 12:53:33 (UTC), DetailsLevel: WARN
2026-08-30T12:53:33.8381544+00:00 ContainerStatus: State: Stopped, Action: None, LastError: ContainerStartupFailure, LastErrorTimestamp: 08/30/2026 12:53:32, LastErrorDetails: Container exited with exit code 1 during startup after 19.9s. Please inspect your container logs for more details., Details: Site stopped at 08/30/2026 12:53:33 (UTC), DetailsLevel: WARN
2026-08-30T12:53:34.0060663+00:00 ContainerStatus: State: Blocked, Action: None, LastError: ContainerStartupFailure, LastErrorTimestamp: 08/30/2026 12:53:32, LastErrorDetails: Container exited with exit code 1 during startup after 19.9s. Please inspect your container logs for more details., Details: Site is blocked due to multiple, consecutive cold start failures. Site scheduled to be unblocked at 08/30/2026 12:55:33, DetailsLevel: WARN
2026-08-30T12:53:34.0061371+00:00 ContainerStatus: Start site prohibitted because the site is being blocked.
2026-08-30T12:55:33.5449720+00:00 ContainerStatus: Site: app-devopsapp-task5 is unblocked.
2026-08-30T13:27:57.2641069+00:00 ContainerStatus: State: Starting, Action: EstablishingSiteNetworks, LastError: ContainerStartupFailure, LastErrorTimestamp: 08/30/2026 12:53:32, LastErrorDetails: Container exited with exit code 1 during startup after 19.9s. Please inspect your container logs for more details., Details: Site is blocked due to multiple, consecutive cold start failures. Site scheduled to be unblocked at 08/30/2026 12:55:33, DetailsLevel: WARN
2026-08-30T13:27:59.4695628+00:00 ContainerStatus: State: Starting, Action: StartingMsiContainer, LastError: ContainerStartupFailure, LastErrorTimestamp: 08/30/2026 12:53:32, LastErrorDetails: Container exited with exit code 1 during startup after 19.9s. Please inspect your container logs for more details., Details: Site is blocked due to multiple, consecutive cold start failures. Site scheduled to be unblocked at 08/30/2026 12:55:33, DetailsLevel: WARN
2026-08-30T13:28:10.6790166+00:00 ContainerStatus: State: Starting, Action: StartingSiteContainers, LastError: ContainerStartupFailure, LastErrorTimestamp: 08/30/2026 12:53:32, LastErrorDetails: Container exited with exit code 1 during startup after 19.9s. Please inspect your container logs for more details., Details: Site is blocked due to multiple, consecutive cold start failures. Site scheduled to be unblocked at 08/30/2026 12:55:33, DetailsLevel: WARN
2026-08-30T13:28:10.6791892+00:00 ContainerStatus: Container start method called.
2026-08-30T13:28:10.6792985+00:00 ContainerStatus: State: Starting, Action: PullingImage, LastError: ContainerStartupFailure, LastErrorTimestamp: 08/30/2026 12:53:32, LastErrorDetails: Container exited with exit code 1 during startup after 19.9s. Please inspect your container logs for more details., Details: Pulling image 10.1.0.4:13209/appsvc/node:20-lts_20260710.8.tuxprod for app-devopsapp-task5., DetailsLevel: INFO
2026-08-30T13:28:10.6796387+00:00 ContainerStatus: Establishing network.
2026-08-30T13:28:10.6797878+00:00 ContainerStatus: Pulling image: appsvc/node:20-lts_20260710.8.tuxprod.
2026-08-30T13:28:10.8726143+00:00 ContainerStatus: Container is starting.
2026-08-30T13:28:10.8726530+00:00 ContainerStatus: State: Starting, Action: MountingVolumes, LastError: ContainerStartupFailure, LastErrorTimestamp: 08/30/2026 12:53:32, LastErrorDetails: Container exited with exit code 1 during startup after 19.9s. Please inspect your container logs for more details., Details: Mounting volumes for app-devopsapp-task5., DetailsLevel: INFO
2026-08-30T13:28:10.8726793+00:00 ContainerStatus: Establishing user namespace if not established already.
2026-08-30T13:28:10.8727025+00:00 ContainerStatus: Establishing network if not established already.
2026-08-30T13:28:10.8727323+00:00 ContainerStatus: Mounting volumes.
2026-08-30T13:28:10.8731207+00:00 ContainerStatus: Nested mountpoint site/wwwroot
2026-08-30T13:28:10.9014974+00:00 ContainerStatus: Nested mountpoint volatile/logs
2026-08-30T13:28:10.9130207+00:00 ContainerStatus: Nested mountpoint 
2026-08-30T13:28:10.9735600+00:00 ContainerStatus: Nested mountpoint 
2026-08-30T13:28:11.0923613+00:00 ContainerStatus: Nested mountpoint 
2026-08-30T13:28:11.1123096+00:00 ContainerStatus: Nested mountpoint 
2026-08-30T13:28:11.1136307+00:00 ContainerStatus: Nested mountpoint 
2026-08-30T13:28:11.5131037+00:00 ContainerStatus: State: Starting, Action: CreatingContainer, LastError: ContainerStartupFailure, LastErrorTimestamp: 08/30/2026 12:53:32, LastErrorDetails: Container exited with exit code 1 during startup after 19.9s. Please inspect your container logs for more details., Details: Finished pulling container image and mounting volumes for app-devopsapp-task5. Allocatinng the rest of the container resources to finish container creation., DetailsLevel: INFO
2026-08-30T13:28:11.5131674+00:00 ContainerStatus: Creating container.
2026-08-30T13:28:11.5132132+00:00 ContainerStatus: Creating pipes for streaming container io.
2026-08-30T13:28:11.5132547+00:00 ContainerStatus: Creating stdout named pipe at /podr/container/pipe/c2d49d1d72ca_app-devopsapp-task5/stdout_01c6761d500c4e028b356bcd92c1c7b7.
2026-08-30T13:28:11.5133610+00:00 ContainerStatus: Successfully created stdout named pipe at: /podr/container/pipe/c2d49d1d72ca_app-devopsapp-task5/stdout_01c6761d500c4e028b356bcd92c1c7b7.
2026-08-30T13:28:11.5135405+00:00 ContainerStatus: Opening named pipe /podr/container/pipe/c2d49d1d72ca_app-devopsapp-task5/stdout_01c6761d500c4e028b356bcd92c1c7b7 for reading in non-blocking mode.
2026-08-30T13:28:11.5136101+00:00 ContainerStatus: Successfully opened named pipe: /podr/container/pipe/c2d49d1d72ca_app-devopsapp-task5/stdout_01c6761d500c4e028b356bcd92c1c7b7.
2026-08-30T13:28:11.5137054+00:00 ContainerStatus: Successfully removed non-blocking flag from /podr/container/pipe/c2d49d1d72ca_app-devopsapp-task5/stdout_01c6761d500c4e028b356bcd92c1c7b7.
2026-08-30T13:28:11.5137806+00:00 ContainerStatus: Creating stderr named pipe at /podr/container/pipe/c2d49d1d72ca_app-devopsapp-task5/stderr_4eb19276530f42e39528563b0fd3d1d8.
2026-08-30T13:28:11.5138966+00:00 ContainerStatus: Successfully created stderr named pipe at: /podr/container/pipe/c2d49d1d72ca_app-devopsapp-task5/stderr_4eb19276530f42e39528563b0fd3d1d8.
2026-08-30T13:28:11.5140147+00:00 ContainerStatus: Opening named pipe /podr/container/pipe/c2d49d1d72ca_app-devopsapp-task5/stderr_4eb19276530f42e39528563b0fd3d1d8 for reading in non-blocking mode.
2026-08-30T13:28:11.5140681+00:00 ContainerStatus: Successfully opened named pipe: /podr/container/pipe/c2d49d1d72ca_app-devopsapp-task5/stderr_4eb19276530f42e39528563b0fd3d1d8.
2026-08-30T13:28:11.5141832+00:00 ContainerStatus: Successfully removed non-blocking flag from /podr/container/pipe/c2d49d1d72ca_app-devopsapp-task5/stderr_4eb19276530f42e39528563b0fd3d1d8.
2026-08-30T13:28:11.5143938+00:00 ContainerStatus: Overriding PORT environment variable with pre-calculated port: 8080.
2026-08-30T13:28:11.5144376+00:00 ContainerStatus: Setting value of PORT variable to 8080
2026-08-30T13:28:11.5145101+00:00 ContainerStatus: Creating container with image: appsvc/node:20-lts_20260710.8.tuxprod from registry: 10.1.0.4:13209 and fully qualified image name: 10.1.0.4:13209/appsvc/node:20-lts_20260710.8.tuxprod
2026-08-30T13:28:12.2419520+00:00 ContainerStatus: Starting container: c2d49d1d72ca_app-devopsapp-task5.
2026-08-30T13:28:12.2771529+00:00 ContainerStatus: Starting watchers and probes.
2026-08-30T13:28:12.2778521+00:00 ContainerStatus: Starting metrics collection.
2026-08-30T13:28:12.2779241+00:00 ContainerStatus: Container is running.
2026-08-30T13:28:12.2876356+00:00 ContainerStatus: State: Starting, Action: CreatingContainer, LastError: ContainerStartupFailure, LastErrorTimestamp: 08/30/2026 12:53:32, LastErrorDetails: Container exited with exit code 1 during startup after 19.9s. Please inspect your container logs for more details., Details: Container app-devopsapp-task5 successfully created and is running., DetailsLevel: INFO
2026-08-30T13:28:12.3968292+00:00 ContainerStatus: Container start method finished after 1717 ms.
2026-08-30T13:28:12.3968947+00:00 ContainerStatus: State: Starting, Action: InitiatingSiteWarmUpProbe, LastError: ContainerStartupFailure, LastErrorTimestamp: 08/30/2026 12:53:32, LastErrorDetails: Container exited with exit code 1 during startup after 19.9s. Please inspect your container logs for more details., Details: Container app-devopsapp-task5 successfully created and is running., DetailsLevel: INFO
2026-08-30T13:28:12.4252807+00:00 ContainerStatus: State: Starting, Action: WaitingForSiteWarmUpProbeSuccess, LastError: ContainerStartupFailure, LastErrorTimestamp: 08/30/2026 12:53:32, LastErrorDetails: Container exited with exit code 1 during startup after 19.9s. Please inspect your container logs for more details., Details: Pinging warmup path to ensure container is ready to receive requests., DetailsLevel: INFO
2026-08-30T13:28:12.6468511+00:00 ContainerStream:    _____                               
2026-08-30T13:28:12.6468813+00:00 ContainerStream:   /  _  \ __________ _________   ____  
2026-08-30T13:28:12.6468829+00:00 ContainerStream:  /  /_\  \\___   /  |  \_  __ \_/ __ \ 
2026-08-30T13:28:12.6468840+00:00 ContainerStream: /    |    \/    /|  |  /|  | \/\  ___/ 
2026-08-30T13:28:12.6468851+00:00 ContainerStream: \____|__  /_____ \____/ |__|    \___  >
2026-08-30T13:28:12.6468862+00:00 ContainerStream:         \/      \/                  \/ 
2026-08-30T13:28:12.6468874+00:00 ContainerStream: A P P   S E R V I C E   O N   L I N U X
2026-08-30T13:28:12.6468883+00:00 ContainerStream: 
2026-08-30T13:28:12.6468896+00:00 ContainerStream: Documentation    : http://aka.ms/webapp-linux
2026-08-30T13:28:12.6468911+00:00 ContainerStream: NodeJS quickstart: https://aka.ms/node-qs
2026-08-30T13:28:12.6468923+00:00 ContainerStream: NodeJS Version   : v20.20.2
2026-08-30T13:28:12.6468936+00:00 ContainerStream: Instance Name    : lw0sdlwk0000PM
2026-08-30T13:28:12.6468951+00:00 ContainerStream: Instance Id      : a9cebb550e254ba9270d015acd372767c78fa4f3f79fc353fb793f2912e673b3
2026-08-30T13:28:12.6468972+00:00 ContainerStream: 
2026-08-30T13:28:12.6468985+00:00 ContainerStream: Note: Any data outside '/home' is not persisted
2026-08-30T13:28:14.9276976+00:00 ContainerStream: Starting OpenBSD Secure Shell server: sshd.
2026-08-30T13:28:14.9470998+00:00 ContainerStream: WEBSITES_INCLUDE_CLOUD_CERTS is not set to true.
2026-08-30T13:28:14.9787106+00:00 ContainerStream: Updating certificates in /etc/ssl/certs...
2026-08-30T13:28:26.2226171+00:00 ContainerStream: rehash: warning: skipping duplicate certificate in azl_SSL.com_TLS_ECC_Root_CA_2022.pem
2026-08-30T13:28:26.2237273+00:00 ContainerStream: rehash: warning: skipping duplicate certificate in azl_SSL.com_TLS_RSA_Root_CA_2022.pem
2026-08-30T13:28:26.3931739+00:00 ContainerStream: rehash: warning: skipping ca-certificates.crt,it does not contain exactly one certificate or CRL
2026-08-30T13:28:26.4342502+00:00 ContainerStream: 4 added, 0 removed; done.
2026-08-30T13:28:26.4419742+00:00 ContainerStream: Running hooks in /etc/ca-certificates/update.d...
2026-08-30T13:28:26.4512104+00:00 ContainerStream: done.
2026-08-30T13:28:26.4639546+00:00 ContainerStream: CA certificates copied and updated successfully.
2026-08-30T13:28:26.6524712+00:00 ContainerStream: Starting periodic command scheduler: cron.
2026-08-30T13:28:26.8152759+00:00 ContainerStream: Could not find build manifest file at '/home/site/wwwroot/oryx-manifest.toml'
2026-08-30T13:28:26.8216672+00:00 ContainerStream: Could not find operation ID in manifest. Generating an operation id...
2026-08-30T13:28:26.8221768+00:00 ContainerStream: Build Operation ID: 6ee4fca7-e748-4b8f-992d-96a6ae8255dc
2026-08-30T13:28:27.4628028+00:00 ContainerStream: Environment Variables for Application Insight's IPA Codeless Configuration exists..
2026-08-30T13:28:27.6323867+00:00 ContainerStream: Writing output script to '/opt/startup/startup.sh'
2026-08-30T13:28:27.8048124+00:00 ContainerStream: Running #!/bin/sh
2026-08-30T13:28:27.8048328+00:00 ContainerStream: 
2026-08-30T13:28:27.8048347+00:00 ContainerStream: # Enter the source directory to make sure the script runs where the user expects
2026-08-30T13:28:27.8048358+00:00 ContainerStream: cd "/home/site/wwwroot"
2026-08-30T13:28:27.8048368+00:00 ContainerStream: 
2026-08-30T13:28:27.8048380+00:00 ContainerStream: export NODE_PATH=/usr/local/lib/node_modules:$NODE_PATH
2026-08-30T13:28:27.8048392+00:00 ContainerStream: if [ -z "$PORT" ]; then
2026-08-30T13:28:27.8048408+00:00 ContainerStream: 		export PORT=8080
2026-08-30T13:28:27.8048420+00:00 ContainerStream: fi
2026-08-30T13:28:27.8048430+00:00 ContainerStream: 
2026-08-30T13:28:27.8130705+00:00 ContainerStream: PATH="$PATH:/home/site/wwwroot" npm start
2026-08-30T13:28:29.1158276+00:00 ContainerStream: npm info using npm@10.9.2
2026-08-30T13:28:29.1235796+00:00 ContainerStream: npm info using node@v20.20.2
2026-08-30T13:28:30.7833336+00:00 ContainerStream: 
2026-08-30T13:28:30.7833574+00:00 ContainerStream: > task5-app@1.0.0 start
2026-08-30T13:28:30.7833590+00:00 ContainerStream: > node server.js
2026-08-30T13:28:30.7833601+00:00 ContainerStream: 
2026-08-30T13:28:30.9649511+00:00 ContainerStream: node:internal/modules/cjs/loader:1210
2026-08-30T13:28:30.9649796+00:00 ContainerStream:   throw err;
2026-08-30T13:28:30.9649816+00:00 ContainerStream:   ^
2026-08-30T13:28:30.9649832+00:00 ContainerStream: 
2026-08-30T13:28:30.9649846+00:00 ContainerStream: Error: Cannot find module 'express'
2026-08-30T13:28:30.9649858+00:00 ContainerStream: Require stack:
2026-08-30T13:28:30.9649996+00:00 ContainerStream: - /home/site/wwwroot/server.js
2026-08-30T13:28:30.9650011+00:00 ContainerStream:     at Module._resolveFilename (node:internal/modules/cjs/loader:1207:15)
2026-08-30T13:28:30.9650024+00:00 ContainerStream:     at Module._load (node:internal/modules/cjs/loader:1038:27)
2026-08-30T13:28:30.9650037+00:00 ContainerStream:     at Module.require (node:internal/modules/cjs/loader:1289:19)
2026-08-30T13:28:30.9650049+00:00 ContainerStream:     at require (node:internal/modules/helpers:182:18)
2026-08-30T13:28:30.9650063+00:00 ContainerStream:     at Object.<anonymous> (/home/site/wwwroot/server.js:1:17)
2026-08-30T13:28:30.9650075+00:00 ContainerStream:     at Module._compile (node:internal/modules/cjs/loader:1521:14)
2026-08-30T13:28:30.9650088+00:00 ContainerStream:     at Module._extensions..js (node:internal/modules/cjs/loader:1623:10)
2026-08-30T13:28:30.9650101+00:00 ContainerStream:     at Module.load (node:internal/modules/cjs/loader:1266:32)
2026-08-30T13:28:30.9650114+00:00 ContainerStream:     at Module._load (node:internal/modules/cjs/loader:1091:12)
2026-08-30T13:28:30.9650128+00:00 ContainerStream:     at Function.executeUserEntryPoint [as runMain] (node:internal/modules/run_main:164:12) {
2026-08-30T13:28:30.9650140+00:00 ContainerStream:   code: 'MODULE_NOT_FOUND',
2026-08-30T13:28:30.9650169+00:00 ContainerStream:   requireStack: [ '/home/site/wwwroot/server.js' ]
2026-08-30T13:28:30.9650181+00:00 ContainerStream: }
2026-08-30T13:28:30.9657971+00:00 ContainerStream: 
2026-08-30T13:28:30.9658033+00:00 ContainerStream: Node.js v20.20.2
2026-08-30T13:28:31.0749415+00:00 ContainerStatus: Container has finished running with exit code: 1.
2026-08-30T13:28:31.0751984+00:00 ContainerStatus: Container is terminating. Grace period: 5 seconds.
2026-08-30T13:28:31.0754762+00:00 ContainerStatus: Stop and delete container. Retry count = 0
2026-08-30T13:28:31.0755335+00:00 ContainerStatus: Stopping container: c2d49d1d72ca_app-devopsapp-task5.
2026-08-30T13:28:31.1576810+00:00 ContainerStatus: Deleting container: c2d49d1d72ca_app-devopsapp-task5. Retry count = 0
2026-08-30T13:28:31.3810033+00:00 ContainerStatus: Container spec TerminationMessagePolicy  path 
2026-08-30T13:28:31.3892524+00:00 ContainerStatus: Container is terminated. Total time elapsed: 313 ms.
2026-08-30T13:28:31.3894256+00:00 ContainerStatus: Site container: app-devopsapp-task5 terminated during site startup.
2026-08-30T13:28:31.3894980+00:00 ContainerStatus: State: Stopping, Action: CancellingStartup, LastError: ContainerStartupFailure, LastErrorTimestamp: 08/30/2026 12:53:32, LastErrorDetails: Container exited with exit code 1 during startup after 19.9s. Please inspect your container logs for more details., Details: Site container: app-devopsapp-task5 terminated during site startup. Cancelling site startup., DetailsLevel: ERR
2026-08-30T13:28:31.4810520+00:00 ContainerStatus: Site startup probe failed after 18.9846533 seconds.
2026-08-30T13:28:31.7314079+00:00 ContainerStatus: State: Stopping, Action: CancellingStartup, LastError: ContainerStartupFailure, LastErrorTimestamp: 08/30/2026 13:28:31, LastErrorDetails: Container exited with exit code 1 during startup after 19.1s. Please inspect your container logs for more details., Details: Site container: app-devopsapp-task5 terminated during site startup. Cancelling site startup., DetailsLevel: ERR
2026-08-30T13:28:31.7500050+00:00 ContainerStatus: Failed to start site. Revert by stopping site.
2026-08-30T13:28:31.7502981+00:00 ContainerStatus: State: Stopping, Action: StoppingSite, LastError: ContainerStartupFailure, LastErrorTimestamp: 08/30/2026 13:28:31, LastErrorDetails: Container exited with exit code 1 during startup after 19.1s. Please inspect your container logs for more details., Details: Site container: app-devopsapp-task5 terminated during site startup. Cancelling site startup., DetailsLevel: ERR
2026-08-30T13:28:31.7509875+00:00 ContainerStatus: State: Stopping, Action: StoppingSiteContainers, LastError: ContainerStartupFailure, LastErrorTimestamp: 08/30/2026 13:28:31, LastErrorDetails: Container exited with exit code 1 during startup after 19.1s. Please inspect your container logs for more details., Details: Site container: app-devopsapp-task5 terminated during site startup. Cancelling site startup., DetailsLevel: ERR
2026-08-30T13:28:32.0560835+00:00 ContainerStatus: Site container: app-devopsapp-task5_managedIdentity terminated during site startup.
2026-08-30T13:28:32.0565747+00:00 ContainerStatus: State: Stopping, Action: StoppingSiteContainers, LastError: ContainerStartupFailure, LastErrorTimestamp: 08/30/2026 13:28:31, LastErrorDetails: Container exited with exit code 1 during startup after 19.1s. Please inspect your container logs for more details., Details: Site container: app-devopsapp-task5 terminated during site startup. Cancelling site startup., DetailsLevel: ERR
2026-08-30T13:28:32.0567358+00:00 ContainerStatus: Site: app-devopsapp-task5 stopped.
